id,author,text,topic_label,sentiment,created
cz2lgpx,The-Doctor-94,There was an AMA on here a while back that said something along the lines of this.,Jobs & money,0.0,2016-01-18 11:02:12
cpvcruj,NoodleBox,"thanks

(really thought i was at /r/melbournecirclejerk then)",Politics & traffic,0.4404,2015-03-30 08:40:17
e2xaltw,electronicwhale,"I'd rather they finish the Outer Metropolitan Ring Road and finally get a decent bypass for the eastern suburbs to the airport.

And I'd rather not give Transurban more of a motorway monopoly, but they're one of the only motorway construction companies of scale in Australia, so there's not really much alternative short of getting a non-Australian company to do it. Shame governments have let it come to this, really.",Opinions & public issues,-0.631,2018-07-24 03:08:54
e41ir3u,joelsch22,"Yeah I'm just stirring you mate, nothing worse than trying to get off the train at Box Hill when a bunch of people try to push past to get on",Casual chat & reactions,0.5795,2018-08-12 03:20:41
e8nqr4k,tesailes,"Actually normal codenames has a two people play mode, as well as the duet option",Opinions & public issues,0.5423,2018-10-29 12:45:13
d64p9da,Hola1256,"Two way, you can go from a to b and vice versa, or from c back to a if you want",Casual chat & reactions,0.0772,2016-08-05 00:22:08
dch5q37,eatawholebison,Less than you'd think. Lots of those big biting ones in the day but once you're up high on the Razorback or something there's not so many. Compared to a hike I did on the Great Ocean Walk a while back where there were hundreds it was fine.,"Cars, bikes & police",0.8338,2017-01-16 00:06:11
e49w3wu,Deethreekay,It's worth noting that if you're travelling exclusively in Zone 2 (which is route 75 and I think just one other) it's cheaper if you touch on and off.,Casual chat & reactions,0.2263,2018-08-16 03:54:29
drii6ud,clairen,"Yeah but who cares. Most the shit that gets posted here doesn't achieve anything.
If I wanted a seat I would have asked her to move. Im not shy and not passive aggressive. Not everyone on here hides behind their phones. I'm a grown up and when I want or need something I ask for it. 
It actually didn't bother me because I stand on the train. 
I just thought it's an interesting observation of human behaviour, ie how a person can be so oblivious to their surroundings or not care for the needs of fellow humans or not realise it's a shared space, or have different values about that stuff.",Jobs & money,0.8352,2017-12-20 09:10:32
c79tj59,hearpaulroar,That's when my friend gets off work.,Local life & places,0.4939,2012-12-02 01:21:32
chox708,alphabeat,I'm too tight for GABS. Might go to Mt Goat tonight and spend the ticket money on booze. Drag yourself out,"Cars, bikes & police",-0.2263,2014-05-23 01:51:17
e7xevrx,wharblgarbl,To the charge perhaps. You can plead not guilty to murder but guilty to manslaughter for instance,Work hours & uni,-0.1692,2018-10-17 10:58:44
dz899fl,stonefree251,Your meme is bad and you should feel bad.,Politics & traffic,-0.7906,2018-05-19 08:26:28
c6bsbxr,MOTTYC,Wow my old washer has a ding in the front just like yours,Jobs & money,0.743,2012-09-22 10:22:47
c6dk4zl,GatlingCat,"Pellegrini's, Block Arcade, Jam Factory/chapel and don't forget the filthy filthy yarra river : )",Casual chat & reactions,-0.3036,2012-09-26 04:19:13
cg3m970,Lerder,"Thanks for linking them, good cheap alternative for when I'm stuck.","Cars, bikes & police",0.5859,2014-03-16 01:12:08
c7p6i2e,Comfort-Eagle,"Yep, i'll PM you one of the guys FB page.",Local life & places,0.296,2013-01-01 11:28:41
dgwpdhf,Trufa_,"Vinings season 4 it is! :) 

Hope you had a great time!",Local life & places,0.8906,2017-04-29 14:06:40
e6pb04a,Spanjeweg_8,"There's cold turkey, wake up at 5am until your body decides it's enough. 

Or I've seen a lot of people do 5 minute increments over a couple of months. Apparently this is much easier to get used to but requires a lot more discipline.",Local life & places,0.2263,2018-09-26 23:35:08
d6bp9fp,bren_gunner,"Yeah coz tradies arent just ordinary road users like everyone else. /s 

Totally like how EVERY bmw driver is a tossa. There has literally NEVER been a good bit of driving done in a bmw, tradie ute, or car driven by an asian!!! /S",Work hours & uni,0.7152,2016-08-10 12:21:12
e6d2uxk,HAL_9006,"Oh sure, I agree with you there.

Personally, I have had more negative interactions with white people but I generally expect that because Australia is still a predominantly white country. When I have an altercation with a minority, that is a bit more surprising because I expect it less since there is less of them around.

I was surprised because I copped shit from two Africans over the course of two nights in a row, which seems really weird/unlikely to me. Even funnier though was that straight afterwards another African dude approached me and asked if I was having a good night etc lol.",Work hours & uni,0.9168,2018-09-21 04:54:25
cgxhiva,wastedholidays,"We got lucky with a cool AirBnB place. Would definitely recommend. Found a cool place in Collingwood. Had the works and was the same cost as a nice hotel. 

Melbourne is a damn nice city. 

Good luck on the ""soon to be""!","Cars, bikes & police",0.9622,2014-04-20 19:13:20
crrqbli,kane-,"Online sounds wise! if you are at all interested, please, let me know.","Cars, bikes & police",0.8122,2015-06-01 11:22:14
dk5o2sa,moleman4,"Last I heard was from my friend that there was some signalling issue with the trains and was supposed to be resolved in an hour. 
EDIT: Grammar",Casual chat & reactions,0.5994,2017-07-13 07:09:16
dwpr337,gccmelb,"I thought single subjects were more geared towards professionals requiring specific skills and knowledge?

My nephew went to Latrobe last year and done so well he had his choice of Monash and Melb Uni, to transfer to.

My guess, you need to get distinctions or better.

I do know, the lecturers and professors will make the decision jointly. You know what impresses them? Students that work hard. Work hard and wow them and they surely will admit you.",Work hours & uni,0.9413,2018-04-03 05:24:28
d5ahi34,Fingers__Crossed,It could if the weather warmed up a bit.,Politics & traffic,0.2732,2016-07-13 12:30:17
cvt3u4k,cayal3,So the naked statue? Yay or nay?,Local life & places,0.5803,2015-10-08 23:44:33
di264et,CakeFaceKoala,On the Royal Children's? Wth,Trains & trams,-0.5267,2017-05-26 05:22:08
dl02ho2,Phallic,"The ban on smoking in enclosed smoking IS the compromise.

I don't know why there's a crackdown on smokers who have already been moved outside, allowing people to eat smoke-free indoors to their hearts content.

But hey, smoking is a vice and there's nothing Australia loves more that clamping down on vices for no better reason than a feeling of righteousness.",Politics & traffic,-0.7189,2017-08-01 06:08:00
c78w48v,mindsnare,"They'll also tell you they don't own/watch tv, or that they've never once in their life eaten McDonalds.",Jobs & money,0.0,2012-11-30 01:20:21
e0awg5l,ruinawish,"Regarding the fitness claims, I do know that there are some local sub-elite runners who happen to be AFL (boundary) umpires, so I imagine they are capable of being quite fit.

Small sample size, so it's hard to know if they're the exception or the norm.

edit: this [website offers benchmark times for 5km](http://websites.sportstg.com/assoc_page.cgi?c=1-6366-0-0-0&amp;sID=112410&amp;news_task=DETAIL&amp;articleID=15679906):

&gt; * Field umpires – 18:45

&gt; * Boundary umpires – 18.00

&gt; * Goal umpires – 23:00

For boundary empires, that's only 3:36 min/km.

edit: this [PDF](http://www.riddellumpires.com.au/attachments/article/20/2016%20-%20Fitness%20Testing%20Structure.pdf) suggests the VFL benchmark for a 2km time trial is 6 min 50 seconds.",Opinions & public issues,0.7017,2018-06-08 01:27:29
e5lxhu0,Generic_Esoteric,Yet here we are. Merkel leaning over trying to intimidate a resolute Trump.,Work hours & uni,0.0772,2018-09-08 12:46:09
dbfwhk5,cameronm,I went with Laos. This game isn't all that fun but at least it's not work!,Local life & places,-0.2831,2016-12-20 22:26:38
e6pa20k,Big-White-Dog,"Tonkinese, about 14 weeks old. Her internet name will be LWC (she's actually a lilac, but little lilac cat doesn't roll off the tongue so well)",Politics & traffic,0.5591,2018-09-26 23:19:19
e6fgn16,KualityFur,"Lol, the person who is to blame for your things being taken is you. 

If recent immigrants can take $3,000 off you without you being able to protect yourself, despite being from this country, the problem isn't the recent immigrants- it's you who doesn't understand the basics of personal safety and protecting your possessions. 

You know the old saying ""a fool and his money are soon parted?"" Guess who the fool is in your scenario.

Anyway, in case you are from some kind of farming commune or something where personal property didnt exist, please check out this website:

https://www.police.vic.gov.au/content.asp?Document_ID=40398

It's some resources that Vicpol (which stands for Victoria Police) created for recent immigrants who don't understand how to be safe in Victoria. Their resources are translated into Arabic, Greek, Italian, Macedonian, and Vietnamese because people of those communities often don't understand how to be safe in Victoria. Lucky for you, the resources are also in english!

Specifically, check out: https://www.police.vic.gov.au/content.asp?a=internetBridgingPage&amp;Media_ID=118364

It's about how to store your bicycle so that it isn't stolen. Anyway, have a look at those resources and learn how the basics of how to retain your possessions. Pro tip: making a post on reddit isn't one of their suggestions.",Work hours & uni,0.8555,2018-09-22 10:06:45
ck57ai2,sahrey,who lied to you? sometimes a place is what you make of it. sometimes you have shitty luck. try to enjoy the sunshine today.,"Cars, bikes & police",0.4939,2014-08-31 04:33:44
d8ztm8p,razorsandblades,"*you people*.

Yes, because the only ever people to have bad train etiquette are from Sunbury. 

Beside, all full fair ticket holders are entitled to use a seat. Also if Sunbury is such a short trip, whats the problem with standing for that length of time?",Casual chat & reactions,-0.0258,2016-10-20 03:14:21
dc0kmhn,BlindDeadMcJones,just think of the karma....,Trains & trams,0.0,2017-01-05 02:40:19
dl03uc7,Themirkat,The number of smokers who just toss their butts makes me think it's not a minority of smokers who are rude and selfish.,Politics & traffic,-0.7003,2017-08-01 06:58:17
dam1lrp,ghostdunks,"I've been going there for close to 20 years now, pretty much ever since I started working. Very much the same, quick service, food is tasty enough and quite centrally located, and good value for money","Cars, bikes & police",0.8176,2016-11-30 14:33:18
cknjsgh,ruinawish,"+30ker, right here folks.",Trains & trams,0.0,2014-09-20 12:35:58
cup6gfs,joonix,"As a non-Malaysian non-Melburnian, this is very exciting.",Trains & trams,0.5413,2015-09-03 12:43:56
dtb6jfh,theresnorevolution,"I reckon if something said ""2 Swedish students looking for another Swedish roommate..."" probably wouldn't get much outrage at all.",Work hours & uni,0.4023,2018-01-27 06:00:00
e1hwenp,ThatGuyScookie,1887 would Flinders Street be the oldest on the network or would it a different one,Casual chat & reactions,0.0,2018-06-29 13:39:05
e1aafbi,MattJak,"I go through anz, expensive brokerage fees though $20 to both buy and sell 

Not worth buying anything unless over $1000 worth at a time imo, ideally more than that","Cars, bikes & police",0.465,2018-06-25 21:35:42
dzszy0y,MarzRaul,Even if they have the card number (which they technically should not be keeping); their bank would be unable to release identifying information due to legal privacy requirements. It would take some time of court-ordered intervention to compel them to release that info.,Work hours & uni,0.2023,2018-05-30 04:14:49
cavkygh,attackoftheclaw,"We had a break-in about a year ago too, but the thief took nothing but coins/loose change from around the house. Was really bizarre.",Local life & places,-0.8397,2013-07-04 02:01:03
cxq49t9,atregent,"Bit more than you wanted to spend, but depending on how often you'll use It, well worth it

http://www.anacondastores.com/camping-hiking/camp-furniture/camp-site-essentials/spinifex-picnic-travel-blanket/p/BP90046041

Or somewhere like Rays Outdoor might be worth a look, possibly even Bunnings","Cars, bikes & police",0.8625,2015-12-07 09:46:27
e6d73c5,aidenh37,"I usually organise my meeting point for potential high-value trades to be train stations or shopping malls, and I always arrive early to assess CCTV camera and security guard locations. Then, they can say 'cheese!' to the camera directly.",Work hours & uni,0.4003,2018-09-21 06:49:05
crn258a,way2loose,Yes I'm well versed in pushing the boundaries of the law and the consequences of being caught. Much of my teen years was doing dumb shit and being caught. That being said as long as you arent screaming around passing traffic on the road or knocking people off the bike path a 200kw sticker is all it takes for people to stop asking questions. Plus there is enough idiots riding unregisted dirt bikes around merrily creek area for cops not to be caring about pedelacs.  I've seen a dude who gets around coburg on a stealth electric and those things are insane. 3000kw to 4000kw and it looks like a dirt bike. I'm kinda surprised he hasn't been caught yet as I've seen him getting around for a few years now.,Work hours & uni,-0.7216,2015-05-27 23:31:42
dn6spy9,zsaleeba,"So if 100 yoofs do a runner from the conductors every day - which is more than you'd expect - the system has lost maybe $350. Meanwhile law abiding people will comply just like they always have and there'll be more checks because the conductors are spread out rather than moving around in wolf packs. 

Given that they're more spread out you can get by with far less personnel to achieve the same coverage. Let's just say conservatively that you can cut 30% of the ""authorised officers"" and convert the remaining 70% of the AOs into conductors. If they're acting singly rather than in groups of two or three they'll be getting more than 2x the coverage they currently get. There are about 340 AOs at the moment so that's a saving of about 100 wages and payroll savings of around $5 million per year which can be used to improve the PT system.",Work hours & uni,0.25,2017-09-18 22:23:50
d3iuewh,turtlewars,"Nope, saw the title in the url and did not click. That sucker can remain blue until the end of time",Jobs & money,0.4168,2016-05-25 08:22:32
d8ylkwx,Tacticus,Frequency drives patronage a bit more than most people think.,Casual chat & reactions,0.0,2016-10-19 11:49:31
dac8963,Bunjil,Is he very rich and know for philanthropy? (And under 40),Opinions & public issues,0.5984,2016-11-23 09:12:59
cell3hq,ErgonomicDouchebag,Got the air con in my house fixed yesterday. Fuck yeah.,Jobs & money,-0.3182,2014-01-09 21:26:27
d34n5vw,Pottski,I gave up after thinking Cheese and Belldead were suburbs.,Local life & places,0.0,2016-05-13 22:47:08
dyqdhdk,melbssss,"Interesting info... Is that referring to Broadmeadows station, or just Roxburgh Park Station... or other ones on the routes?

QUICK UPDATE: THE BUS SKIPS ROXBURGH PARK STATION ONLY (oops, caps)",Casual chat & reactions,0.4019,2018-05-10 01:25:33
duvompc,That1WithTheFace,Makes sense. I just have no idea what to buy that will suit us for 2 days. Don't want to not finish it and have to pack up and bring it home,"Cars, bikes & police",-0.3447,2018-02-27 00:04:21
dfc7m87,tjsr,Clearly Trump thought he was being mocked and ordered manufacturing be ceased in all allied nations.,Jobs & money,0.1027,2017-03-24 04:19:10
cxsgz7v,zfa,You can install Cyanogenmod 12 (lollipop) on an S4. Probably increase the performance quite a bit as it will get rid of the Samsung skin. Will change the look and feel quite a bit though so maybe check online that you're down with Cyanogenmod first.,"Cars, bikes & police",0.3182,2015-12-09 04:28:48
ctkxke3,sahrey,"Good. If you need someone to chat to, I'd be happy to lend an ear. If you need someone to exercise with, uhhh probably ask cheesey.",Jobs & money,0.765,2015-07-29 23:48:53
e2zx5zh,nuggetman12,"except family violence isn't gendered. ""
The most comprehensive review of the scholarly domestic violence research literature ever conducted concludes, among other things, that women perpetrate physical and emotional abuse, and engage in control behaviors, at comparable rates to men. The study was directed by the Editor-in-Chief of Partner Abuse, a Springer Publishing Company journal"". 

The most comprehensive review of the scholarly domestic violence research literature ever conducted concludes, among other things, that women perpetrate physical and emotional abuse, as well as engage in control behaviors, at comparable rates to men. The Partner Abuse State of Knowledge project, or PASK, whose final installment was just published in the journal Partner Abuse, is an unparalleled three-year research project, conducted by 42 scholars at 20 universities and research centers, and including information on 17 areas of domestic violence research.
“Over the years, research on partner abuse has become unnecessarily fragmented and politicized,” commented John Hamel, Editor-in-Chief of Partner Abuse and PASK Director. “The purpose of this project is to bring together, in a rigorously evidence-based, transparent and methodical manner, existing knowledge about partner abuse, with reliable, up-to-date research that can easily be accessed by anyone. PASK is grounded in the premises that everyone is entitled to their opinion, but not to their own facts; that these facts should be available to everyone, and that domestic violence intervention and policy ought to be based upon these facts rather than ideology and special interests.”
Among PASK’s findings are that, except for sexual coercion, men and women perpetrate physical and non-physical forms of abuse at comparable rates, most domestic violence is mutual, women are as controlling as men, domestic violence by men and women is correlated with essentially the same risk factors, and male and female perpetrators are motivated for similar reasons.
“Although research confirms that women are more impacted by domestic violence,” stated Hamel, “these findings recommend important intervention and policy changes, including a need to pay more attention to female-perpetrated violence, mutual abuse, and the needs of male victims.”
Hamel also argues that men are not only disproportionately arrested in domestic violence cases, but sometimes arrested for arbitrary reasons, citing, for example, that police often arrest the bigger and stronger party in cases where the perpetrator is unclear. “Such policies are not only ineffective but violate people’s civil rights,” Hamel concludes. “People in the domestic violence field say that ‘it’s all about the victims.’ Well, the victim is not always the one hit, but sometimes the one arrested.” 

http://www.prweb.com/releases/2013/5/prweb10741752.htm",Work hours & uni,-0.9973,2018-07-25 09:28:29
dhkh7uz,michael070,"I generally go to the zoo twice a month. Particularly Melbourne Zoo is a great place to wander around if it's a nice day. I've got a membership so it's free entry, ive probably been 7 or 8 times this year already. I love it.","Cars, bikes & police",0.9401,2017-05-15 02:27:40
dt3st9l,TrianglesTink,"Some insertracehere at work just put a bag next to me and joked that there was a bomb in there. Not helping your situation buddy. Fucking idiot.

Also lasagne shouldnt be spicy, this is weird",Work hours & uni,-0.7953,2018-01-23 08:05:25
cz2zjw6,parawolf,"Not sure if the police turned up. I went to sleep and nothing. Alarm still going off. 

Update: just went off this second. I'm going to investigate. 

Double update : I'm hearing things and conditioned to the noise. Step outside and it's still there.",Local life & places,0.0191,2016-01-18 19:02:44
dyu0kja,Bigfattedbo,"The problem of being 17 or 18 is that there are lots of great places in melbourne to go to, but its expensive for a teenager and they might not let you in.  So I'll leave most pubs/bars out of my suggestions. 

Free things
- visit degrades agree and walk your way up through the lane ways via block arcade to Burke st. Lots of shops, graffiti and people watching.
- flinders land... ACDC lane has lots of cool (pricy) restaurants and graffitti. If you can get into garden state pub, i recommend that.
- carlton gardens and fitzroy garden. Botanical gardens if you like greenery or just want to chill for a bit.
- check out the toilet on level 35 of the sofitel hotel. Its the most amazing urinal youll ever visit.

Restaurants to try
- Shanghai street dumplings on little burke. Order the xiao long bao.
- Shujinko ramen opens 24 hours a day.  Fukuryu is not bad.
- belle hot chicken on Gertrude is good, because you can walk around Gertrude and smith st after.
- easey is a burger joint in a train on the roof of a building. 
I can give you hundreds of restaurant recommendations but dont know what you like

Drinks
- naked in the sky is the roof top bar and they don't check id if you go early. 
- walking around Gertrude, smith or brunswick street , There are plenty of pub and bars and eatery. 
Melbourne's best bars are hidden, small, expensive and wont let big groups in.","Cars, bikes & police",0.9879,2018-05-11 21:45:43
ctxhwc3,FlashbackTherapy,"I can't answer your question about Baker's Delight, but our local IGA has sweet chilli scrolls in the bakery cabinet most days. Maybe you could check there?",Politics & traffic,0.7543,2015-08-10 01:47:07
dt3btgl,Maphover,"Well, at least she knows now - it could have been the prod needed...",Work hours & uni,0.2732,2018-01-23 01:36:00
d7tasnf,Mr_Cascade,"Thats not what i meant. Referring to the complaints about the adequacy of the compensation for the taxi licences being offered as part of of the uber legalisation/taxi deregulation. I know some here like to put the hate on taxi drivers in general, but that doesnt dismiss the validity of the concerns raised over tbe current compensation package. And im not saying they shoukd be given wads of cash either, just that we should revisit the issue to stave off potential problems.",Work hours & uni,-0.7184,2016-09-19 16:22:57
d33tei5,Rosasome,Sounds awesome but im nowhere near you.  Damn!,"Cars, bikes & police",0.6936,2016-05-13 08:47:34
d0cxwud,cameronm,"Definitely that I don't know what's expected. Different people seem to have very different ideas about what I'm doing here so there's a fair bit of pressure. I was given the freedom to really define my own role, but I'm really struggling to get what I need from other people... It's really hard to insert myself in to their existing workflows.

I shouldn't complain, it is a great job, and when I do have solid every day work to do I really enjoy it. Just right now... well there is no every day work, I'm planning stuff for the future, looking for ways to improve process, asking everyone how I can help *them*... y'know? It's rough!",Local life & places,0.968,2016-02-25 05:10:12
ct4waq7,sahrey,"i don't think i agree. mainly because it feels like ""well if something's not affecting me, i just want to ignore it"". apathy bothers me.",Trains & trams,-0.4039,2015-07-16 02:10:33
ck0sk7c,spyduhgirl,Yeah I've been told the shoulder pain is bad from the air they put in your abdomen rising up to the shoulders. Does the incision in your belly button hurt?,Politics & traffic,-0.8402,2014-08-26 11:05:06
cncmu63,Sigilweaver,"I have air con, but within about 5 seconds of walking outside im sure i will feel as miserable as everyone else is....",Politics & traffic,-0.3291,2015-01-02 23:57:57
cubmykl,arima-kousei,I do it. Picked it up from the same youtube video about the same behaviour in Japan,Trains & trams,0.0,2015-08-22 08:36:52
dr8kj0a,EvolvingMeme,"&gt; If Howard's a war criminal then the entirety of Australia is responsible for his actions.

Wut? He wasn't elected on the basis of ""I'm gonna lie to endanger Australian lives while killing innocent in an illegal invasion"". You're applying the faulty concept of ""Sippenhaft"" in a shocking misunderstanding of so-called democracy.

The same applies for stating the skin colour/ethnicity of perpetrators. Crime is luckily a relatively rare event, yet so salient that fear might impede thinking.",Work hours & uni,-0.9695,2017-12-14 13:29:26
cds5ez6,BobThingamy,"Yeah iinet's been down here in South Melbourne since 8pm or so last night. The most recent update on their [service status](http://www.iinet.net.au/status/fault.php?id=2942335) page at around 11.15 am says they've recieved the replacement network device from the vendor and the techs are 'en route' to the site to fix the fault. 

Estimated time of restoration is midday WST, which I believe is 3pm local time.",Work hours & uni,-0.128,2013-12-03 01:32:14
ccw77h4,celerym,Time to spray paint a massive cock on my local high school.,Jobs & money,-0.1531,2013-10-21 07:27:10
cesmgr6,coolridgewater,"That was Dale,  everybody knows Dale.  Just stay out of spoofing range and you'll be sweet.  Careful though he's got good aim.","Cars, bikes & police",0.7579,2014-01-18 11:00:17
d3bgriw,PopavaliumAndropov,"I was living in Toronto a few years ago...much the same story as Melbourne with a few notable differences:

* It isn't nearly as extreme over there, housing is relatively affordable compared to Melbourne or Sydney.
* Apartments there are a LOT bigger and nicer - people in Toronto complain about 2br 70sqm ""shoeboxes"" - most apartments are at least 80-100sqm for a 2br. 

For reference, my rent stayed identical when I moved from Toronto back to Melbourne. My apartment in Toronto was 23rd floor, 95sqm, with views of the city skyline and Lake Ontario. Rent included heating, electricity, water. All I paid was for internet. Building had a pool, gym, laundry. 10 minute stroll or 2 minute train ride to the absolute heart of the CBD.

My identically priced apartment in Melbourne was 61sqm, had views of some dude's backyard, included nothing but rent, and was in Carnegie, a 20 minute train ride to the CBD and fuck knows how many hours walk.",Opinions & public issues,-0.4497,2016-05-19 11:47:52
cdgw799,Fartingloudly,"Other lines will get stuff done to them in the future, lets wait till next years budget to see. The government can't just go out in 1 budget and spend 5000000000000 quadrillion dollars upgrading everything. You have to balance the budget.",Opinions & public issues,0.0,2013-11-18 04:00:46
dieax06,clomclom,When i went on their trams the conductor had this like printed out sheet explaining how to pay in English.,Jobs & money,0.3559,2017-06-03 05:47:56
ct4uvjo,Xtian84,Yours or someone elses? This is important. Reply ASAP plz.,Jobs & money,0.2732,2015-07-16 01:27:19
drxglgx,lkernan,Not if you're a government department in one of the most flammable buildings in Melbourne.   Pretty sure that gets you priority.,Opinions & public issues,0.6705,2017-12-29 23:00:09
deb35pk,Oscillatingcalmly,"Dogging, under Westgate dunno what it is but seems adventurous.",Casual chat & reactions,0.4767,2017-02-28 04:01:34
d1rysbi,Fwanc,I know a company that mentors start ups for people designing inclusive technology for disabled people. Is that what yours is for?,Opinions & public issues,0.0,2016-04-06 11:05:54
dmq215n,Unavoidable_love,"It's a typical call centre, and it's all entirely scripted. That's how I knew it was the place I worked out. They want you to book an appointment with our people who come and essentially convince you to purchase a house to reduce tax. I was there for a month before I actually relised it was a scam. 

Cause you just read off a paper and they tell you to just book the appointments and pay you well to do it. We got told it helps people make money and is legal. Nothing more. No one really cared because we got paid well + bonuses for hitting targets.",Opinions & public issues,0.9062,2017-09-08 09:03:51
ck6861c,autoeroticassfxation,"There's simply not as much labour required as used to be. Automated checkout. Buy gas at the pump. Software developers are professional people replacers. Automated manufacturing processes. Better tools and equipment all round and at prices where replacement is cheaper than repair. The labour force can no longer compete, and right wing policies only exacerbate the situation when a growing segment of the population is being made redundant.",Opinions & public issues,0.34,2014-09-01 13:44:57
dg15rha,khongkhoe,"lurk here, you might change your mind one frightful day
r/sadsquad",Jobs & money,-0.6249,2017-04-09 13:15:08
cjeh071,OboesBleat,"Wow, didn't see the water until I saw the sign!",Trains & trams,0.6239,2014-08-02 00:11:58
dfwe0ir,OIP,"don't worry it was on the front page of the herald sun this morning

there was also a mocked up 'humourous parody' of what a politically correct fairytale would supposedly be like which was a physical cringe level of bad",Trains & trams,0.2746,2017-04-06 06:32:34
ca2u48k,etherealtim,Did they take the photos off? All I see is a map?,Jobs & money,0.0,2013-05-21 04:19:27
e8pkeaa,zuffler,It's ok. The ABC gives them free competition so we should probably even it up a bit.,Opinions & public issues,0.5106,2018-10-30 05:05:25
c1zt4zj,rmeredit,Hah! Nooo.  It's all part of the 'package.',Local life & places,0.0,2011-06-15 12:18:41
cfs8lof,inedibleshoe,"Apple gives you ~10% off the cost of a computer and smaller discounts off iPhones and iPads. 
If you do it between now and the 20th you’ll get a free iTunes card to go with it.

You can buy the Master Collection of CS6 for about $600. 

You may be eligible for Austudy, which means you might be eligible for a Health Care card, which gets you a ~$100 discount off a yearly car rego.

If you’re doing IT the Uni signs you up for a Dreamspark account, which gives you a licence for every version of Windows (from XP on), Office 2010, Server 2008, Exchange 2010 and a bunch of other stuff.",Opinions & public issues,0.87,2014-03-02 05:10:40
cc7ay40,mikeydotcomdotau,In b4 ninjaBK - Acid in the Botanical Gardens.,Casual chat & reactions,0.0,2013-09-13 02:18:33
c1zs4id,Jakeimo,"Oh I do pity you! I feel so sorry for the poor soul who has to try and mark my rushed scribble that's supposed to pass for java code.  
Do you get paid per exam?",Work hours & uni,-0.7456,2011-06-15 06:08:35
cdbc04w,Supersnazz,"Buy this

http://www.realestate.com.au/property-other-vic-bangholme-7314795

124 acres, 30 minutes to CBD. (I reckon 50-60) but still close. Sold for 8 million in 2011, make an offer of 12-14 and I think the new owner will sell.


http://www.ruralview.com.au/

This site is pretty handy. [300k for 9000 sqm](http://www.ruralview.com.au/Real-Estate/lot-92-lot-92-tucker-court-bacchus-marsh/Property-Details-buy-rural-2386377.html) at Bacchus Marsh?",Opinions & public issues,0.6486,2013-11-10 23:36:34
cz09x97,Goatse_Wan_Kenobi,"Woot Woot! Nice one, have a great night!",Local life & places,0.9199,2016-01-16 10:10:58
e7ea47u,Agret,If starbucks sucks why is it your number one choice?,Jobs & money,-0.296,2018-10-08 15:37:44
d59va0k,futtbuckicecreamery,"I wish I could get to sleep before midnight, I really do.",Local life & places,0.4019,2016-07-12 23:06:52
cpkun13,oneandatwoandathree,Checks user comments...,Jobs & money,0.0,2015-03-20 09:47:41
ceqobwt,gFORCE28,"Sweet, thanks for that. It was interesting. However, I'm curious, what happened on November 11 2013?",Politics & traffic,0.872,2014-01-16 02:02:53
czcc3xc,Hexiar,"So is that's what's coming to MC Box Hill too? I always hoped that shit hole would improve or shut, and so far the latter has come true.",Work hours & uni,0.5719,2016-01-26 08:19:32
cpmo9xp,The-Doctor-94,"I do think you're lying about working in mental health, otherwise you'd know medicare usually only rebates about half of the fee for things like psychiatrists. 

You're also forgetting about how expensive medication can be.",Opinions & public issues,-0.2263,2015-03-22 04:26:30
dhl0ab1,letsreviewshallwe,"Why do the anti-extremists groups (antifa, socialist alternative, etc.) seem to be conspicuously absent when dickhead Islamists are goosestepping around the city or CBDs?

If you oppose extremism you should oppose the neo Nazis and the Islamist Jihadis equally.

I expect this comment to get downvoted, but for what it is worth I am seriously curious why those groups don't mobilise against the ""behead those who insult Islam"" protesters with the same gusto they usually do with the white nationalists protesters. 

Is it just anxiety about counter-protesting members of an ethnic and/or religious minority? Or fear that trying to counter people who are threatening beheadings might actually make good on the threat?",Trains & trams,-0.967,2017-05-15 13:58:40
cpg1gfp,NoodleBox,"Hello! 

(I am deciding on 'going shopping' (milk) or 'centerlink for ages'. I think Centerlink can wait until Thursday.)",Politics & traffic,0.0,2015-03-15 23:29:44
e31teec,OIP,"as a complete armchair stab i'd say it's the same kinda shit as arson and throwing rocks off the freeway overpass.  sociopathy + desire for notoriety and nonspecific harm, power trip etc, combined with being real fuckin dumb.",Jobs & money,-0.9062,2018-07-26 03:52:35
d526e7l,zozozozozoz,I shall cross mine for you too! And happy to make a trip to break some legs if you need :),Jobs & money,0.7901,2016-07-07 00:35:46
cqby225,rdmarshman,Already commanding big money.,Opinions & public issues,0.0,2015-04-14 13:45:05
d0coiai,Hinxsey,"I did, from Day 1 through to TTK - But have drifted off in the last few months, with the lack of announcement for any new content I'm really struggling to see a reason to fire it up - Especially since the Division next month will pretty much fill the Destiny sized hole in my schedule.",Politics & traffic,-0.7086,2016-02-25 00:49:51
e1931yj,nicholasmelbourne,"You see what you want to see, I just said beat. As in defeat.",Jobs & money,-0.4019,2018-06-25 08:11:55
dalbxmc,trebortus,"A colleague of mine travels on the train to work every day, he factors in getting caught without credit 3 times per year and saves accordingly to pay the fines. He says that is cheaper than paying for a year pass. I have yet to test his method.",Casual chat & reactions,-0.3786,2016-11-30 00:34:27
dcgazq5,entirelyUnoriginal,"On the bright side at least you added something constructive and from an official source rather than opinion which is what I was looking for, so thanks! :)",Politics & traffic,0.881,2017-01-15 10:35:53
dsquek2,jimothy3175,go to jimmy grants and get a souvo instead BUT i did go to that one once about a year ago and they made it extremely shit,Local life & places,-0.7086,2018-01-16 02:36:07
c9kwk1f,societyannoysme,"Does this app give updates about how far a bus is? I hate how half the bus stops don't have the electronic sign telling you how many minutes away they are. It let's me decide whether to just walk it ...

Also +1 for android app. Dammit we are a majority and want a little love.",Casual chat & reactions,-0.024,2013-04-23 12:52:00
dfun9ee,RaptorsOnBikes,"Ooh, I'm keen. I do like the venue, too.",Local life & places,0.6124,2017-04-05 05:09:41
cqhckef,aftersilence,Ahhhhh I see. I forgot about the stuffing.,Politics & traffic,0.0,2015-04-19 10:22:00
e642nf6,shikaishi,"&gt; atlas obscura

Great recommend to look on Atlas Obscura. I have been reading the book and didn't realise there is a searchable website. Thank you!",Politics & traffic,0.8553,2018-09-17 02:59:19
dtns371,droiddayz,"No, It's just a generic name for a theme park. There is a [Wikipedia list](https://en.wikipedia.org/wiki/Luna_Park) of all the different Luna Parks around the world.","Cars, bikes & police",0.0,2018-02-03 03:13:16
ca809nd,JenkoB,Footy at Etihad just ended a lot better - with pizza!!,Local life & places,0.5399,2013-05-29 07:16:50
cme8t2s,Sickly404,"There's a Sunday Sketch facebook group that regularly meet up on Sundays around the city to draw the passers by. Always good to grab this reference. 

The Digital Labourers Federation (DLF) have monthly meet ups but it's usually for drinks at a local bar, so sadly out of your league for a few years. 

Outside of that, I'm not too sure about any regular meetup groups. There seems to be a few on Meetup (http://www.meetup.com/cities/au/melbourne/arts-culture) but nothing game specific. I wouldn't let that stray you though, it's always good to keep refining your traditional work with these guys anyway.

I'd look online, too. While it's not face to face it's an incredible and tight knit community. CG Talk has monthly challenges where you'll get a heap of necessary critique on your work: http://forums.cgsociety.org/forumdisplay.php?f=65",Local life & places,-0.2772,2014-11-27 05:12:20
d0ckvc6,row-zee,"I eat apple with peanut butter, its legit probably my favourite snack in the world, however even after over 2 years at my job nearly every single time without fail someone will shame me for it. Stay strong my fellow peanut butter loving friend.","Cars, bikes & police",0.8793,2016-02-24 23:15:55
d63ghut,TooChaiForThis,"Politics loving, occasional cone smoking programmer here. Love the idea of an app to connect people. I work from home so meeting new people outside of my partners friend group is hard.",Local life & places,0.8979,2016-08-04 03:28:57
e4wk41z,whackadoodle_cracked,"Come on BWD, you of all people should know what HWs means.... ask your partner to tell you about Kyle Richards' white parties!!",Trains & trams,0.508,2018-08-27 06:35:41
c7ze7ew,MegaFonz,"Essendon, Kensington, Flemington.... good subs in the west.


I raise you Dandenong, Doveton and Frankston.",Casual chat & reactions,0.4404,2013-01-18 21:16:50
2p9642,dojoca,"Matthew Guy seemed to get so excited to approve basically every single CBD apartment block put before him that most of the contracts pages were stuck together with his ejaculate. 

Will the new government be a bit less approval happy or do we expect more of the same? What do you think?",Opinions & public issues,0.7008,2014-12-14 11:31:34
dfztffh,HBOXNW,South Melbourne dimmys are best.,Casual chat & reactions,0.6369,2017-04-08 12:41:19
cvjb5jy,vaderlvr,"Gourmet dumpling house on glenferrie rd, Malvern does them",Casual chat & reactions,0.1027,2015-09-30 14:42:22
chppria,idownvoteforlols,"I drove Melbourne-Perth  in 4 days. Melbourne-Adelaide, Adelaide-Ceduna, Ceduna-Norseman, Norseman-Perth. Whole trip cost me roughly $700.",Casual chat & reactions,0.0,2014-05-24 01:27:19
d4v3wym,khalegend87,"Can't remember it, but I think after you earn 19000 or somewhat near that amount, you pay 2% to the medicare levy. This is done separate from your workplace",Work hours & uni,-0.1531,2016-07-01 08:17:39
dgr34hu,cameronm,"It's really quite hard to find a place on a Saturday that's willing to put aside enough space for an event like this in the CBD. Crafty Squire is close to perfect, nice central location, plenty of space, very welcoming and more than capable of accommodating the group. Could be a bit cheaper, could have a bit more character, but otherwise it's pretty great.

If you can think of another place in Melbourne that you think is better I can give you a list of reasons people will complain about it!","Cars, bikes & police",0.9606,2017-04-25 23:48:24
dal5erp,sunnzy,"You can also setup auto top up on the myki website with a credit card, then you never really have to worry about it at all if you don't want to. You can still do myki pass but I got auto top up set up just in case I forget to top up the money or the pass. You do need to register your myki online which some people may oppose, but for me myself it works really well.",Jobs & money,0.5182,2016-11-29 22:10:34
dv3n8f5,Captainsteve28,"Try meetup.com

There are lots of social groups for people looking to meet new friends which could be due to loneliness, mental health issues, change in circumstances or new to Melbourne. There are a lot of low key social events like coffees to chat and lots of niche interests. I relied on it a lot when I moved to Melbourne and have met a number of friends through it and gone to many events. People are generally friendly and happy to chat.",Trains & trams,0.9186,2018-03-03 01:16:09
dd95g3v,Morkai,"Wifey and I saw it in Broadway last year, I managed to get tickets pretty much last minute, missed the ballot out the front of the theatre, so it stung for about $500AUD for two decent tickets, but fuck me it's funny.",Local life & places,-0.1027,2017-02-02 21:51:37
dyy63fy,vishal885,Absolutely go watch it,Local life & places,0.0,2018-05-14 07:28:28
e23htst,redzrain,"Got caught coming back to AUS ex Saigon and the shuttle bus pulled up to the plane, but didn't let us off.   For an HOUR!  In 36degree heat packed in so we couldn't move.  Fantastic panic attack material.",Local life & places,-0.698,2018-07-10 00:54:26
djhzvp5,not-happy-today,"When it rains the little ashtrays fill up with water and then you can't pick up the butts and smoke them. They should shift the bollards to a place which isn't exposed to the external atmosphere.

Selfish cunts, they never think of the homeless people that are just trying to get a smoke.",Politics & traffic,-0.7768,2017-06-28 05:51:02
cr8nnl2,urban_kid,so if I text WRONG it'll make things RIGHT.,Work hours & uni,-0.5904,2015-05-14 06:18:13
d0ct5q6,pressbutton,I'm fine with it because I often get photos taken in people's fancy cars and sometimes their fancy houses.,"Cars, bikes & police",0.2023,2016-02-25 02:51:06
cdom0va,continental-drift,"The Balwyn one has wine in it, the Richmond one is purely beer IIRC.",Local life & places,0.0,2013-11-28 01:32:41
d5ae9sl,zozozozozoz,You're a bit different.,"Cars, bikes & police",0.0,2016-07-13 10:06:11
coht7uy,monsterhead,"WHHHAHHAHHAHHAHAH?

Go A-DAWG",Local life & places,0.0,2015-02-11 04:01:09
e5nqldq,9d5c6c,"I guess by that logic the Greens must be a bunch of communists, especially since Lee Rhiannon was a high ranking party official for the last seven years until this year? Is that your assessment of the situation ?

Edit: The problem is you're putting people on trial based on people that come along to their meetings. Would you slander the Sudanese community based on the behaviour of a few members?",Work hours & uni,0.0,2018-09-09 11:05:35
cnmwfqc,star_boy,That's why I only commented on the satellite imagery.,Local life & places,0.0,2015-01-12 22:06:47
cfeo1ap,wisie,"Nicely done PengCheng. If you don't mind me asking, what did you use for the movement in the shots? Was that post or did you use a dolly of some sort?",Jobs & money,0.504,2014-02-13 22:04:57
djhva2u,Skeeball_Fanatic,I am Jack's total lack of surprise.,Work hours & uni,-0.0591,2017-06-28 03:41:02
c1vpd5h,yakk372,"Anyone who opens a cafe that small, that good, *underground*, has to be seriously cool.","Cars, bikes & police",0.5423,2011-05-24 07:23:47
e8qwydt,LordTrollsworth,Oh la la fancy. Next you'll tell me you can afford windows too,"Cars, bikes & police",0.0,2018-10-30 20:24:16
c6gf9it,andrewj86,"Had Zests for the first time on GF day, never going elsewhere.",Local life & places,0.0,2012-10-02 12:21:21
c5qzs09,Supersnazz,"But Nando's is everywhere, I want somewhere that's not available in the suburbs. Nutrition is not an issue for these kids, although price might be.",Opinions & public issues,0.1154,2012-08-10 10:38:28
e8n0enn,stinx2001,dogsatbunnings on Instagram :),Jobs & money,0.4588,2018-10-29 01:41:30
cxs77q9,Shes_the_Cheese,"I finished mine in June. Indent stock from Italy, arrived this morning.",Local life & places,0.0,2015-12-09 00:03:48
clnsbxj,t1f,nieuw amsterdam is open until 3 for secksy cocktails,"Cars, bikes & police",0.0,2014-10-30 01:40:00
dgwjzkq,Fun_For_Guill,Where is this Chinese Norwegian travel agent of which you speak. Cause to be honest I walk passed the bar often and would be worried about any future potential ramifications. But if me more than happy to go to your travel agent if you'd be okay going to my bar.,Jobs & money,0.8544,2017-04-29 10:35:41
ck628iu,Shes_the_Cheese,"They do and they should, if you're not on the books you're not entitled to the rights and wages of someone who is.",Work hours & uni,-0.2057,2014-09-01 06:08:45
do47arm,ign1fy,"What's this ""Television"" you speak of?",Trains & trams,0.0,2017-10-09 11:32:28
d7uexyn,qwibber,[I asked the same thing here a while ago.](https://www.reddit.com/r/melbourne/comments/1nkpjy/whats_the_building_on_top_of_the_flemington/),Jobs & money,0.0,2016-09-20 10:40:53
cw5or5h,Chairsniffa,I was drunk and coming back from the local taphouse and mate pulled in for some takeaway booze so I tried it out. Did not regret it.,Local life & places,-0.0176,2015-10-19 22:30:52
cnqi50o,theclumsygiraffe,Just a typical day in Melbourne.,Local life & places,0.0,2015-01-16 02:53:31
cvsvswb,probspot,Man Lisa Wilkinson has to be one of the most cringeworthy interviewers on TV. She's trying too hard to be a tough interviewer but just throwing leading questions and in the end you get absolutely nothing from these interviews.,Jobs & money,-0.1154,2015-10-08 20:12:20
dnjcpo2,ayyyboiii,"my friend has a malamute, bloody massive dogs",Politics & traffic,0.0772,2017-09-26 16:19:24
cpfwpfd,Wizard_of_Ozzy,I'm thinking this time next year I'll be on American soil,Local life & places,0.0,2015-03-15 21:04:50
c1x648p,futilityinc,We get work coffee here every day and it kicks the absolute shit out of every coffee place on degraves/centre place. Fact.,Casual chat & reactions,-0.5574,2011-06-01 13:39:46
dg2wowf,fsckable,I love [Shakahari too](http://www.shakaharitoo.com.au),Politics & traffic,0.6369,2017-04-10 17:12:54
cfyougb,tanoshiiki,"http://adelphi.com.au/

Just been renovated, but may just be a little bit out of your budget.","Cars, bikes & police",0.0,2014-03-10 03:01:43
csy27qp,mtarascio,"Bryce actually reached out to me on /r/mtb/  We organised a ride and he gave me a lift up to Mt. Buller.  Even offered to let me use one of his bikes.

Pretty chill dude, and the crime caught up with him.

I got robbed by my heroin junkie housemate of most of my valuables.  I got my stuff back and have no real ill will.

I'm a pretty chill dude though.",Work hours & uni,0.5567,2015-07-10 00:37:52
czx6mrj,moring200,melbourne will eventually look like a chinese city with all the commieblocks they are approving,Opinions & public issues,0.3612,2016-02-12 11:15:53
duwa0n1,thrml,Didn't sound like that to me. /shrug,Politics & traffic,-0.2755,2018-02-27 07:33:08
e6dnpyx,scriptkitty1337,"I believe you could make a case to whoever you signed with to release you from the contract.. I really hope they would be kind enough to cancel it since you really got fucked there.

I moved to Melbourne recently and I haven't had any problems with crime (apart from witnessing a hit and run on a car). In the future always keep your bike inside. I am actually going to get my skateboard and bring it inside right now.

Feel better bro :(",Work hours & uni,-0.3242,2018-09-21 14:06:43
dpnn956,smoothAlarmcock,"I can't do it man, teach me your ways",Work hours & uni,0.0,2017-11-11 06:32:15
dpnqzib,iamthinking2202,But I thought Ireland was Britain's umbrella?,Politics & traffic,0.0,2017-11-11 09:14:25
cpve8w2,ApatheticElephant,He was only saying what most people were probably thinking at the time. There haven't really been any signs of progress on this until this post.,Jobs & money,0.4215,2015-03-30 10:41:31
cnhqkcp,the_marque,"Subways aren't light rail, they're functionally almost identical to any other train line, they just run entirely underground. And they favour frequency over the capacity of the trains but that is a practical choice, it doesn't actually change the system any.

None of those European cities (or SF) actually have bigger tram systems than Melbourne. Melbourne's really is the biggest in the world (in mileage, obviously, not patronage), just a product of having a sprawling Australian city and still having trams.",Casual chat & reactions,0.2382,2015-01-07 22:31:31
cl6vvcx,pressbutton,"Yeah man you're totally in. Keep up the good work. 

Any photos of this $400 fedorable hat?",Politics & traffic,0.6249,2014-10-11 23:10:57
d5a4xbe,futtbuckicecreamery,"Getting a bunch of stuff done and feeling good about it, but oh boy has the anxiety risen. I just wanna be regularly productive :/ 

Gonna go do a meditate.",Politics & traffic,-0.4497,2016-07-13 03:22:33
cpkx2oa,CosmicMoggie,"Even if he gets 30 years imprisonment, he will still be treated better than an refugee seeking asylum and relocated in an off-shore detention facility.",Trains & trams,0.1027,2015-03-20 12:27:45
dmgo443,cool_hand_jerk,I want to say Macaulay station? But I don't recognise the big knob in the shot.,Jobs & money,0.0387,2017-09-02 09:58:47
cjpyudm,NoodleBox,"Why? 

^(no, seriously we're using it to teach code here.)",Jobs & money,-0.1779,2014-08-14 12:38:18
dwuii1v,pressbutton,Same here. Had them before and nothing overwhelmingly negative to report,Work hours & uni,0.5216,2018-04-05 11:45:46
cuq6tnq,StupidSam,I'm willing to bet they actually won't be! But still cool!,"Cars, bikes & police",0.5475,2015-09-04 06:33:34
xzmzm,Supersnazz,"Lord Of The Fries, Pieface, Grill'd etc. They won't really have time for a sitdown meal, unless it's super quick.","Cars, bikes & police",0.5994,2012-08-10 09:40:21
ds2dod3,Davolo,"Australia signed the International Refugee Agreement. We have taken a seat on the United Nations Human Rights Committee.
The United Nations is getting hoarse reminding us of our obligations and to stop breaching human rights in the treatment of refugees.

We don’t get to pick and choose what ‘type’ of refugee we receive. Our obligation is to assess, reject the application and return, and if found to be a refugee grant a visa,  or resettle to an agreed 3rd country without refoulment.",Opinions & public issues,0.8176,2018-01-02 03:59:52
cl9bd4e,InactiveUser,"Kmart. I have never had any issues with them at Gladstone park or Geelong. Its cheaper, reliable. They tell you what they will do and quote you the price, if anything changes, something that needs to be looked at they call you.",Opinions & public issues,0.0,2014-10-14 17:29:29
dq91etm,Gaychaelll,Doesn't really make me feel any type of way. It's an improvement but I'm so salty over constantly facing delays on the line that i'm pretty much indifferent to their efforts.,Work hours & uni,0.6249,2017-11-23 21:18:06
cnd1g4s,Chairsniffa,"If someone was walking around looking smug and rested today, it could be because they just came from the Pilbara or Central Desert, and for them today was just a winter's day to them. When I first moved here, I was like ""This is Hot to you? Really? You're pulling my leg. Really?""",Local life & places,0.5913,2015-01-03 10:20:08
co7dzsx,wanderer117,"Yooralla op shop, Elgin St in Carlton","Cars, bikes & police",0.0,2015-02-01 03:37:10
coaj2un,zozozozozoz,I bought some a couple of weeks ago.,Local life & places,0.0,2015-02-04 03:03:32
chyssmj,danKunderscore,"There was a radio ad about it. 'You'll start seeing taxis in different colours, making it easier to identify the companies you want to use again!'",Work hours & uni,0.5255,2014-06-04 09:48:35
cw2t0yv,andreasbabz,"I have been looking for a while too with no luck. A proper boxing gym doesn't seem to be a thing anymore, at least one close to the CBD that is.

Used to go to one in Geelong, $2 donation, use speed bags whatever, sparring and it was run on a timer 3mins on, bell rings and 1min off bell rings again.

It was run by an old boxing man who yelled a lot. 

Wish I could find one like that, not the gyms that just have some boxing equipment.",Trains & trams,0.4059,2015-10-17 09:36:19
d4pn21a,atregent,"Right here with you, buddy",Trains & trams,0.0,2016-06-27 08:48:58
dwubno7,Anton9000,"Take it as a sign that you shouldn't deal with that Real Estate Agency.

If they're doing that, who knows what else they are up to.",Jobs & money,0.0,2018-04-05 07:44:57
cpzpbsr,PokeSec,"Well you must be fun at parties. Though you're absolutely right, at the minimum he should aspire to have a portable beach house also.",Casual chat & reactions,0.7964,2015-04-03 05:08:54
d9nj1gj,nfank,"I hate seeing people do upright rows, that shit looks harmful",Politics & traffic,-0.8074,2016-11-06 00:22:46
dbxr2ht,probshudbworking,Nooo! I so badly wanted this to be real!,Jobs & money,-0.6783,2017-01-03 07:56:30
c1vttda,Tomble,"Not really, giving someone chocolate when they've been enjoying chocolate all their life works.  You wouldn't just give the guy a box of teabags, you'd get something nice rather than the equivalent of ""Hi dad, I know you love chocolate so here's some carob I bought at wholesale through my health food store"".",Politics & traffic,0.8461,2011-05-24 22:32:22
e8nk9em,Big-White-Dog,"We usually get packets of fun size Mars bars, milky-way bars, and so on. Just in case.

We generally end up eating them all though","Cars, bikes & police",0.5106,2018-10-29 09:46:33
dmoftvj,jimothy3175,"Mate it me was me, was doing a sparky job few doors down. Look...your wife was giving me a strip tease",Politics & traffic,0.0258,2017-09-07 10:28:47
dvu6257,JimmyJizzim,"Yeah, I suspected so. For those who have bought though, is it even worth searching your budget range? Or should you just dismiss those and only search for ones 50-150k lower?",Jobs & money,0.0,2018-03-17 06:41:27
e0167dm,tofucurrydoggo,And you cannot BEGIN to imagine how frustrating that is for the staff members responsible for your safety.,Work hours & uni,0.296,2018-06-03 07:41:13
d5abaos,DontMentionWombats,"Two solutions I can think of:

- tie the game to the Pokemon client and include an overlay for that client app.  So the Pokemon client would be running in the background, and through it,  your assassin app will also see Pokemon (I haven't played, I assume everyone sees them when one appears?)  So again, you can use accelerometer + gps to detect movement - if someone is moving directly towards a known Pokemon then it's likely they're playing.
- Include a voice recorder that detects the phrase ""HEY ARE YOU PLAYING POKEMON?"" and can differentiate between YES/NO answers.  But that would just be cheap.

Or, failing that, we could just shoot paintball guns at people staring at their phones all day.",Jobs & money,-0.7852,2016-07-13 07:17:31
dv1v9sh,chillinintheburn,Ah the old medium rare chicken burger,Politics & traffic,0.0,2018-03-02 02:44:04
drdft37,stewartmjohnson,Fourth drawer (bottom drawer)..,Politics & traffic,0.0,2017-12-17 12:14:28
c7a6jte,miiiing,"$ menu, $1 small fries is cheaper then the $2.75 large fries in net weight. They usually overfill the small fries too. In all if you buy 3 small fries for $3 you get quite the amount. Try it yourself, buy a large fries, and then buy three small fries on the $ menu and see what comes out on top.

If you really want to be technical look at the nutritional information and you can create energy/money.","Cars, bikes & police",0.5413,2012-12-02 21:37:56
d36who9,misskass,"More accurate would be otherkin, although there is definitely an overlap with the furry community.",Work hours & uni,0.4019,2016-05-16 00:07:33
31ratc,elliott954,"So yep as the title suggests im looking for the video who set up a BBQ or a DJ set on a Melbourne train a while ago, I did some digging on the subreddit and I couldn't find anything and I don't want to search through X amount of videos through my history.

I do apolgise for putting a shitty request in but I really want to find it again.",Jobs & money,0.058,2015-04-07 15:36:35
cgdr9h2,megablast,"It is probably cheaper and more useful to install it on your car. A house would be more expensive, and slightly less useful.",Opinions & public issues,0.6728,2014-03-28 00:41:13
cohtmnv,fishyfish16,"I agree, it isn't always an option and it is better to be realistic. Time is also an answer for me. Right now, I've been just changing out my love of soft drink for water and juice that I've made myself. Is there anything you want to change?",Trains & trams,0.872,2015-02-11 04:14:43
dsr5i7q,superjaywars,"It’s the Hutchy shakeup, isn’t it?",Work hours & uni,-0.1531,2018-01-16 06:51:26
d529xik,zozozozozoz,"True. If so, sorry to Jimmy.",Jobs & money,0.3612,2016-07-07 02:06:12
d050ghd,Bremic,"I don't drive in the CBD, but as a pedestrian I see this every day. I am amazed I have only seen a half dozen accidents.",Work hours & uni,0.3291,2016-02-18 21:13:50
ca0gokm,stfm,Do you mean give it back or donate it to charity?,Opinions & public issues,0.4215,2013-05-17 06:35:57
cp4gs9a,rowdiness,There is a freeway bus service where the stops are at the freely entrances - could be that? Otherwise eastern freeway walking / cycling trail,Casual chat & reactions,0.4019,2015-03-04 21:07:25
c9kwwq0,Heater79,I work in the building that is currently there now (NAB). It's an old relic - wayyyyy past its prime. We're vacating in the next few months to move into the new NAB building at Etihad stadium. Would make sense to tear the thing down and start again.,Opinions & public issues,0.0,2013-04-23 13:17:44
e5fa4s5,mc_mike96,I remember they'd meet there and have full on parties/raves at Birrarung Marr that I 'crashed' a few times. This was only 4-5 years ago but I feel like you couldn't get away with that today with the increased police presence in the area and all.,Local life & places,0.7096,2018-09-05 08:18:25
dts8b1r,mouseytung,"Good morning! I've been eyeing some ex-China goods and trying to decipher the accompanying alphabet soup.  Thanks so much for your inights. Would you mind sharing your list of freight forwarders with me also, please? 😆","Cars, bikes & police",0.9134,2018-02-05 19:29:06
d4e31s5,Geovicsha,For a chick you sure like to talk about enjoying blowjobs. Fucking moron.,Politics & traffic,0.5729,2016-06-18 07:40:50
died8al,Deceptichum,"Huh TIL the Norks have a [tram system](https://en.wikipedia.org/wiki/Trams_in_Pyongyang).

Judging from the Wikipedia, were you on the free tourist Kŭmsusan line? Or can tourists go on the three main lines?",Casual chat & reactions,0.5661,2017-06-03 07:23:12
e4v6m2e,fearofthesky,"I'll just allow my flair to speak for itself for a second. 

Keep the ban hand strong, mods.",Trains & trams,0.5859,2018-08-26 15:29:47
chpqamc,OboesBleat,You know you're stingy when you wait for peanut butter to drop in price.,"Cars, bikes & police",-0.5719,2014-05-24 01:53:46
ck5bj9j,OboesBleat,"Heya Steve, thanks for replying to my ragepost, I was feeling my blood pressure rising as nothing I was doing fixed anything.

I have resorted to using bing for searches, which is unbelievably quick, but internet is still acting wonky...

My speedtest would run just fun, but it would nearly finish the download test, then the number would keep decreasing by one digit...so the upload test would never begin :P

Really makes me reflect on how much I depend on the internet.",Jobs & money,0.5539,2014-08-31 09:32:39
c7u27nt,grant1wish,If you go to a qualified PT you will be covered by their compulsory insurance. If you put your trust in someone you have never met and something happens you may regret it. It's fine to get advice from others but do your own research on their claims or techniques first.,Work hours & uni,0.1655,2013-01-09 22:17:54
d52nq0j,PM_ME_YOUR_CHESTHAMS,"Decided to walk to Coles and give Pokemon Go a shot. Didn't realise I had to carry shopping back. Well, fuck...",Politics & traffic,-0.34,2016-07-07 11:03:30
d0mqo11,raybal5,A lot of people get paid on a Thursday so many of them will fill up on a Thursday.,Local life & places,0.0,2016-03-04 00:44:20
ciflq18,cayal3,Yeah I couldn't imagine they would get insured for it.,Politics & traffic,0.296,2014-06-24 08:48:27
cv6hv8o,Lichenic,Anyone else noticed the amount of Australian content making the reddit front page recently? weirdly high. I like it,Jobs & money,0.0772,2015-09-19 00:54:54
dw8g86o,toms_face,"Sounds like you're just Chinese and Australian then, although probably just Australian with Chinese cultural characteristics. I don't care either way.",Trains & trams,-0.033,2018-03-24 23:46:32
cohubse,fishyfish16,"WHAT?! Okay, must go there. Definitely. I hate finding shoes for my tiny feet. I'm only a size 5..",Politics & traffic,-0.1007,2015-02-11 04:38:28
e5jm5z3,smhfc,There’s Southland station and Cheltenham station.,Casual chat & reactions,0.0,2018-09-07 07:37:25
dym7nkq,nomoreyoyoo,Yeah okay but bendigo?!,Trains & trams,0.3274,2018-05-08 00:55:56
dag6jsl,iamthinking2202,"For people maybe, but nobody will care if it is cargo!
It could be a way for fast cargo transport",Casual chat & reactions,0.68,2016-11-26 11:09:54
dmvye7s,cayal3,Oh I have it already. Just thinking it one ever gets faulty or want to upgrade.,Politics & traffic,-0.25,2017-09-12 03:36:51
e23nomu,William_Shears,Sorry only Labor governments are allowed to build public transport infrastructure,Opinions & public issues,-0.0772,2018-07-10 02:06:27
dqsh7qc,vendilion,"It's been happening a lot the past week or two. New comments will instantly go to 0. Looks like a bot, I wonder who hates us all that much.",Local life & places,-0.1027,2017-12-05 06:50:59
e0bl5yn,eatsbacon_,If he's a nice guy just go along with it and let him live in his little bubble.,Trains & trams,0.4215,2018-06-08 11:35:03
e397wvd,jessicaaalz,Flatmates.com.au and flatmatefinders.com.au :),"Cars, bikes & police",0.4588,2018-07-29 21:09:51
c3x66oy,KeelBug,"Easy come, easy go.",Politics & traffic,0.7003,2012-03-03 02:49:10
e0de3hp,blosdesign,"For Japanese Fusion, Mr Miyagi or Sash on Chapel Street. Can get really busy/loud on weekends though.  Or in the city, you could look into Chin Chin or Supernormal, also Asian fusion style restaurants. Supernormal do a lobster roll (small entree sized) which is amazing.","Cars, bikes & police",0.5859,2018-06-09 06:39:06
de9qoat,Omegaville,"East isn't just anything on the Burnley group.  How do you define the City of Manningham, which has no railway?",Casual chat & reactions,-0.296,2017-02-27 09:35:32
d4a2a5z,notasgr,"My mother-in-law bought us groceries and had them delivered, after we'd had a bit of a tough weekend.  She included baileys icecream, tim tams and beer.",Local life & places,-0.128,2016-06-15 12:16:54
d1y4udd,grahampaige,obviously the are not good are arguing their case then.  They need better representation,Work hours & uni,0.4541,2016-04-11 05:05:28
dretb8f,pk666,^ This is the only acceptable answer.,Work hours & uni,0.3182,2017-12-18 05:41:54
d7vpsmz,lukeptba,If you're in a relevant union for the industry you work in see if they offer free appointments. I understand most if not nearly every union is not as strong as mine but it is worth checking.,Work hours & uni,0.3917,2016-09-21 06:34:59
e6nrs6y,Krisasaurus_Rex,No shit I had a dream I was reading the mx last night and woke up this morning all depressed like. This is amazing,Local life & places,0.786,2018-09-26 08:06:31
e755n5c,JummiPlz,One day.... need a 4k camera and a rig that can render that. Check back in a bit :p,"Cars, bikes & police",0.128,2018-10-04 09:32:47
dabo7ub,Shitpost_wharblgarbl,"Heres the thing, it didnt.

So giving him a 20 year sentence is well out of line for the crime committed.

2-3 years max.",Work hours & uni,-0.3749,2016-11-22 23:08:26
e43mcgm,stfm,Mine pronounces Macedon (mass-eddon) as MacEdon (Mac eedon). Pray for me.,Jobs & money,0.3182,2018-08-13 06:14:38
co7d4nh,BaconSyrop,"I was just there yesterday dammit 
I'll have to go back (what a shame ;) )",Jobs & money,-0.296,2015-02-01 03:07:51
c3b5adp,zutroi67,"That storm sucked, but this here is some great work Australia!",Local life & places,0.7133,2011-12-25 23:38:14
dlvk41g,DrkCyd,It's in Keilor up on the hill.,Casual chat & reactions,0.0,2017-08-20 09:33:29
dto7jzw,WhiskeyJack111,Can confirm. Titan has broken throught the gate,Jobs & money,-0.4767,2018-02-03 12:11:54
cuwetmn,minkerevolt,"That's one I'm pretty interested in, what's your impression of it?",Local life & places,0.7783,2015-09-10 03:42:16
dwyg9yc,ifoundcarmen,"Dunno the building, but it's next to the food mall off little Collins, above the Hawaiian place.","Cars, bikes & police",0.0,2018-04-07 06:36:10
ceqfihl,gFORCE28,Is this week the most active this sub has been?,"Cars, bikes & police",0.4576,2014-01-15 21:03:10
cjumhg6,Greedeater,"Nah, it was a club to begin with, and the original Nominee was barely scraping by from what I saw.",Local life & places,0.2263,2014-08-19 15:47:32
d39l3d2,jonathenoodle,"Ah yes, I've heard good things about that place. Thanks for the suggestion!","Cars, bikes & police",0.8313,2016-05-18 00:44:26
d0ckdyp,atregent,"My gym has the body scanner back this weekend I think, so I'm super interested to see if anything has changed.

Last scan at the beginning of the month said I was 36% body fat. My scales this morning told me I was 30%. I'll be super stoked if I get anywhere near that drop, but I suspect it's wishful thinking and inaccurate scales.",Local life & places,0.3962,2016-02-24 23:03:58
e1r33z9,wharblgarbl,"I disagree, the problem is that people don't be the change they want to see, they expect others to do it for them. The now deleted comment had a point, how can you complain about the content when you don't contribute?",Jobs & money,-0.7579,2018-07-04 00:44:58
cbarr35,universe93,You'll probably be right if you're happy to use Telstra or Optus. For any other ISP you'd want to plug the address or a phone number as someone else suggested into their website to see. You'd be surprised how the availability of ISPs like iinet or TPG disappears once you're an hour from the city!,Politics & traffic,0.7644,2013-07-26 15:51:09
ck9wj42,aintnohappypill,Most forget to get back on the plane....;),Jobs & money,-0.2944,2014-09-05 14:29:24
cutu6md,Wizard_of_Ozzy,I wish I had a work mobile so I could do this.,Jobs & money,0.4019,2015-09-07 22:32:18
e6p6wtz,calhoon2005,"&gt; Doc Brown so we could go to times in history I've always wanted to see.

Also, you could just stretch that day out for as long as you wanted....or could you...aaah, time travel paradox...confused myself now.",Local life & places,0.0,2018-09-26 22:28:02
d5a8cr5,cuchulain84au,"I assumed that it meant in long term percentages. That said, just looked it up and Roulette's is better than I thought it was.",Opinions & public issues,0.4404,2016-07-13 05:11:18
e4ft2vg,sometimes_interested,"Erskines falls in Lorne

Stephenson's falls at Marysville.","Cars, bikes & police",0.0,2018-08-19 00:47:24
cvdehxj,argo1230,"Thanks for the link, it's awesome. If the listing didn't include the land size I probably wouldn't go for the inspection as you can pretty much tell it's a small house or townhouse from the provided pics, but that 483 m² is really misleading, I thought there might be a backyard that was not in the picture, anyway I guess I should have done more research, using the tool you linked, checking the satellite image, etc.",Jobs & money,0.1557,2015-09-25 03:43:39
cubr4zq,dojoca,No but they do have signs to indicate an area is a hijacking hot spot... like so http://southafricatoday.net/wp-content/uploads/2014/07/a0a9d115dd144ba3ac7cde4ea8ed9fd6.jpg,Casual chat & reactions,0.3919,2015-08-22 13:13:04
cfbh35d,locstar3,"I dont know anywhere these days. 
But I can say that you used to be able to access the roofs behind the Greater Union via the carpark next door before it was knocked down.",Work hours & uni,0.5023,2014-02-10 05:11:51
ck5041u,atregent,"Well, not with that attitude it won't!",Work hours & uni,0.3382,2014-08-30 23:29:02
cwty36x,faction12,"I've sold everything I've listed within a week on there. It's really active, even for relatively obscure stuff. Sold a 6 year old intuos tablet in 3 days for example",Local life & places,0.4576,2015-11-09 10:37:15
dd9uami,jessicaaalz,Looks like you can park for as long as you want from 6pm - 11pm.,"Cars, bikes & police",0.4215,2017-02-03 08:09:25
d7sw1pa,Mr_Cascade,It would depend what they did with the cash after the sale/lease...if they reinvest in new infrastructure/assets then its not necessarily a bad thing...if they just use it to prop up middle class/upper class welfare then it would be a waste...,Opinions & public issues,0.0129,2016-09-19 07:50:45
ca2xbag,dreamschool,Neither do I.  I also don't think it's unreasonable to consider it as a possibility.,Trains & trams,0.0,2013-05-21 08:46:25
cz3s2l7,lalex909,Sheesh .. and that's the thanks you get? That's rough mate. Enjoy your slumber.,"Cars, bikes & police",0.7269,2016-01-19 09:45:19
daseecv,rote_it,A good rule of thumb is to roughly double the fuel cost to include all costs of running a car. So if you spend $50 on fuel per week then the real total cost is ~$100. Significantly more than most people spend on a Myki ticket.,Opinions & public issues,0.4404,2016-12-04 22:20:33
dt31h4t,cayal3,"I am quite lucky, I get Yellow-tailed Black Cockies, King Parrots and Gang-Gangs as well as some birds of prey. Plus a lot of water birds on the creek.

It's really weird I don't get Lorikeets though.",Politics & traffic,0.4939,2018-01-22 22:32:28
dt3sor7,Pondglow,Just came home to cat vomit on the window sill. You'd think this would be bad news but I'm actually just delighted that he didn't vomit on carpet and that I didn't find it by stepping in it. Thanks Glow!,Politics & traffic,0.8096,2018-01-23 08:00:44
csus29o,acefreemok,It's not only feasible but quite likely. Telcos work with police on these matters and it's fast and easy to find anyone whose been in two areas in a short period of time. It's also possible the car drove on citylink at some point.,Work hours & uni,0.6124,2015-07-07 08:13:48
denh1kr,yonkapin,"Well that's good. Synthetic cannabinoids are some evil shit, and shame on any of the dodgy cunts who peddle the shit on unsuspecting idiots just looking for some fun. 

But for sure just legalize recreational marijuana, I'm glad we have the medical stuff coming through but even that is so tied up in bureaucratic bullshit that it's not going to mean jack shit for 99% of patients who might benefit from it.",Work hours & uni,-0.4497,2017-03-08 05:13:16
e5lntkk,temporaryclouds,"Be honest with me, are you legit autistic?

Are you incapable of distinguishing between a joke and a serious comment?

Do you take all statements literally?

Do you read the same tone for every single written sentence?",Jobs & money,0.594,2018-09-08 07:12:09
d52h0km,zozozozozoz,"sometimes it's hard to remain calm.

fun fact: nearly said remain clam. also hard to do.",Trains & trams,0.5859,2016-07-07 05:28:39
cczyi7w,gaffa,"Cycling is pretty reasonable - there are some good bike paths now that are fully separated from the roads, and a lot of bike lanes. Have a look at the [openstreetmap cycle map](http://www.openstreetmap.org/#map=16/-37.8071/144.9701&amp;layers=C) - blue casings on the streets are roads with bike lanes, dark blue are primary bike routes, and light blue are bike paths (grade separated) - there are also some copenhagen lanes in some city roads.

Drivers can be a bit shit sometimes, but the roads are a lot wider than London at least, so I think on the whole it's probably better (been a while since I've been cycling in the UK, so things may have changes)",Work hours & uni,0.6808,2013-10-26 11:34:05
crtpn76,Daemonicus,"Lesson: Pick up your dog shit, people.



*****

**edit**

Since you folks just want to downvote without any rational discussion, I'll explain my position a little bit.

I'm not saying that what the person did is right. Far from it. I'm not saying the dogs deserve it, or that the owners deserve to have their dogs harmed.

But... If you do something douchey, that affects everyone else, don't be surprised when some psycho gets triggered by your lack of etiquette. There are a lot of unstable people in the world. That doesn't mean you should have to tip toe around, all the time. 

What it does mean however, is that you initiate some personal responsibility. If you see some drunk asshole late at night, don't go up to them and punch them in the face. If you see a homeless person doing a drug deal, don't interfere with them directly. If you are in public, don't go randomly bumping into other people. Don't leave your dog's shit lying around. Pick it up. Doing any of this stuff increases the risk of a psycho turning on you, and fucking with you in a bad way. Smarten up.


Basically, don't break the rules and expect someone else to not break them to get even. The world isn't fair. Act smart, and be courteous to everyone. Just because you're too lazy to pick up some shit that you're responsible for, doesn't mean we have to risk stepping in it.",Work hours & uni,-0.987,2015-06-03 02:02:40
cifh1gf,DaveCannaGrow,woah..i expect liz st to be under water soon as well..shit!,Jobs & money,0.0,2014-06-24 03:51:22
dt3t7zr,swertsta,Interesting I live in the general area always hear good stories about them. The Pascoe Vale Vet seems to be on the pricey side but no complaints either. I take my dog to strathmore vet never had a problem.,"Cars, bikes & police",0.8212,2018-01-23 08:21:10
dyitws9,BenV17,I’m convinced this isn’t a bot now,Jobs & money,0.4019,2018-05-06 04:15:38
ck4yhde,continental-drift,"Ahhh 6:40 on a Sunday why do we always meet? Off to the folks place today for a family get together, the wife has said she'll drive home so drunk drift is on his way!",Local life & places,-0.528,2014-08-30 22:22:51
e5nnk1s,9d5c6c,"Out of curiosity, if some neo-nazi attended a Greens meeting, would that make the Greens neo-nazis?",Trains & trams,0.0,2018-09-09 09:04:26
crsx97l,parablevisions,"Fuck, I thought the tacks in the parks was bad enough, this is beyond sickening to think about.",Jobs & money,-0.886,2015-06-02 13:05:57
d24xcit,Omegaville,"If it gets cold enough, Mt Macedon and Mt Dandenong get snow.",Casual chat & reactions,0.0,2016-04-16 04:38:59
c3eznud,rokshocka,"Yeah I got off lightly, my friend had his nose broken and 4 teeth chipped. I wrote this post while waiting or my friends to finish their statements. I'm just glad we're alive.",Local life & places,0.875,2012-01-08 03:02:22
cad9tnb,UnholyDemigod,"Went there for a mate's birthday. Pretty decent. Good food, and the dancing isn't 'sleazy' but it'll still get you going. Only problem is there's only about 4 dances that go for about 5-10 minutes each. They fill in the rest with comedy type stuff.","Cars, bikes & police",0.4118,2013-06-06 11:18:42
crtgppn,sLIPper_,"i live close to these areas, i have a car, ill have a look around next time im on the road",Casual chat & reactions,-0.4215,2015-06-02 21:36:42
cw3dqn9,MangoPandaa,Or you can do your own exploring! No? ^okay,Casual chat & reactions,0.2942,2015-10-17 22:35:23
cloz2da,By_Jingoes,"I just drove my train to Sandringham and there were so many kids dressed up I'm still smiling!!
I know it's nowhere near Glenwaverly I am a massive Halloween fan so am stoked to see kids celebrate it no matter where they are : )",Local life & places,0.8594,2014-10-31 06:33:37
di0nybg,PeterZ1998,"cops shouldn't carry a firearm? what progressive utopia do you live in dude?, you progressives always deny that their is an issue! i support Doyle's comments.",Work hours & uni,0.2387,2017-05-25 08:56:07
dedxz96,flukus,Poverty I'm guessing. I bet you'd find the same in poor white communities.,Trains & trams,-0.7506,2017-03-01 22:02:05
d7a4rpk,Goatus_OQueef,"I love taking the family to the open wildlife reserve (try to walk through the emu paddock with a visible feedbag without being chased.)

The penguin parade is certainly something to see once. Don't bother paying for 'premium seats' as they come ashore because you'll get better close ups from the boardwalk as they race to their homes. 

I always take my kayak down too. There's usually nice open and empty beaches if you avoid peak times.

There's also a few good geocaches there if you're into that.",Casual chat & reactions,0.9222,2016-09-05 10:52:00
cjv7e2n,wetyourwhistle,"Just moved to murrumbeena.  Not a lot going on.......but the place we got is somewhat rad and cheap.

Moved from chadstone/oakleigh.  Soooo much better. But then again my bf and I are nomads most of the time. We're not totally sure of places to go since we moved here a year a go and don't have many friends.....we'll get there!!!",Local life & places,-0.4008,2014-08-20 02:51:09
cdtyu65,ltmon,"Two we've used: 

Treetop kennels in Sunbury (always good experience here, but they're not luxury or anything)

Kepala Pet resort in Diggers Rest (the full 5-star treatment)","Cars, bikes & police",0.2382,2013-12-05 04:57:39
d9p9bsq,testbug0,"Not always, the Harris Scarfe at Spencer Outlet has decent prices sometimes","Cars, bikes & police",0.0,2016-11-07 06:25:28
cwmncrb,mr-snrub-,"They just updated. The horse is fine.  
http://mobile.abc.net.au/news/2015-11-03/red-cadeux-injured-melbourne-cup/6908896?section=sport",Jobs & money,0.2023,2015-11-03 07:09:06
d9et3jl,Xerozia,I meant that in relation to what someone should be self-aware of. The rest was more generic information.,Work hours & uni,0.0,2016-10-31 02:14:35
dbghhat,ruinawish,"Just popped into Coles... it was some kind of hell with all the Christmas tunes and uniforms. Though weirdly, Backstreet Boy's ""Everybody (Backstreet's Back)"" came on at one point.",Politics & traffic,-0.796,2016-12-21 08:17:53
cvsyax4,zozozozozoz,Is bring a friend at 8 or 9?,Local life & places,0.4939,2015-10-08 21:12:58
cknb25o,SuperRoach,"Afternoon all! Mega sleep in was just the ticket. Real estate looking at house today so can't be too long. Plus old highschool friend catchup. that should be nice.

Goog luck everyone going to the #bbbbbqfest! looking forward to awesome photos","Cars, bikes & police",0.9285,2014-09-20 02:10:20
d05fuc2,Fountainhead,"&gt; For all those elusive dual turning lane hook turns right?

Aren't most of the hook turns in the CBD turning into a dual lane?  I can only think of maybe one on Collins that's not turning into a dual lane.",Work hours & uni,0.0,2016-02-19 03:26:28
cwy6n84,DontMentionLobsters,"It's to discourage people from shaking trams to get free candy.  Those things can fall on you.  Very dangerous, trams can be heavy.",Trains & trams,-0.5563,2015-11-12 22:01:56
cqwq1ss,daz123,"They should have been doing this years ago,same as on holidays etc instead of whinging about having to pay someone on low wages a bit extra.Let the customer who wishes to use the service pay for the privilege.",Opinions & public issues,0.4215,2015-05-03 05:49:10
dc4vom7,Mr-Euffreducci,The SJWs have infected the BoM aswell /s,Politics & traffic,-0.4939,2017-01-07 23:23:29
dpydbi6,potatoinmymouth,You sound like you know what you're on about - how much of an impact do you think this new initiative will have on stroke results?,Opinions & public issues,0.3612,2017-11-17 11:31:16
d5a3j19,FallschirmPanda,Different DAC probably. A crappy mp3 player will probably give better sound than a phone.,Opinions & public issues,-0.1779,2016-07-13 02:43:41
c2tr12o,beedogs,"The actual running of the trains has been privatised, but the infrastructure (track, signalling, overhead wires, etc.) is still the responsibility of the government.  Oddly enough, it's the infrastructure that's most of the problem.",Casual chat & reactions,-0.6054,2011-10-23 13:11:51
dfwhx8l,mistyrain001,I only just realised that Maccas was gone.,Local life & places,0.0,2017-04-06 09:43:09
carjfmg,sortius,"Yeh, it's DerroExpress, doesn't get there fast, but does eventually with little to no staining.",Casual chat & reactions,-0.3362,2013-06-27 21:11:42
d0g9gnf,HoldOnOneSecond,Ted Cruz is a pussy,Jobs & money,0.0,2016-02-27 23:01:53
dg161xp,delcanguro,"No I don't but I've run a few reddit meet up events before. Haha that's a hilarious and, well, sad name for a subreddit. Happy to help out if you want it though!",Jobs & money,0.9412,2017-04-09 13:24:57
dmvyxta,sftlns,"YAY! so happy for you!! ask him to try push for two weeks possible though, when i first came to visit my boyfriend i stayed for a week and it went by way way wayyyyyyyyy too quick.",Local life & places,0.8751,2017-09-12 03:50:20
cnz9uv1,TheDiarist,"If you go soon you'll still get to see some good tennis (mostly doubles matches) with a ground pass.  You'll have a good time.   If you wait around before a match you can see some premium matches at Hisense.   Been going for the better part of a decade now with all sorts of tickets and the ground pass is a cheap afternoon of entertainment. 

BRING SUNSCREEN.","Cars, bikes & police",0.8885,2015-01-24 12:10:26
d52d5k0,mac-87,Score one to the nannas!,Jobs & money,0.0,2016-07-07 03:29:37
d7j3b40,Hinxsey,"Bringing it up to friends over the weekend I was surprised at how many people have a dislike for him, I thought after Brooklyn Nine-Nine he was generally liked. Guess I was wrong!",Local life & places,0.3382,2016-09-12 02:51:13
d0zy2nm,SEXPILUS,The other day I just sat in my car for 20 minutes before work. Don't have to talk to anyone that way.,Local life & places,0.0,2016-03-14 23:04:27
6ijrfd,miggapls,Looking at narrowing down all of the choice out there.,"Cars, bikes & police",0.0,2017-06-21 05:18:49
dk8j9qn,RaptorsOnBikes,"Fucks sake, I touched on around 4:30 or something at Flinders then touched off again, so it was a 'change of mind'. I still had to wait around in the city for alternative transport and ended up taking a tram later. Sooooo, I'm ineligible for compensation. How fucking bogus.",Casual chat & reactions,-0.4767,2017-07-15 00:29:37
d5ebmo6,TimN90,"Fair point didn't realise that dude was an account with one post.  
Having said this I still think it was odd that all comments up to a day before the comment I replied to orginally had been deleted.  With a 5 year old account why bother?",Jobs & money,-0.34,2016-07-16 06:55:43
d7atcue,Hussard,"Island Primary Produce - best meat and vege on the island. 

My plans for Philip Is for the past has always been:

* Wake up, go for a swim

* Eat breakfast

* Read for a bit

* [ACTIVITY]

* Lunch

* Reading/Boardgames

* Swim before dinner

* Forage for food, start drinking

Or, you know, just stay in bed and have take away pizzas and sex.",Local life & places,0.6369,2016-09-05 23:08:30
e68wozv,it_fell_off_a_truck,Cheaper option. Install vandal proof smoke alarms in non-smoking areas. It will be annoying as fuck and people won’t smoke there. In theory of course.,Politics & traffic,-0.8074,2018-09-19 10:23:16
d108kf5,zozozozozoz,Sitting in the back yard watching the chooks roam about. They're funny little things.,Local life & places,0.4404,2016-03-15 03:40:37
do27r8n,Tyger_1,2min noodles for everyone?,Politics & traffic,0.0,2017-10-08 02:36:47
doknqab,tranquil21,"Thank you, will pass this on to my sister",Politics & traffic,0.3612,2017-10-19 03:50:23
d32djuf,formulatorrrah,"Bartender of 6 years here. Shifts range from 10-14hrs for 40-60hr weeks.
How would you get home if you went out late? The same as you would if you're working.. Cab, uber, walk, public transport.",Local life & places,0.0,2016-05-12 05:56:37
d3azqg2,aonf,"&gt;The US and other countries faced similar challenges from Japanese buyers in the 1980s.

Yeah, I'm old enough to remember when it was the Japanese who were going to be owning everything in just a few years. Oh, and it was Japanese tourists who were freaking everywhere and ruining everything.

So I guess this too shall pass... probably. The Chinese economy will collapse eventually, hopefully there'll be a revolution or something when it does, and we'll still be here. Once the CCP is gone maybe we can think about confiscating all assets held by CCP-linked individuals and get our land back.",Opinions & public issues,-0.2732,2016-05-19 00:45:49
d49pmpd,timetotom,Horizon Zero Dawn though!,Casual chat & reactions,0.0,2016-06-15 03:06:45
ciduh1e,NoodleBox,"Ooh! 


Yesterday I learned that FirstDogOnMoon did one. I watched all of that.",Local life & places,0.0,2014-06-22 05:12:59
ccizpqt,jamesbig2,"Australia is a shit hole. Just a big government hellhole where the government is our master and we're slaves. And most of the population has bought into it. You'll see it by the downvotes on my post. They love big government cock being slammed up their ass. It feels good to them. They've used the public schools to indoctrinate them well.

Australia is nothing more than a big communist state. Both Liberal and Labor are ever advancing the state's intrustion into our lives. Both of them slam the government dick ever harder. 

The government owns us here. We're peons. Useless peons used by the ruling class as playthings. 

And most people agree with it. They love it. People love being used by the big fat government state. They worship it. Statism is a religion in Australia. WE NEED MORE OF IT! That's what they chant. TELL ME WHAT TO DO! YOU OWN MY LIFE! MORE THEFT! MORE LAWS! That's our national anthem.

There's no hope here. Go galt. Fuck off out of this shit hole, leave the commies to their doomed collective.",Work hours & uni,-0.9177,2013-10-01 18:18:19
d52p8kr,Fumanchui,It didn't appeal to me until I was 29.,Jobs & money,0.0,2016-07-07 12:11:51
die228r,illiterati,You cannot outwalk your fork.,"Cars, bikes & police",0.0,2017-06-03 01:34:34
cplepdl,somnizon,I went to one of the ones organised on Facebook at the organiser was lovely and made sure to engage all the new people in conversation.,Local life & places,0.8176,2015-03-20 21:02:07
e1vgd2l,WRITE-ASM-ERRYDAY,Anyone going to try and score some old signs from their local station?,Jobs & money,0.0,2018-07-06 04:11:00
e0x0fdv,Putnum,Is that that stupid bird that won't fly away? Stayed until OP died?,Politics & traffic,-0.8105,2018-06-19 07:09:34
c9ktizd,AgentBloodrayne,"ah, thanks for correcting me. I've never been.","Cars, bikes & police",0.4404,2013-04-23 07:00:51
dz42amx,lemondrop__,Huh. Weird! It'll be interesting to see if anything comes of some studies.,Work hours & uni,0.3164,2018-05-17 03:29:06
ds0vcrl,DerGeekenberger,"Because it's a stupid troll comment, not worth engaging with. Hence the downvotes.",Jobs & money,-0.7271,2018-01-01 03:08:54
cizcddh,SimonGn,"I'm guessing that it was caused by driver error as the motor speed on these things are basically controlled by huge resistors, for which drivers are trained to let the tram either coast as much as possible or change through the resistance levels quickly to avoid an overheat and/or fire. There is a lever which is a variable resistor that goes from no voltage to motors in series circuit, then you keep pushing the lever and it transitions from series to parallel... If the lever is left in between no voltage &amp; series or between series &amp; parallel will cause a fire so the driver can only leave it on OFF, FULL-ON(Series) or FULL-ON(Parallel) but nothing in between. I might be getting confused between Series or Parallel but I know it's something to this effect because I stumbled upon a drivers manual once and it was specifically warned about the variable resistor and potential fires.

It's not like a car or modern tram where you set it to the desired speed and let the tram do that, you have to Coast, Accelerate, Coast, Accelerate, etc. That's why they still use these trams in start-stop traffic like Chapel Street, the technology is quite primitive for fast runs. Melbourne drivers know how to operate correctly so we haven't had many fires.

It does raise concerns about safety if one of these things do catch fire it is very hard to open the doors, and hopefully Yarra Trams/PTV/VicTrack/whoever are listening and can retrofit some safety systems on our W class for emergency door opening.

Hopefully some W class sitting around doing nothing can be cleared off the heritage list so it can be sold to them to replace it... and some expert advice to get to the bottom of these fires.

edit: W class tram fire in Melbourne and touches on the operation of how they work with resistors: http://www.transport.vic.gov.au/__data/assets/pdf_file/0004/30946/Fire-on-W-Class-Tram-946-La-Trobe-Street-15-Jan-2009.pdf

Wikipedia article that basically copies what was in that manual: http://en.wikipedia.org/wiki/Tram_controls#The_.22Handle.22_-_for_power_application",Casual chat & reactions,-0.5344,2014-07-16 20:44:52
di0m6jp,drunkill,Yep. Which is a bad idea.,Trains & trams,-0.3182,2017-05-25 07:34:57
cqbomu9,generalgreavis,"Probably a really good plan considering this is a junior agent (I think, she was pretty young)",Work hours & uni,0.7501,2015-04-14 04:52:18
ct5bci7,jayhow90,"They have 3 intakes per year in May, September, January. You can expect to wait at least 6 months. 
I had my first assessment January and probably won't even make the September intake.",Local life & places,0.0,2015-07-16 13:32:53
41hvvy,parawolf,"So our neighbours place has had an alarm going off for almost 24 hours now. It's almost like a constant alarm for a fire alarm. I checked out when I heard it first yesterday and checked around the neighbours and knocked on the door and nothing. 

I heard it last night and it woke me up through the night. No change. I called the police (local cops not 000) this morning as I know it's an old lady that lives there. They couldn't come out for an alarm and no sign of a person at home. 

Called police (locals again) and again nothing, they can't do anything. Ambos can't do anything. 

I could lie and say I hear a fire alarm and see smoke to get the firies. But really??? I'm not about to do that. 

But I just don't now if the lady is there or not (haven't seen her since xmas) and the place is locked up tight. 

I don't have details of the daughter that visits from time to time, I think I'll drop something in the letterbox and front door to get them to call me. 

Can I do anything else???

**Update 19-JAN-2016 @ 9:30am**

So after calling local Northcote police on the 18th at about 6pm, they didn't do anything but take a note, and said they cannot enter the property for an alarm going off. They said that Ambulance would say the same, and so with Fire Department. 

EPA Victoria say that while they have noise guidelines for residential, they have no authority to act, and that it is a council matter.

Darebin City Council were not available by any means at 6pm at night, and their website said that noise complaints are a 3 stage process of, speak to the neighbour, lodge a request with disputes.vic.gov.au, then finally keep a 14 day log book of noise issues before reaching out the council.

I called 000 at ~9pm last night, and they said they'd send a unit around. However I need to get to sleep, and so I did with ear plugs in to drown out the beeps. The alarm sounds like it is in the front entrance way of the house, and our bedroom is in the front of our house, so it is quite audible. I didn't get contacted by police last night, or at least didn't hear, so I don't know if anything happened.

So this morning I called City Council, and spoke to someone that understood my concerns and I outlined who i've already spoken to, and the response they have given me and called Preston police, who took my details and said they would send a car around to look.

So right now, i've got no idea what is going on, or even how to fix this.


**Update 19-JAN-2016 @ 12:30pm**

Appears that family have come past, either to investigate or help out. No information has come to me via the Preston Police or Darebin City Council.... I'd be more than happy to give my contact details to the family just in case I see/hear anything again - kind of a Neighbourhood Watch thing.

**Update 19-Jan-2016 @ 6:40pm**
Get home and no alarm. No call back from Darebin Council. No call back from Preston Police. No note or call from the neighbours family. 

Least I'll sleep tonight I guess.",Local life & places,-0.97,2016-01-18 07:18:05
c4lvx7a,Shilberite,"Myki mates, are fucktards, the one sentence I am over is ""Good morning Please hold your myki still on the reader for a prompt exit.""

if you dont touch on and off, you wont be able to get out at a station that has barriers without the aid of stationstaff",Work hours & uni,0.6705,2012-05-09 06:42:57
d7j7gct,antaresiac,"All right, which op shop? The ones in my area are absolutely picked clean by the staff :(","Cars, bikes & police",0.0202,2016-09-12 04:53:57
ccdun5o,ilikelotsofcoconuts,"Nah, use to live in Kew. We just called the council to arrange a date, got a sticker thing to paste on our hard rubbish and boom! Gone!

It seemed pretty common for people to just chuck stuffs out around my area where I used to live though.",Politics & traffic,0.4559,2013-09-23 16:23:32
csfzcdu,YoungJolie,"Thanks for suburb reccs, will check out Richmond too. Yeah, like that grungey kinda vibe. Sydney basically only has Newtown for that, Melbs is meant to have multiple areas with that vibe, which is ace.","Cars, bikes & police",0.765,2015-06-23 15:40:37
cvugzgy,note-to-self-bot,"Hey friend! I thought I'd remind you:

you are too old to go out drinking until the wee hours and still be productive the next day.",Politics & traffic,0.5411,2015-10-10 03:22:12
cxs3yul,cameronm,"The Pepperidge Farm ones available in the US are exactly the same as the ones here, made in the same factory and everything

EDIT:
Now that I think about it, I had [these Canadian Tim Tams marketed as Arnott's](http://imgur.com/IB7W2Ly) (bottom, you can tell by the english/french) which were exactly the same as the ones in Aus... I could actually be wrong about the ones in the US by Pepperidge Farm! eek",Politics & traffic,-0.5255,2015-12-08 22:40:54
cqh5gto,dropbear8mybaby,So... what you're saying is... that you're corruptible?,Jobs & money,0.0,2015-04-19 03:37:28
ciyoy8k,beergoggles69,The Ron Swanson in me wants to punch the author for including it.,Trains & trams,0.0,2014-07-16 03:28:05
dsys8ci,SomeCubingNerd,Ahem... that’s a brothel. Two or more neon signs and can’t see in is literally established code,Opinions & public issues,0.0,2018-01-20 13:10:13
dkvss39,LaksaLettuce,"The sale is next month. 26, 27 August. 
Got my eye on the Pandemic series.",Local life & places,0.0,2017-07-29 12:11:58
cfmru3d,toholio,I feel the same about people who take their kids to Costco.,Politics & traffic,0.0,2014-02-23 20:26:40
da4sfpy,MelbMockOrange,People put their feet on the seat on the public choppers.,Casual chat & reactions,0.0,2016-11-17 21:48:19
d0cl7ri,continental-drift,Throw some honey/jam/nutella on there as well and it's amazing. However crunchy or smooth?!?!?!,Politics & traffic,0.8082,2016-02-24 23:24:37
csxd1rm,drummer1248,"Can you sue him in civil court?(no idea what the Australian equivalent is, I'm in the U.S.).",Trains & trams,0.0,2015-07-09 13:23:11
dbg3q71,Cheese_the_Cheese,I used to do the cash truck when I had the bricks and mortar store. Now it's all phone orders from an ace team.,"Cars, bikes & police",0.0,2016-12-21 01:13:13
ca2xaf4,glowstatic,"I don't believe I ever said that false accusations *never* happen, but I think that it's not unreasonable to mark 2.1% as being rare.",Trains & trams,-0.1655,2013-05-21 08:43:04
dz3rmi1,Hinxsey,Go to the chemist and get some earplugs. It's not a perfect solution but it should block out enough noise so you can get some sleep,Casual chat & reactions,-0.7453,2018-05-17 00:19:43
ci696al,rasqash,"Well, I've had no contact so I'm guessing pregnant fatties aren't wanted. Damn",Jobs & money,0.2865,2014-06-13 02:48:57
dzte8rk,SmallpoxAu,this is why we can't have nice things,"Cars, bikes & police",-0.3252,2018-05-30 11:30:52
3gfllt,flatlinerz,"Looking for a good cafe in the south east suburbs that mame a good coffee, I'm in the Glen waverley area, any recommendations? Thanks","Cars, bikes & police",0.8271,2015-08-10 05:36:22
dsr5owq,futtbuckicecreamery,"Watch where you point that thing, I nearly cut myself on the razor sharp edge.",Work hours & uni,-0.2732,2018-01-16 06:57:19
cldd7nn,danKunderscore,Agressive drunks often accuse other people of trying to trip them. Happens all the time on public transport.,Work hours & uni,-0.2023,2014-10-19 01:42:19
dbgjz56,ruinawish,"That particular 90s song, I prefer to listen in the privacy of my own home.",Local life & places,0.0,2016-12-21 10:24:31
cymgf88,pressbutton,Have you been to Footstray or Vic St? Could eat so much for so much less. Obviously not as accessible as the chain stores,"Cars, bikes & police",0.0,2016-01-05 05:02:38
dg160s9,khongkhoe,due to poor foresight i have moved communications to r/sadsquad,Opinions & public issues,-0.4767,2017-04-09 13:23:53
cnx3gr7,Heater79,Do some scouting by driving around your local area. Lock the doors and try not to get busted by the constabulary.,Work hours & uni,0.0,2015-01-22 11:35:33
dwudp6c,KettlePump,"That isn't devil's advocate, that's just a different experience. Playing Devil's Advocate means you try to see it from the opposing perspective and offer justification for the sake of debate.",Jobs & money,0.2023,2018-04-05 09:01:05
dyq466t,Spotted45,"Yep I've taken it out of the airport then took the train home to save approx $15. Those were the days.. Value my time a lot more now, but if you live out that way it's worth it.",Casual chat & reactions,0.6956,2018-05-09 22:39:07
difwpg3,Brunswick3056,I have never been so proud of my sign reading ability :D genuine happiness!,Jobs & money,0.9351,2017-06-04 12:34:35
csfebyd,nickotheoctopus,"worksafe is great to deal with, and if your employer doesn't play ball with them they can make life pretty tough

ETU i've not dealt with but im pretty sure they're the second biggest union in australia?

vicroads too, if you're doing something sketchy they might even refer to police which would make someone pay attention real fuckin quick haha

don't fuck around, have everything in writing - anyone who puts the budget above safety should be shut the fuck down",Work hours & uni,0.9491,2015-06-23 00:53:08
celu030,steak_n_eggs,Seconded. Grew up on the Gold Coast and spent New Years at Byron. Give me *any* temperature over humidity.,Opinions & public issues,0.0,2014-01-10 03:02:58
choh7is,trainology,"I posted this yesterday and no one responded but does anyone know any good places to rollerblade? Preferably nice smooth paths. 
Trying to get back into blading because i detest running.","Cars, bikes & police",0.7876,2014-05-22 16:13:21
deogp6d,jvalkyrie87,Aren't they just going to sidestep this by marketing fake weed as 'tea' etc?,Trains & trams,-0.4767,2017-03-08 21:02:50
ds14pij,Mortar_Art,"&gt;Are there ghosts typing out vitriolic bullshit on your behalf now?

Actually, I have about 4-5 ghost writers with various plays on my name. Maybe you're just getting confused with a shitty parody?

Are you going to retract your defence of that Nazi?",Work hours & uni,-0.9223,2018-01-01 08:31:07
coi0793,Moon_Lover,Me *puts hand up* im jumping on the bandwagon sunday :),Work hours & uni,0.7351,2015-02-11 09:54:28
e382tgp,farqueue2,"I used ola a fair bit until Didi came into the scene with their 50% off.


Most of the drivers are the same across all of these platforms, so you can't really blame one company over another.

It's really just luck of the draw.

The driver will do whatever they can do to maximize their profit.",Work hours & uni,0.8668,2018-07-29 05:29:07
do1i1vp,theSelf-Obsessedpete,"get stuffed lmao, thought we were friends maaan!",Trains & trams,0.807,2017-10-07 17:16:45
dze5arm,DippingMyToesIn,"That you had 5k in your dollarmites account is impressive. That your parents were gamblers probably demonstrates why you were competent at finance. This stuff flips each generation in my experience. My folks were alcoholics, and I had to clean up after them as a kid. Now as an adult I find drinking a bit stupid.",Trains & trams,0.5994,2018-05-22 16:05:05
d2p93w3,SharksCantSwim,I would assume that it's due to be constructed soonish? Just ask the people in the lobby and get a pamphlet to read or whatever other documents they have.,Jobs & money,0.0258,2016-05-02 03:45:36
cymhmvs,_the_story_bot_,"This is good advice. I suppose the pretty bad anxiety had in my last job a few years ago has kinda stopped me going about it in the right way, but I've applied for like 4 kitchen hand jobs in the last hour, w00t!",Politics & traffic,0.923,2016-01-05 05:43:59
e705e93,North-of-the-river,It isn't. The company doing this has an agenda.,Work hours & uni,0.0,2018-10-02 01:28:55
dx6bq10,lepi_red,Yeap. But one has to be hopeful.,Local life & places,0.6652,2018-04-11 08:55:38
c7rw13w,FermiAnyon,Just a fresh breath of scalding desert air!,Casual chat & reactions,0.3802,2013-01-06 06:17:58
73rau6,epicpillowcase,Trespasser on track at Box Hill,Casual chat & reactions,0.0,2017-10-02 07:08:40
dsr0l97,hurluberloo,"Never watched it before, I should watch a few episodes",Local life & places,0.0,2018-01-16 04:41:05
d7p7pgk,GumballPowers,Bezza is nice but I would steer clear of Endeavor Thrills. Narre Warren South also has nice estates if it's not too far for you. Hillsmeade or Berick Springs Promenade areas are nice,Casual chat & reactions,0.9428,2016-09-16 13:57:13
cjcqrji,chess-,"If its a period piece, I'm assuming that there weren't any female magicians on stage and they were only assistants..",Local life & places,0.0,2014-07-31 04:52:52
du9tpfu,RichyRichyRichyRich,I completely agree. I use my c/c for everything. It makes its own payments and has never missed. I'm not really sure where you're going with your comment however credit cards have limits. The bank set the limit determined by what they judge you to be able to repay. Also if I were to use my credit card on goods/services then they are effectively worth $0 the second I purchase them. Doesn't that make them more risky than cryptocurrency?,Opinions & public issues,0.8959,2018-02-15 04:48:29
d7jalkd,mac-87,"Hand therapy is going well; in a week I've gained two degrees of movement forwards, and about six back, so yay me! And work is going down from three days to two, which I think will be better to start out. Eight hours a week isn't much, but it's a heck of a lot better than the zero hours I've been doing for pretty much the last six months.",Local life & places,0.9479,2016-09-12 07:10:20
cnh4zcr,Professor_Gushington,Daily 4 hour Vue De Monde lunches?,Casual chat & reactions,0.0,2015-01-07 10:05:45
dqj4wm6,OldBertieDastard,"Submitted a pretty long comment with supporting evidence. I'm currently on a 5 day ban for posting about my autoremoval. I've asked for clarity around the duration of my autoremoval but unfortunately they refuse to back down possibly due to the inability to accept they made a mistake or an overreach. 

Yes it's petty, yes it's just internet points, but I'm passionate about many federal issues and unfortunately there's no better place than /r/australia to discuss these and get some alternative viewpoints even though I may disagree. I could create a new account but I shouldn't have to when I've been banned for a minor infraction

Thanks OP 

If you've got plenty of time and enjoy seeing me politely grovel and beg for the ""privelege"" of posting articles about politics and bees

https://i.imgur.com/xVNqjGK.png

https://i.imgur.com/xx9oYoE.png",Work hours & uni,0.0106,2017-11-29 23:08:23
dxvhurr,TaSMaNiaC,About the same level of stupid as it takes to do it in the first place.,Casual chat & reactions,-0.5267,2018-04-24 07:42:49
dmvt07u,fjellse,An oven rack broke or something so she had placed the mug on a tray and balanced a pan on top.,Politics & traffic,-0.25,2017-09-12 01:40:23
dalnoi0,Heytunk,"Coles.  
Quarter roast chicken, $2 bag of salad or pottle of random from the deli (tuscan, roast caps, etc).  
$5 - $10 at most.",Politics & traffic,0.0,2016-11-30 05:04:05
dsqpqxl,NoodleBox,"SO MANY POCKETS

I have a 12 or 24 and it's great.",Opinions & public issues,0.6249,2018-01-16 01:09:46
d5a35yh,mario_sniffer,"[replied with the story here](https://www.reddit.com/r/melbourne/comments/4sh50l/its_the_rmelbourne_random_discussion_thread/d5a2wal)

she was having trouble with some of my SOs hair earlier though. thankfully she got it all out on her own.",Jobs & money,0.0258,2016-07-13 02:33:47
ca13b2a,Luthiens_ghost,"Good luck on your trip. If you do find places to suss out in the West, hit me up.","Cars, bikes & police",0.7096,2013-05-18 07:26:42
ck0e0f2,zozozozozoz,Ok. Just as long as it's not fading your curtains or confusing your cows.,Politics & traffic,-0.2263,2014-08-25 22:55:16
dmvuvsr,antaresiac,"I just don't trust most organisations to implement it in a way that isn't extremely annoying. Like, where do you put all your shit? Are you expected to ergonomically adjust your chair and monitor and desk height every day? What about disinfecting mice/keyboards/etc?",Trains & trams,-0.7706,2017-09-12 02:19:55
e7xjbrj,NewYouthInRevolt,It'd still be murder in the second degree wouldn't it? Not premeditated but still clearly intending to do her harm?,Work hours & uni,-0.6608,2018-10-17 12:39:58
d5aengi,suiyoubi,"Yeah, I was looking at the TV antenna *headdesk* but found the correct one from your post above. Thanks a lot!",Trains & trams,0.6948,2016-07-13 10:27:55
drw5tmn,wokwon,"The product is fine.  Like everything it comes down to money.

The flammable core one is only listed as suitable for up to 2 or 3 stories.

The one with a treated fire retardant core is rated for higher buildings.

Guess which one costs less?  Then guess which one is used because it costs less?

The real criminals are the ones who certified the building with the wrong cladding installed.",Opinions & public issues,-0.7181,2017-12-29 03:16:38
c4lvhys,Shilberite,"Hit the red button, and have a chat with the drive, He can talk to metrol (metro control) and sort something out, failing that, wander into the next passenger car and hit the button in there, out of earshot of the offenders, Having a SMS hotline sounds like a great idea, but it would likely be abused.",Work hours & uni,-0.6187,2012-05-09 05:54:06
dbfysgu,WarTapir,"yes.  It is quite fluffy and delicious.  Not too sweet, and not to savory.",Politics & traffic,0.635,2016-12-20 23:17:32
ck0cq2i,bsf91,"I only woke up around 2:30 because I thought I slept in for work, realised I lost my pillow, woke back up at 5:30 and said screw it and been up since. DAYS OFF ROCK",Local life & places,-0.4019,2014-08-25 22:10:25
dd7hp82,Hinxsey,Hasa diga eebowai!,Local life & places,0.0,2017-02-01 21:47:56
czeseti,ChiggenWingz,"What I'll do is I'll include the links to this discussion and other social sites I've announced the map on in my emails to the councils, so they can all read the feedback from everyone in regards to the current beach regulations. Dunno if they'll read it, but at least we can have these discussion topics as a point of reference to the current public thought. :)",Jobs & money,0.6124,2016-01-28 04:43:08
dk3pojn,Mortar_Art,"It was really 0c? I had my window open, and didn't even need an extra blanket. That acclimatisation.",Politics & traffic,0.0,2017-07-12 02:44:53
cou1zmc,CaptnCrumble,"The tail of it is just about passing over my place now. Not too bad over here, touch wood.",Politics & traffic,0.431,2015-02-23 02:48:20
dt1v5e5,SiameseQuark,"It depends where you are. Some parts of the city it's nearly as good as rainwater, others you can really smell the chlorine.   
That said I've never had too-unpleasant-to-drink water within the metro area.",Casual chat & reactions,0.4404,2018-01-22 07:16:35
dbut5j5,postcardviews,"Used to work at PCCG, can confirm building &gt; buying. The listings on the pre-builts have a list of its parts and links to their individual pages if you are unsure of what to build use those as a reference. I think ASUS motherboards have good built in sound cards, although I imagine you'd probably end up getting a dedicated one. 

GPUs I would recommend going with EVGA, their warranty is direct so you can buy it from anywhere and it will be the same deal, saves you having to deal with the warranty team at the reseller's. 1070 is good for futureproofing if you like NVIDIA. I don't know much about AMD cards.",Opinions & public issues,0.8957,2017-01-01 02:59:54
d10i165,DontMentionWombats,"So, this being Australia, they're, like, totally venomous, right?",Trains & trams,0.3612,2016-03-15 11:50:07
dociqfa,MX5NBLOVER,"Junkies gonna junk, call 000 on the vermin and inform the calltaker of drug use in public or potential drug deal. The local cops will no doubt know the crooks if they do manage to speak to them... its worth calling the  cops on drug using/dealing  scum, police will attend",Work hours & uni,0.4606,2017-10-14 05:57:12
dkk4l1b,futtbuckicecreamery,Handjob up the back of the bus dirty?,Casual chat & reactions,-0.4404,2017-07-22 06:51:38
dkbleqa,Sindarfin,"Muttis in Carlton was the best.

Why did you leave? :(","Cars, bikes & police",0.2732,2017-07-17 05:22:33
dnshtmq,Supersnazz,"If you're shopping centre is near a station, you have to charge or the entire thing will fill with commuters by 8am. Bayside in Frankston do the same thing, you have to pay regardless of how long you park.",Casual chat & reactions,-0.1027,2017-10-02 07:00:39
e4w0am3,TommyTassel,Not wrong. Hope he didn't take my advice and venture out to Etihad.,Local life & places,0.0382,2018-08-26 23:43:14
d050kgi,Ores,"It's damn dangerous to turn early. You get dickheads speeding up through the orange and you've also got bikes and scooters that are less visible going slower getting caught in the orange. 

Spend the time the orange checking for hazards, then one final quick check once it turns green and you're good to go.

Anyone using their horn asking you to go, even if the light is full green is technically breaking the road rules. So just ignore them.

Basically the only time you're legally allowed to use a horn while driving is (paraphased):

&gt; to warn other road users or animals of the approach or position of the vehicle; 

&gt;Penalty:     1 penalty unit.


http://www5.austlii.edu.au/au/legis/vic/consol_reg/rsrr2009208/s224.html",Work hours & uni,-0.8261,2016-02-18 21:16:08
e5pbjpl,fist4j,How are you putting a kayak into a car?,Work hours & uni,0.0,2018-09-10 02:51:49
e45ic73,lorrenzo,"Reminds me of the bus strike in Japan, services still delivered, but the drivers just simply give out free ride so their action is not DISRUPTIVE.

https://www.theguardian.com/cities/2018/may/11/no-ticket-to-ride-japanese-bus-drivers-strike-by-giving-free-rides-okayama",Casual chat & reactions,0.8155,2018-08-14 03:00:23
ceo8osp,mazatta,"I almost always find a nice button up or two at Brunswick Savers when I go.  It probably depends on your size, but if you're somewhere in the ""medium"" to ""large"" category, you'll have tons to choose from.",Casual chat & reactions,0.2263,2014-01-13 04:55:17
e0ud00g,pixelwhip,So how does veganism deal with pests eating crops?,Work hours & uni,0.0,2018-06-17 23:19:34
duwesa8,CapnBloodbeard,"Everyone is trying to impress at this stage.  You'll find there will be a small core of really switched on people on the discussion boards and a few others just contributing.  Do yourself a favour and engage, even if you feel intimidated.  One of the biggest downsides to online study is missing the opportunity to converse about your ideas, which I think really cements knowledge.  online boards are really important for that.  Also, look for facebook groups for your subjects.",Jobs & money,0.7902,2018-02-27 10:46:01
cyp7aqz,panachetag,"I've never really had an issue with storage space. Lack of ability to move around in a ""kitchen"" that has *just* enough space for one chopping board, on the other hand...",Opinions & public issues,0.4939,2016-01-07 10:54:51
dmvnq32,matthras,"One thing I appreciate about being to do some of my job from home - bashing out assignment marking and lecture prep before 10am. Time to bash out marking for a different set of assignments before I head to Deakin to lecture!

I downloaded The Surge a couple of days ago (t'was on sale) and am loving it. It's basically a metal scrap factory version of Dark Souls with its own unique tweaks.",Local life & places,0.784,2017-09-11 23:50:01
dcedi4d,holofernes,I bought mine from the bus conductor,Casual chat & reactions,0.0,2017-01-14 00:17:15
d6ypu39,faithlessdisciple,"Such a gorgeous bird! Both you and it were lucky to
Find each other! 

What a wonderful thing you did&lt;3",Politics & traffic,0.9018,2016-08-27 12:18:00
dn6xbhw,Windydayhuh,Maybe we could change their role a bit and they could sell tickets?.... No that doesn't make any sense at all. Just carry on with the intimidation tactics,Work hours & uni,-0.6124,2017-09-19 00:00:09
co9od2b,w0gbutter,Never ever seen anybody there.,Politics & traffic,0.0,2015-02-03 09:27:14
dtjuvf3,doritos_ate_my_cat,Get some enterprising Chinese to ship it out of Japan.  like they do with baby formula,Politics & traffic,0.7003,2018-02-01 01:58:59
dmj6l8o,Lucifer3-16,Nobody cleans the toilet either. Seen 'em,Politics & traffic,0.0,2017-09-04 02:27:50
d7j382g,Agooddaytodance,I thought it was great...  easy to watch... but i like andy samberg... others dont,Politics & traffic,0.775,2016-09-12 02:49:05
d1hjj3l,fraqtl,"Lol that Central Equity is considered a high standard.

Like I said though, unless it's affordable housing rather than more premium priced shoebox apartments in our already unaffordable city, we don't need it.

This should be denied.",Casual chat & reactions,0.34,2016-03-29 11:43:46
c7y8pfk,Steve00,ooooo ill be there tomorrow night. My first time going and i cant wait!!,Local life & places,-0.5242,2013-01-17 00:34:58
dcd6ah7,thisaccounthereimade,"The law means nothing if people don't know it.

When I cycle cars in front of me will try to give me right of way when they're turning left (being polite I guess). Since I know the road rules I give them right-of-way.

It turns into a game of 'you go first'.

There needs to be an education campaign for everyone. Maybe with a catchy mnemonic or jingle.",Work hours & uni,0.0,2017-01-13 05:42:49
d52pww9,sahrey,Except when someone annoys the shit out of me :D,Work hours & uni,0.7378,2016-07-07 12:37:06
cjnw53e,eatlivemosh,Thanks! Just have to find someone to go with to enjoy it with me I think!,Trains & trams,0.7707,2014-08-12 07:37:07
e6y88iz,Kurayamino,"&gt;195,000 commuters in Melbourne's south-east, it may benefit only about 51,000 people in the west.

I'm going to go out on a limb and suggest this might be because the population of the city is very lopsided toward the south and east and not because of any intrinsic failing of the proposal?

Using raw numbers like that then acting like south-east and west are even divisions is a bit disingenuous.",Casual chat & reactions,0.5719,2018-10-01 03:54:38
djdfq1g,realzunyi,Hahah sorry I just read your comment history and realize I was talking with such a loser.,Jobs & money,-0.5719,2017-06-25 09:28:41
e1cm7zx,WhatIsMyGirth,Stop fighting with your sister,Jobs & money,-0.5719,2018-06-26 23:47:26
cnhz03v,ashleab,"Yes. Far superior for those of us who use public transport a few times a year.

Even back when I was using it ~6 days a week, I'd still prefer buy a paper ticket that is guaranteed to work every time and can't randomly overcharge me here and there. Much better than a piece of plastic that is integrated to an archaic system and expires just for fun too.",Local life & places,0.9081,2015-01-08 02:41:30
d9ql1pr,dad_joke,"As a person using the Sunbury/Watergardens train line, yes I do think it has made an improvement.",Casual chat & reactions,0.6908,2016-11-08 03:30:26
dre1co5,MelbMockOrange,The one with the handcuffs and liquid latex,"Cars, bikes & police",0.0,2017-12-17 20:33:40
dntvetl,mediweevil,you're assuming I live right next to Southland now.  I do not.,Casual chat & reactions,0.0,2017-10-03 02:03:29
dfbzvvh,lemondrop__,"Did you just ninja edit that? 😜

[Ring bear!](https://youtu.be/TUlzijWq2cM)",Jobs & money,0.0,2017-03-24 01:19:28
cogrkq3,Not_VicPol,"Cannabis ruderalis Janisch, I heard its popular with the kids these days",Trains & trams,0.4215,2015-02-10 04:53:04
d4fxu7i,BaaadaBoom,"Small Time Criminals have wildcard sessions on Thursdays and Sundays where you can book in with 5 other strangers to execute a ""bank heist"". Its a lot of fun!

The night market is on Wednesdays which is good for a wander.

CAE and meetup have a lot of classes to offer like life drawing or photography.

You can hire a bike and check out some urban trails. Do a yoga class (some places have free intro classes).

There's an ice skating rink at fed square at the moment. Maybe take some friends along for a session?

I think there's a monthly magic show on in Brunswick as well.","Cars, bikes & police",0.9151,2016-06-19 23:52:00
cjvch3g,Shes_the_Cheese,I owned a cafe with a liquor license in Canterbury.,Casual chat & reactions,0.0,2014-08-20 06:36:29
d52hnax,sahrey,red chicken curry.,Politics & traffic,0.0,2016-07-07 05:52:24
ca1im0j,potplanty,Call center isn't bad dude. I got a job there and I was in the same boat as you. Right off the bat I was getting $18.75 an hour and the work was easy. Not to mention they're training me in a customer service certificate at the same time so I walk away with another CV builder too.,Work hours & uni,0.6956,2013-05-19 02:52:56
cncqem2,ruinawish,"&gt; I've got air con but only turned it on for 20 minutes last night before I was too cold.

That FWP.

I was in the city yesterday, and was getting annoyed walking past stores that had their aircon on. It would be hot, then blast of cold air, hot again, blast of cold air.",Casual chat & reactions,-0.5267,2015-01-03 01:58:29
cnz8n69,melbored11,"I know this exists. Found it through my Latrobe Uni pages.

I don't understand this Avocado Psychopathy, but upboat. :-/",Trains & trams,-0.4215,2015-01-24 10:14:47
dw7a03b,frawks24,Neither major party have any policies to address our immigration rate.,Work hours & uni,-0.3559,2018-03-24 06:19:25
dxngh1v,MintyInTheSky,I don't even want to think about Guy being voted in. I've voted Labor and Liberal - often they're both the same - but Andrews is a really effective Premier.,Trains & trams,0.6682,2018-04-19 22:33:58
dt1lhqh,Chillwithitall,"Be prepared to see fuel prices regularly below $1.50. 

Also be aware of our wild life both big and small. Trekking in NZ is wonderful because there is so little to worry about. Here, all animals have their defense skills maxed out. It isn't something to be on constant anxious alert about, just remember to leave them to themselves and they will leave you alone. Being in Melbourne, they are a little more tame compared with QLD but you need to be careful.","Cars, bikes & police",0.2041,2018-01-22 03:15:54
dspgm98,gunsofgilead,Some men just want to watch the world burn.,Trains & trams,0.0772,2018-01-15 09:42:56
cvt6kz5,ToastyXXX,"Working for an I.T company, some days I wish I had a reason to wear something a little more dressy than a faded tee, old jeans and my trusty baseball cap. I need a little motivation to upgrade my wardrobe.","Cars, bikes & police",0.791,2015-10-09 01:02:44
coi2opf,Glitchlol,"A really good kit at the moment is the istick 20w or istick 30w with a nautilus mini. 

It's illegal to sell nicotine liquid in Australia, but some dodgy folk at weekend markets do. 

Best check out /r/aussievapers or /r/electronic_cigarette for more information.

PS. Well done on looking to quit.","Cars, bikes & police",0.807,2015-02-11 13:02:21
dcd6mmz,Mortar_Art,"That depends on if the driver has actually begun to turn, or if they are simply indicating. See my lengthy explanation [above.](https://np.reddit.com/r/melbourne/comments/5no1kd/question_about_turning_left_at_lights_as_a_cyclist/dcd6kfe/)",Work hours & uni,0.0,2017-01-13 05:51:22
d476nao,notasgr,Because 'chemtrails' are what conspiracy theorists think contrails are and cloud seeding is an entirely different thing!,Trains & trams,-0.5707,2016-06-13 11:49:00
dmj445x,TotesNotAStarfish,"Yeah, some definitely have their landlords in on it. Always wondered how they'd avoid having inspections in the case where the owner wasn't the one running it.",Politics & traffic,0.4019,2017-09-04 01:29:05
c4d54pi,ellipsisoverload,"I'm aware of that, and realise it - what irks me is that fact he beeped me and was so angry, it was obvious I only tapped his car, and only did so because I had to jump a curb to get around him - and also that I face the same thing constantly at this intersection - its a road with almost no traffic, so it is simply poor driving on behalf of many, many drivers...",Work hours & uni,-0.85,2012-04-17 02:31:42
c3pfoe2,logipond,Ohhh interesting! Did many people try to find you last time? And do you PM us the pictures?,Jobs & money,0.5191,2012-02-09 12:27:37
dcbhdce,cosmicr,The long term car park site quoted me about $60. The best I've found so far is $44. Where can I get that price?,"Cars, bikes & police",0.6369,2017-01-12 04:22:15
dsrayp2,Raul-7,Definately unique thats for sure,Politics & traffic,0.3182,2018-01-16 10:15:58
c8y1lw9,mrlr,"[Jobs](http://www.seek.com.au/)

[Homes](http://www.realestate.com.au/)

[Child care](http://www.careforkids.com.au/child-care/melbourne)",Opinions & public issues,0.0,2013-03-18 21:34:23
d4obtxw,n3sst,Thanks again for the response. Adding Mount Oberon to my list. One more question... How does the shuttle bus work or I'll be better off doing my own thing since I've got a car? Cheers,Casual chat & reactions,0.836,2016-06-26 05:03:16
ccdipq5,reykavik,City of Kingston is doing it now. I'm in Parkdale and we're having collection next week. There is stuff out already.,Local life & places,0.0,2013-09-23 01:23:48
qfgon,gaahrdner,"I'm a huge NCAA  basketball fan, and was wondering if y'all might know of any good sports bars that might have that game? The ones I have checked are all showing cricket or rugby games. Any ex-pats know the scoop?",Local life & places,0.8156,2012-03-03 03:42:32
dmvs7xe,futtbuckicecreamery,"Mine oozes Cadbury Creme Egg filling, been meaning to get it looked by a chocolateer.",Opinions & public issues,0.0,2017-09-12 01:24:09
dhj62va,stampyvanhalen,"Here ya go.  It's a trip.  Absolutley crazy from our point of view.  (And no falling in love with eun-chai, she's mine)

I’m Sorry, I Love You | 미안하다, 사랑한다: https://www.youtube.com/playlist?list=PLMf7VY8La5REUjvL7dpDLuFV_PlNcDpcI",Jobs & money,0.7989,2017-05-14 03:55:16
cgklmu6,Aqualupus,I love the product placement of the richmond jersey with bingle.com.au on it,"Cars, bikes & police",0.6369,2014-04-05 08:28:23
e417pr6,Goatus_OQueef,And the students still won't take their fucking backpacks off,"Cars, bikes & police",0.0,2018-08-11 23:50:09
cpvcv28,pedleyr,"Does PTV handle the realtime data or is that each service provider (eg Metro for trains)? 

Put another way, does PTV find out straight away that the 7:45 Pakenham is delayed by 5 minutes, or does it have to wait for Metro to report it at the end of the day/week/month/whatever? 

If as I suspect (but really just guessing to be feank) PTV gets the data on delay it's then on Metro et al to give the realtime data. 

I'd say email them to request it but I wouldn't waste the energy, imagine what happens when someone writes an app to track actual network performance using the realtime data. So it won't happen.",Casual chat & reactions,-0.4824,2015-03-30 08:47:30
cq0s019,andyrb412,"I've been playing around with the data, dumping most of it into a database.

Anyone worked out a decent way to extract info?  Ideally I'd like to get next train information, but it seems a bit difficult to cross-reference it all.",Opinions & public issues,-0.2144,2015-04-04 07:00:26
d6xaad3,rauland,Wait the water out of my pipes aren't suppose to be glowing?,Opinions & public issues,0.0,2016-08-26 09:07:03
d5a0u4a,Puddlette,Thank you :D No doubt once the land titles (Oct-Nov) and things start happening I'll spam updates :),Trains & trams,0.8459,2016-07-13 01:32:06
cubpwoo,I_GOT_EATING_SWEATS,"Get a mate and a six pack, carry it as far as you can, stop and sit on it and have a beer. Repeat as necessary.",Politics & traffic,-0.296,2015-08-22 12:08:23
ck0o48l,grahampaige,road trippin across the universe,Jobs & money,0.0,2014-08-26 05:12:41
cuu17q7,continental-drift,You want to see a website from 2000? www.crossfit.com,Jobs & money,0.0772,2015-09-08 02:32:52
drnhmno,Rawr24dinosawr,"Lol. It is the same car. It was at a friend's workshop for a new clutch or transmission or something.

Said the owner had it stretched cause he was bored of it.",Local life & places,0.1779,2017-12-23 06:30:48
c24wif8,dontarguewithme,"Apart from 'The Hive', check out Silicon Beach Drinks Melbourne, we had about 80-ish people last Thursday and the crowd is awesome.",Local life & places,0.6249,2011-07-11 12:31:22
d918ph8,mattizie,"Whether you think you should pay or not is irrelevant. Unless it was announced otherwise, you need a valid ticket to travel on PT without risking a fine.

Surely you would know that as an adult?",Jobs & money,0.4348,2016-10-21 02:26:01
d4hlgql,danshep,"Powershop are pretty great. PM me your email if you want a referal code. 

There's a government comparison site here if you want to look at other options: http://www.yourchoice.vic.gov.au/",Opinions & public issues,0.836,2016-06-21 04:05:09
cmgs0u6,DT2014,"Hey man you guys applying for professional/'mon-fri' jobs or anything goes?  It's probably going to be quiet on the hire front as places wind down towards the end of the year so not sure how much recruitment is going to get done at the moment.  Hospitality and retail could be your best bet as plenty of places are picking up towards summer/peak time over the holidays.  Just grab a resume, look into getting an RSA certificate, and spam pubs, cafes, DFO and outlets, nightclubs, whatever.  Search this sub for WHV work or similar queries as there's probably heaps of other people who have posted about it.  
  
  
Melbourne IMO is a place where you have to spend money to get the most out of it.  There's still plenty of stuff to do that doesn't cost much or anything at all but all the stuff people wank on about that makes Melbourne 'Melbourne' tends to cost a bit e.g. bars, cafes, eateries, traveling to different sites, theatre, a glass box in the sky, the MCG, and more stuff I cbf listing.  
  
Off the top of my head free or cheap shit to do: walking around city, botanical gardens or different parks.  Picnics at said places.  Some other dude suggested a bike and there's heaps of bike paths out of the cbd to check out.  
  
Also I think there are sites that advertise free things to do in Melbourne so that might be worth looking up.","Cars, bikes & police",0.8307,2014-11-30 06:17:01
ct4n0pa,Wizard_of_Ozzy,Haha. Don't wanna give away too many details,Jobs & money,0.4588,2015-07-15 21:42:05
d23vki4,drunkill,"Yup, if it is decent enough you can toboggan and throw snowballs.

Not far out of Melbourne, nice drive up the mountain etc.",Casual chat & reactions,0.4215,2016-04-15 12:08:20
cv6hoif,Wizard_of_Ozzy,Reckon we can do 50 easy,Trains & trams,0.4404,2015-09-19 00:48:17
c6o92wr,ruzkin,"Is the OP looking for nightlife and socialisation in the suburb, or just a nice, quiet, affordable place to live with good shops, medical services and a train line with a 15 min ride to the CBD? If the latter, Moonee Ponds is perfect.",Casual chat & reactions,0.8555,2012-10-18 11:42:40
dro2j1u,kartoffelwaffel,How many reindeer-power is it?,Casual chat & reactions,0.0,2017-12-23 18:17:46
ct51a2q,zozozozozoz,"My shoulders are sore from push ups/wall walks on Tuesday, and we had to do clean and jerk and thrusters this morning. Now every part of my arms hurt.",Local life & places,-0.6808,2015-07-16 04:50:11
dbpi139,madzsx,"If you want NBN internet, go brunswick. If that doesn't concern you, all three have their pros/cons relating to noise, safety and quality of living space (and inner city public transport is so frequent during the day that living 3-8mins away by train is still quick enough to compensate for not being able to walk to work, IMO).",Casual chat & reactions,0.4767,2016-12-28 06:18:37
ctl2m7a,OboesBleat,Are you trying to force yourself to do stuff so you don't feel lazy?,Work hours & uni,0.2755,2015-07-30 02:09:20
d728alb,mario_sniffer,"They stop mosques being built in existing suburbs, then complain when Muslims build new suburbs around a mosque...",Opinions & public issues,-0.5719,2016-08-30 04:37:02
cal5yv5,Yomadafuku,"Thats why they should introduce registration for road bikes.

If you were seriously injured and he decided to ride off. What would you do?",Work hours & uni,-0.5267,2013-06-18 11:23:29
dmd2wn9,trueschoolalumni,"What kind of software? There's a bunch of different startups/mid level outfits located around Collingwood, so that area is worth checking out. Heaps of new apartments springing up there and in Fitzroy, would be surprised if you couldn't find an Airbnb option or two.",Casual chat & reactions,0.4215,2017-08-31 04:40:43
dx88bmc,lepi_red,"I agree that focus is beneficial, I'm simply saying I'm applying for everything I reasonably think I could do as a junior being supported by a good team that understands where I am coming from in my career progression.

I'm yet to graduate so I am interested in what the future holds. Till then I will continue to develop my skillet with courses outside of university and do some creative work on the side as it is enjoyable and interesting.",Opinions & public issues,0.9641,2018-04-12 05:09:10
d6blmiw,canisayfuck,Everywhere from hawthorn to nunawading is dickheads in top end cars,Casual chat & reactions,0.2023,2016-08-10 09:19:00
csujw11,Level1Barbarian,"&gt; in Moonee Ponds about 3:40am..


&gt; ""Had this happened next week this would be full of cars and people dropping off children and children walking along the streets.""


That second statement is a bit of a dramatization.",Trains & trams,0.0,2015-07-07 02:36:00
e236ktj,Decado7,"Given how expensive these toll roads are, is anyone really surprised? 

Colour me stupid but for a long time I thought they were similar to MYKI in that, once you hit an $8 or so cap that was it for that particular day. Oh wasn't that a funny day when we realised otherwise and discovered just how much we were spending on our regular trips down the Peninsula.",Local life & places,-0.5737,2018-07-09 22:32:03
d0hg6d4,rote_it,"&gt; Assuming 5% pa

You realise that is effectively 20% above the current market interest rate? Neither of us knows what the interest rates will be in the future just as we don't know what rent prices are going to be in the future.

So why not compare current market rates of 4.11% to your current rent of $380 per week?",Opinions & public issues,0.8504,2016-02-29 00:17:51
dnsfz4t,10khours,"That's really just an excuse they are using to charge people for parking.

If they wanted to stop commuters they would only need to charge for &gt;5 hours of parking.

A commuter working in the city would need about 8-9 hours of free parking to get away with it.",Casual chat & reactions,0.3947,2017-10-02 05:46:55
dkzut33,thrml,"Non-smoking drummer here. Not for hire though, so I guess that doesn't help.",Work hours & uni,-0.3089,2017-08-01 02:37:10
dbfwk7g,pressbutton,[Yeah who would confuse such things...](https://www.youtube.com/watch?v=n2iEes9bzbg),Trains & trams,0.0772,2016-12-20 22:28:07
dkztcd9,will_do,I will. The appeal of being able to eat outside on a nice night without some selfish prick smoker invading my air sounds really good.,Politics & traffic,0.8619,2017-08-01 02:04:42
ds16zo6,trueschoolalumni,"Steven Dubner covered this his book Freakonomics - his theory that the rise of contraception around 15-20 years earlier is the primary factor (among others) for the reduction in crime. Not saying if it's true, but surely ""tough on crime/3 strikes laws"" is one of many factors in play.",Work hours & uni,0.3818,2018-01-01 10:28:50
cvdcbiu,ApatheticElephant,"IIRC the point was that nobody was asking for more pay, the industrial action was just about working conditions.",Jobs & money,-0.1761,2015-09-25 02:36:30
cgyjud0,OboesBleat,"Without a photo, would you remember his shirt or his face more?

Exactly.",Politics & traffic,0.0,2014-04-22 00:14:00
di28spv,Haluka92,I'm a massive csgo nerd hahaha.,Opinions & public issues,0.34,2017-05-26 07:03:12
d83c3r6,DontMentionWombats,"I can't help with the stores, but I'm happy to tag along and help you look out for stuff (fit, etc.)

My mom and grandmother worked in hospitality recruiting for 60 years between them, so I might be able to give you some tips I learned from her too.   Shoot me a PM if you want.","Cars, bikes & police",0.8615,2016-09-26 23:19:45
cthe7ty,Steve00,Im almost tempted to come down and check it out but i know that my back will think its a terrible idea pretty quickly!!,"Cars, bikes & police",0.1862,2015-07-27 03:40:28
e2pimxx,wharblgarbl,They don't need a leg up. Should we give up the Flinders St Station entrance because we (the state) can rent it to Apple for a million bucks a year? To what end should we kotow to the richest most powerful enterprise in the world?,Opinions & public issues,0.7816,2018-07-20 04:51:30
d8lprmh,freeriderau,Half? Whatever you need to believe for what you're saying to be right man. Most people are in the middle and there's a select few names that pop up whenever today's hot topics turn up as threads.,Jobs & money,0.0,2016-10-10 10:54:33
e1vnq2p,ColorRen,They removed the logo to make the next sale easier.,Opinions & public issues,0.4215,2018-07-06 07:11:38
dg15mm2,khongkhoe,"lurk here r/sadsquad

it seems easiest to post and communicate there",Jobs & money,0.25,2017-04-09 13:10:17
dir1j37,moops__,Pretty much most flats are over 100 years old in Edinburgh. I've rented 2 and bought one. Both are not falling apart.,Politics & traffic,0.5638,2017-06-11 11:12:11
d3brcmj,konfuc888,"The real issue the cheap credit and internationally low rates, and inflation in the last decade or so, these things together make people ""save"" in real estate.

The wealthy get proportionally greater access to credit, and with rates low investments like real estate become comparatively more profitable while low risk. It makes sense to structure your wealth with large amounts of real estate.",Opinions & public issues,0.9278,2016-05-19 16:29:10
daszrkp,duccy_duc,Still works out cheaper than being honest.,"Cars, bikes & police",0.5106,2016-12-05 07:00:17
cdzvbl3,IowaContact,If only I had the money to buy gold...,Opinions & public issues,0.0,2013-12-12 08:16:56
dckvaoj,ovrload,even in america the TEC-9 is banned?,Trains & trams,-0.4588,2017-01-18 10:39:17
cxc9ngi,skipgamer,"If every other city/state/country/company that wants to do it can make it so, this question *really* shouldn't even be considered.

But don't worry guys! They're going to get it to us **""as soon as possible""!** (for the last 6 months now...)",Trains & trams,0.5709,2015-11-25 04:42:53
drem3r5,biggumsmcdee,"Don't let these risk averse wowsers worry u. 

If u wait to get to 'late stage' u might never move. It's all good. 

I moved here with no work lined up, had a good job within 2 months. 

He first 2 months I just lived really cheap.",Local life & places,0.5445,2017-12-18 02:57:05
dl05eqy,Quarterwit_85,"I think it's more that certain venues are set up for smokers. Places like the Retreat, the Brunswick green etc will have an interesting choice to make.",Politics & traffic,0.8115,2017-08-01 08:03:49
dqiwtc5,Flaps_Nailed_Shut,I get where you are coming from. It's a shit situation and nobody has control of it apart from dredd and top.mod. and dredd gets a hard on over the power.,Work hours & uni,-0.6124,2017-11-29 20:57:56
ckoaqym,RagingChocoholic,"Level 2:  Ringwood station.
Level 3:  After 10pm.",Casual chat & reactions,0.0,2014-09-21 10:20:52
cthd6js,pigferret,"That's how we sell it to our kids - ""let's go treasure hunting!""",Trains & trams,0.3595,2015-07-27 03:06:35
cnm61lh,johnnwho,Always amused by these pictures.,Jobs & money,0.4215,2015-01-12 03:58:28
cvt69e1,PM_ME_YOUR_CHESTHAMS,It looks like a nice day out there. From what I can see from my office. Nothing's gonna kill my vibe though!,"Cars, bikes & police",-0.1759,2015-10-09 00:53:51
ctl3qwg,sahrey,HOW DARE YOU! dramatic!,"Cars, bikes & police",0.0,2015-07-30 02:40:52
czaofui,Satou-L,work shoes and runner please! Sorry I didn't mention it in the description,Work hours & uni,0.3164,2016-01-25 01:16:38
cutwii5,matthras,"Hmmm, I wonder what to put for mine.

EDIT: This'll do for now.",Politics & traffic,0.0,2015-09-08 00:02:16
dka6xyk,indehhz,"Is there an issue with that? I've just been interested in it for a little while now, and wouldn't mind learning how to do a kickflip if I can get past the basics.",Local life & places,0.4019,2017-07-16 05:52:43
d32ha2p,Skratchet,"I work in a large venue run by ALH in the middle of Melbourne. Being versatile is the most important thing. If you're able to make coffee, cocktails, and tend bar solo and work in a team  you'll be able to find around 30 hours a week. 

Plus my availability is unrestricted and I've been doing this on and off for 5 or so years now (I'm 24) 

My hours rotate from days to nights. Some days I'll do a 10am to 6pm (open) or a mid, like 4pm - 11:30pm. Closes can range from 4pm - 12am to 3:30am. 

My pay rates are pretty decent. 35 hours will pay me just over $900 after tax.",Local life & places,0.7178,2016-05-12 09:20:43
d7lrsq4,testbug0,"&gt;A cruel gunman targeting cats in Melbourne's west warned residents in a letterbox drop that their pets would be killed. Three animals have been shot in the head with the killer on the loose. Kristy Mayr reports

Hide your cats 

tl;dw

some sick fuck is dropping letters into peoples' mailboxes threatening to kill their pets and has actually shot and killed some",Jobs & money,-0.9907,2016-09-14 00:25:45
d811se8,fraqtl,"That's a fair call. However, it's business and that's the cost of doing it. They had to know it was a poison pill contract, I reckon they'd still consider themselves lucky to get anything out of it at all, so this additional money is a bit ridic",Opinions & public issues,0.1531,2016-09-25 06:11:31
914t87,zeuses_beard,"In need of a career change and need help writing and updating my cover letter template (yes, aware they all should be different based on the job). Anyone have any they can vouch for? 

Thanks.",Jobs & money,0.8074,2018-07-23 06:45:19
e6jcg5i,browsingfromwork,"&gt;some youths of whatever background are trouble makers

i wish (most of) the media and (most of) the liberal party would understand this.",Local life & places,0.4019,2018-09-24 07:02:59
cz08uug,atregent,"If you mean then constant humming and rattling of an excavator, yes. 

Makes a nice break from the constant crying babies.",Trains & trams,0.34,2016-01-16 08:54:31
dfxiack,megablast,Or live in the inner suburbs and cycle into town on a glorious morning like this one.,Casual chat & reactions,0.7717,2017-04-06 22:40:17
cwnmm8s,toasty_feet,"There are a lot of carp in Ringwood Lake. Feel free to catch some. 

There is a really pov pool hall in Lilydale (called Rack em Up). Dingy, but nice and quiet there on a sunday arvo.

There are a lot of geocaches around ringwood.

There's a shisha bar in the Ringwood Persian Room. 

The coldstream animal aid is not far from lilydale, so you could go visit the cats and dogs (also a nice gesture to take along some petfood to donate). 

The Irish in Knox ozone has open mic night on wednesdays. Quite amusing if you're ok with listening to bad Beyonce renditions. 

Other than that, i can't think of anything. 

Edit: You're not far from a lot of wineries, and there is also Puffing Billy railway in Belgrave.","Cars, bikes & police",0.887,2015-11-04 01:32:15
c6gprry,Praestigium,"Wow.

Thanks for bringing this to light.

Never again.",Politics & traffic,0.7717,2012-10-02 23:19:02
cvdtfk5,Mont1e,Many also work overtime out of a sense of obligation - to ensure this essential service continues to be provided to the community when staff numbers are otherwise critically low.,Work hours & uni,0.128,2015-09-25 15:23:15
cuwdprg,welcometo1984,Balaclava is not a birkenstock suburb!,Casual chat & reactions,0.0,2015-09-10 03:06:07
dfdlej3,grimmjow66,"I'm moving to melbourne by april 18th, can I join you guys?",Local life & places,0.296,2017-03-25 01:53:09
chthoi3,Steve00,3d modelling and co-ordination for the electrical contractor,Work hours & uni,0.0,2014-05-28 22:12:04
cytx77i,Throwinghitssince86,Thanks mate but we live the other side of town and Altona is a bit of a trek for us to do on a Week night.,"Cars, bikes & police",0.2382,2016-01-11 10:58:12
ds13yxj,Donners22,"&gt; For every problem refugee you bring in, that's resources that could be spent bringing in a better refugee, or putting money towards programs to help people in their own country. We can't take everyone in, we have to be choosy and stop kidding ourselves that any old refugee is as good as the next.

How do we assess whether someone is a good refugee to take in or not?

Those who are the focus of concern now were young children or not even born when their parents were accepted as refugees.",Trains & trams,0.8402,2018-01-01 07:57:38
dt3cpj8,dinosaur_underling,"Cat owners of the thread: do you brush your cats? if yes, what with? I am mildly allergic to cat hair and of course now have two cats - need to keep on top of shedding",Jobs & money,0.3939,2018-01-23 01:51:58
dyj3xsq,callizer,"&gt; Sure, but that is very different to hours per week. I used to work and socialise with heaps of backpackers and for most of them there was no benefit to off the books. They didn't stay more than six months and they had not reason to accept underpayment. They only did as there was no other job going.

You only interacted with backpackers from developed nations. There are other working holiday makers from developing nations that come here primarily for work, not for holiday. They accept underpayment because the wages are still very high compared to white collar jobs from their home country. They live frugally here and then bring back home the money when their visa expires. They will happily stay for more than 6 months.


&gt; I'm pointing out there is all these myths like it is win-win for everyone when you get paid cash off the books. It is an old thing where back in the day nearly everyone doing that did well out of it. 

For these backpackers from developing nations it's pretty much a win. They get a livable wage and can still save some money to bring home. This situation benefits the employers as they can pay lower wages and do not need to pay tax.",Opinions & public issues,0.9749,2018-05-06 10:06:16
dt402a0,IIIII-----IIIII,"get the glove. (google pet grooming glove) They see it as pats, you get to de fluff

like dis - https://www.youtube.com/watch?v=PzI0sbZcvFE
Big W has one for $6.50 but their nerd broke their site right now.",Jobs & money,-0.6956,2018-01-23 12:47:26
d3b97zf,abrasionshack,"I feel like subsidising building property is madness, you're turning peoples homes into ATMs -  people need a place to live.

Negative gearing and the changes to the CGT by dipshit Howard have caused a mammoth rift between the rich and poor in the last 2 decades and it's starting to all come to a head right now.

Buying a house is *virtually impossible* for any single person to do at this point in time under a certain age.",Opinions & public issues,-0.6808,2016-05-19 05:08:56
dzls8vw,nia1-,Residential care is usually an easy job to get into.,Opinions & public issues,0.7269,2018-05-26 10:55:37
do2c2vb,thrml,"She is actually pretty awesome. As someone who has grown up with cats, I am starting to see the appeal of having a dog.",Politics & traffic,0.8074,2017-10-08 04:18:21
d768fgv,m00nh34d,"&gt; So what do I have to do?

What the TAFE says you need to do. They're the ones who give you the stamp of approval, if they say you need to do something you need to do it...",Jobs & money,0.4767,2016-09-02 01:52:35
d677wml,fraqtl,"If you have the spare cash and are in an area where international students are then furnished is a great option, you get more money over the long term and if they break something, you take it out of their bond to replace it.

If it's a long term rental and you are just after a new housemate, unfurnished might be the way to go.

Or you can furnish it really nicely and put it on AirBnB :-)",Opinions & public issues,0.8622,2016-08-06 23:51:08
czb06zk,D_Aeon,"No worries! I'm glad it helped.

You'll find out what companies are hiring usually in your penultimate and final years - there are career fairs and networking events that are worth going to, and some firms usually come to give presentations (usually the Big 4 will, and Microsoft/Google/etc.) that help you learn who is hiring and should give you a contact here or there. You apply for the job, they decide they like you based on grades/experience/aptitude/personality, some will have onshore interviews, some will fly you around to interviews, and then if they want to hire you they'll go through the sponsorship process. The greencard system has a few quotas but some degrees get priority (and comp sci is definitely one of them). I haven't gone through the process myself so your experience may vary but it's not too different from working anywhere else overseas - you eventually obtain sponsorship/a greencard and apply for a visa (I *think* it's an E3 Visa for skilled workers?). 

Alternatively if you work for one of the big 4 or a consultancy firm that has US offices they can usually arrange it all for you once you're working for them. Once you get to career fairs it can be worth asking companies you're interested in about overseas opportunities too - it can be nice to cut your teeth locally before launching yourself overseas.",Opinions & public issues,0.9641,2016-01-25 07:05:27
c5cu0ed,enferex,I might consider adding one VB if I do a custom package.  E.g. go to a bottle shop and pick-and-choose a few beers.,"Cars, bikes & police",0.0,2012-07-12 05:00:09
d5aafwh,zozozozozoz,they do not! they moved ages ago and live in Brunswick!,Casual chat & reactions,0.0,2016-07-13 06:36:38
d816d52,ChopsNZ,"I'm not convinced about his school TBH. They pretty much lied to my brother about his progress (It's a school with Those Parents) and when it became apparent he had issues they put him in a remedial reading class. 

have you had any experience with this kind of thing? https://www.melbournechildpsychology.com.au/ 

We honestly don't care if he is dumb as a stump because we know there is so much more to him than just what you do at school. He really is an awesome little dude and we love him so much. He sure as shit isn't going to hit it in the school system so do you have any suggestions to things we can start putting in place as an alternative?

I love Melbourne. It's beautiful and has some of the friendliest (and craziest) people you could ever meet (we still have better coffee) but I'm wondering if it might be too much for him. It's almost like he gets overwhelmed and needs to decompress.",Trains & trams,0.933,2016-09-25 10:46:35
e7zhzko,Entity_Error,Melbournites? Isn't it Melbournians?,Politics & traffic,0.0,2018-10-18 06:51:47
dfwbjli,_generica,"http://www.meatballandwinebar.com.au/

Between Russell and Exhibition","Cars, bikes & police",0.0,2017-04-06 05:02:37
ds14vuv,TheMightyCE,"He may very well want that, but if he's the victim of Sudanese crime and spends all his time dealing with it, then he can hardly be said to have an unbiased view of the subject. It's literally all he deals with.",Work hours & uni,-0.7625,2018-01-01 08:39:19
e31eslm,mr-snrub-,"Screened when, from birth? A lot of them were born here.     
A lot of ""Australians"" don't hold Australian Values. When do we screen them?",Trains & trams,-0.3855,2018-07-25 23:45:48
dmvpole,That1WithTheFace,"I always used the Multix Screw Top containers, but they don't sell them anymore :( and the stock that I have are starting to deteriorate :'(",Opinions & public issues,-0.8381,2017-09-12 00:31:02
dnkqh8y,stephenisthebest,You vs The guy she says to you to not worry about.,Politics & traffic,0.3412,2017-09-27 12:24:24
dpwg1di,sikballz,You can just contact them via email,Jobs & money,0.0,2017-11-16 09:13:10
cuck2hj,highbury_fields,"&gt; Now can you also learn to flash lights at oncoming traffic when you spot some cameras?

This is commonplace when there are a-typical speed cameras around (I.e cops sitting in cars with radars)",Work hours & uni,0.0,2015-08-23 05:15:49
ck0rlww,zozozozozoz,Flight is delayed 40 mins :(,Casual chat & reactions,-0.5859,2014-08-26 09:34:27
cxw6ue0,anarchy420swag,"Just whatever you can to distract yourself from the situation in a positive or healthy way. Be amongst friends,  try something new, exercise, chill out, go out. 

Maybe even hook up with a few people on tinder or something if you wish (be safe though)",Local life & places,0.9153,2015-12-12 04:54:28
d5aau5v,99trunkpops,Kiss lady --&gt; collapse on couch --&gt; lady brings beer.,Local life & places,-0.1027,2016-07-13 06:55:10
cjcxhv3,ItsRickneyBitch,I'm not interested in acting but I use to be a comedian/writer so if you plan on doing 'punch-up' (as they call it in hollywood) I'd be happy to help out. No charge or anything haven't done any writing in a while wouldn't mind messing around with it again. Otherwise good luck with the film.,Trains & trams,0.9328,2014-07-31 12:32:20
cw70min,stanleymodest,Do any of them do that thing where you pay for 2 hours and all the games have unlimited credits? There was a place at the jam factory that used to do that on sunday mornings year ago.,Local life & places,0.2732,2015-10-20 23:45:03
cpkukqj,onehellofaretard,I'll suck your dick if you like? Message me.,Politics & traffic,-0.5719,2015-03-20 09:41:48
di0tso2,Filthy_Ramhole,"Its not a bad idea, personally rifles are always a better choice than pistols.

Rifles are much, much easier to shoot accurately than pistols, require less training to learn to use. The fact that vicpol issue a high calibre large frame handgun as their primary armament and then barely train the cops in actual live-fire is pretty shitty. It doesnt have to be some SOG-style automatic AR, a pistol-calibre carbine would be a far better option, something like the [Beretta CX4](https://en.m.wikipedia.org/wiki/Beretta_Cx4_Storm) 
Rural officers could possibly have access to full-calibre carbines and rifles, simply due to the distances they are from units like SOG

Making them available to police from a locked car safe would certainly be a good idea- that and perhaps wider training and deployment of nonlethal beanbag shotguns would be a good idea. This is actually what New Zealand police do- most officers dont routinely carry firearms but keep them in the vehicle, but when they do they generally use a rifle rather than a pistol.",Work hours & uni,0.8973,2017-05-25 12:37:35
daldrws,N_Tys,"You know when you do poopy in the toilet?

Well that's Myki.",Casual chat & reactions,0.2732,2016-11-30 01:15:33
cft3mfr,potentialwinner,Myer had $100 bucks off air macs last week coupled with my discount there I got $200 off for my partners laptop. Happy me,"Cars, bikes & police",0.5719,2014-03-03 08:29:45
d2ht1tx,ALEXcPRONES,"&gt; Firstly, you never said per capita. You just said ""more"".
&gt; 
&gt; Secondly, that still makes no sense. What would ""per capita of all other modern nations combined"" mean? Do you mean the average of all first world nations? Can you show me immigration statistics for the average of every single first world country, including country of origin?
&gt; 
&gt; Third, how do you define ""third world""? Are you referring to any country with a lower living standard than Australia? (that would include the US and most of Europe) Or are we talking the neutral countries during the Cold War?

I said per capita. It's there read it. I also said ...or feels like it. Because it does feel like it. 

China and India is third world - Europe and the US make Australia look third world, but we're not. The only reason we look third world is because we are the New World Home to the Third World Rejects.

Perhaps people like you?",Opinions & public issues,-0.6322,2016-04-26 12:16:38
cwrqkg5,Schnooks,"Actually he got 3, one over in r/Australia. Offered him a shot of her in a Princess Leia bikini... Dude has game.

Edit: she posted it in the thread...",Jobs & money,0.0,2015-11-07 12:30:37
e3wkmfh,Filthy_Ramhole,"Nah, that would be a Rescue.

USAR generally relates to search and recovery. Someone caught under a tree would probably fall under a “Rescue” call which is distinctly different.",Work hours & uni,0.4404,2018-08-09 19:08:42
cpw2k7o,spazmoflymo,"My wife took the photo, she loves seeing them and imagines the peace and serenity of just floating up there like that.

I know she really wants to go up in a balloon one day, but I'm not sure I can do it. Went on the DHL balloon in Singapore once, did not like, and that was safely tethered to the ground!",Local life & places,0.7035,2015-03-30 23:26:45
cln2i0o,mickeyfartpants,"Just remember the false economy principle. That is, if you buy cheap stuff knowing you're going to replace it with good stuff you've wasted a bunch of money buying cheap stuff in the first place. So go with stuff that will last! Ikea is always pretty decent. That's why they're so massive I guess.","Cars, bikes & police",0.4926,2014-10-29 11:04:50
e0ovn2w,Heater79,You continually post absolute trash in search of meaningless internet points. Mods should ban you.,Jobs & money,-0.7579,2018-06-15 00:21:06
cotyyrj,bradbull,They have a mobile site if you didn't know.. it's [m.bom.gov.au](http://m.bom.gov.au) but it'd be great if they had an Android app so I could use a widget. I use Pocket Weather AU for that though and it's pretty good.,Politics & traffic,0.9413,2015-02-23 01:19:35
dd86na7,pukesonyourshoes,"I was a J-dub for a similar amount of time. Good for you for waking up. Was looking forward to seeing the show but damn, it's expensive.

Anyway, hi from r/exjw!",Local life & places,-0.4389,2017-02-02 07:11:42
cdt11js,CandyDish,"Oh, wow!!! Thanks so much, I love looking at things like this!! I have been to Canada, but they had all different stuff again. I love Walmart. Really. So many things in one store. 

So many questions. What is a Haribo gold bear? What is a Mike and Ike?",Politics & traffic,0.9447,2013-12-04 02:42:02
dxjsj33,supers0nic,"Let's face the facts; the Metro Tunnel will not be completed until 2025. That is *7* years away, nearly an entire decade (if it's not delayed). By then congestion will be even worse. I have seen Jacinta Allan say herself in news clips that the Metro Tunnel was designed to ease ""*current* congestion"" issues. Am I the only one who sees how stupid that is?

I mean, it's good the government is doing all these upgrades because they are definitely needed, but ideally it would have happened earlier and it's ~~kinda~~ absolutely silly that in a country like ours it hasn't happened earlier.",Opinions & public issues,0.8296,2018-04-18 03:23:10
e6lsb9s,sweetandmalty,"Okay don’t take this the wrong way, but if you don’t get swiped right on apps, what are the chances that you’ll hit a home run going out clubbing?",Casual chat & reactions,0.1531,2018-09-25 12:01:00
c86sscg,roflex,"I'm not even sure why you got downvoted?! 

Surely not even the restaurant owners are trawling /r/melbourne!",Politics & traffic,0.3658,2013-01-31 08:00:37
cqvp3gc,Nos_4r2,"If you didnt request it, you didnt call it and you didnt ride in it then you are not liable, has to be the clinic. 

Otherwise I could call ambulances for any random person in the white pages and they would be billed $481 without having anything to do with it.",Jobs & money,0.0,2015-05-02 02:39:28
daangbu,ryashpool,"I'm not sure what he said, but I like it! downburst driven roll!",Politics & traffic,0.5192,2016-11-22 05:48:04
dk7h1zm,flathead_fisher,Free travel day/week,Local life & places,0.5106,2017-07-14 10:56:18
cjug7ah,lololiver,"50 craft beer taps, 32 different craft beers at a time, they won't need to be a club on the weekends because those gentrifying Collingwood will be paying $15+ a pint to drink there (myself included).",Local life & places,0.0,2014-08-19 11:16:50
dxntg1i,FlygonBreloom,"I'm not disagreeing with you, I'm just saying that voters aren't exactly the most rational of people.

Logically, you're most correct.  
Problem is, a lot of voters are most emotionally driven. You can see the issue.",Work hours & uni,-0.2364,2018-04-20 02:35:33
e6ouck2,row-zee,Of course my public holiday eve starts with a 5.20am wake up. Can’t wait for work to be finished today and the long weekend to begin!,Local life & places,0.4574,2018-09-26 19:35:22
cdu3e1c,Tonkie,"Yep Bacchus Marsh-Geelong Rd, Balliang. But they have a pick-up from your local vet service",Casual chat & reactions,0.1531,2013-12-05 10:14:22
dtfz0lh,hillbillypolenta,"Honestly I'd head down somewhere away from buildings and trees, eg Little River",Casual chat & reactions,0.4588,2018-01-30 01:47:14
cn15dcg,Hellman109,"Yep this is why you pay them, get the police report, witness details and hand them all over to your insurance company.

They're experts at sorting it out and it's in there best interest to do so.",Work hours & uni,0.9042,2014-12-21 07:19:56
ck6055k,squarishsphere,"Where the hell do people get these strange ideas from? I guess you hail from the elite club of people who know 'how the world works'. Aside from my personal swipe, you're wrong. Try going to Centrelink when on a benefit and telling them your job was paid in cash so please disregard those earnings. The businesses should not be operating if they must underpay staff in order to do so. To take the extreme case, any idiot can operate a business paying staff $1/hour and turn a profit, should they be allowed to operate - or are they exploiting their staff?",Work hours & uni,-0.8594,2014-09-01 04:21:57
d6ku2qi,Jessijames,"I work in Mulgrave, it's the worst temptation being so near by these stores.",Casual chat & reactions,-0.6249,2016-08-17 06:50:00
dfuswva,Mortar_Art,Or I could just go on my birthday for the free food! YAYA,"Cars, bikes & police",0.5562,2017-04-05 09:03:49
dmvyg2i,openflask,"If you're not already, you should go see a talky person dude.",Work hours & uni,0.0,2017-09-12 03:38:08
cxe7ety,candydaze,"So, how are adult women more guilty than foetuses? What are they guilty of?",Work hours & uni,-0.6993,2015-11-27 00:02:58
e8r5lk2,monkeydrunker,"Use the new rapid top-up system. No receipts, literally as fast as a tap and go from a 7/11.",Opinions & public issues,-0.296,2018-10-30 22:23:53
dfjn0j7,energy4anarchy,Just because you're disabled - doesn't mean you should judge me before you get to know me!,Work hours & uni,0.0,2017-03-29 03:41:34
cqxgejg,jumpjumpdie,That's fucking weird. What happened?,Politics & traffic,-0.2484,2015-05-04 00:42:53
dbg0e8i,Big-White-Dog,IT'S A CHRISTMAS MIRACLE!,"Cars, bikes & police",0.6239,2016-12-20 23:55:03
doc017m,fraqtl,"I live in Richmond, never seen any of this.",Casual chat & reactions,0.0,2017-10-13 22:01:35
drnrgap,Tricornis,that is not great execution,Local life & places,-0.5096,2017-12-23 13:47:07
dac0xc8,m84m,And they're rarely done by Australians.,Trains & trams,0.0,2016-11-23 04:27:30
e0b6duk,Rick-powerfu,"I always lock my doors.

It's not daggy man, cunts will literally stand in the middle of the road trying to distract you whilst some others run up on you to rip you out.
I've seen them in Dandenong and endeavour hills mainly.",Work hours & uni,0.2373,2018-06-08 04:22:49
dbw98hb,DumpsterShoes,Dm me with a budget and what you want to use the pc for $2k for a music production comp is grossly expensive should only cost 600-800 and thats something youll be able to game on.,"Cars, bikes & police",-0.1531,2017-01-02 06:26:29
dlvewmw,andreabbbq,I see someone takes their Game of Thrones very seriously,Jobs & money,-0.2484,2017-08-20 05:43:33
df0d3zj,tobtoh,"Thanks for sharing - I hadn't heard of NH3 energy storage before ... just did some quick reading, sounds like a pretty good solution (assuming the efficiency is there). 

It really makes me angry when I think of all these solutions that are already viable or nearly viable, and we have idiot politicians who won't spend taxpayer money on investments for our future, and instead are still championing coal.",Opinions & public issues,0.9417,2017-03-16 15:57:38
d8wvxyq,_misslexi,"Have you tried Bumble?  
Women have to make the first move",Trains & trams,0.0,2016-10-18 06:03:34
cshr40j,cudddleuptome,You can also get cherries for the price of apples. I like these machines.,"Cars, bikes & police",0.3612,2015-06-25 01:17:36
ci68va6,ApatheticElephant,"I'm assuming the place you're living will be in an inner suburb, in which case you really won't need a car, and it's unlikely that they'll have parking for you (or most likely you'll have to pay extra rent for a parking space).",Opinions & public issues,-0.1027,2014-06-13 02:36:54
dqsci9s,Sloppycism,"$9422 ($3572 + 32.5c/$ over $37k), minus deductions, plus other income sources)",Opinions & public issues,0.0,2017-12-05 04:47:00
dcpsxq4,redrum9999,"I'm trying to get a call centre job in Melbourne, is your place looking for new people?",Opinions & public issues,0.0,2017-01-21 16:02:47
csqgbo5,WTF-BOOM,"scorptec.com.au, haven't shopped there in years though, you can't beat MSY prices.","Cars, bikes & police",0.0,2015-07-02 23:48:21
doa64qx,lemonfraiche,"I was caught in it and the offender looked like a homeless older male, most likely drunk",Trains & trams,-0.3976,2017-10-12 20:34:09
4047ap,happenfilms,"Does anyone know where to buy used camera lenses in the CBD or northern suburbs? Or let me know if you are selling a tokina 11-16mm Nikon mount, Nikon Ai 28mm or 50mm. Thanks.","Cars, bikes & police",0.4404,2016-01-09 01:32:22
cwwbsbe,aussie-aussie-aussie,"So the first carriage always goes forwards. Couldn't possibly be the 3rd, 4th or 6th carriage there.

/s",Casual chat & reactions,0.0,2015-11-11 07:58:00
cz4ecxx,majoeyjojo,"I used zone 1 as an example because all those travellers will be charged the max anyway, regardless of whether they started at a zone 1 or 2 station. 

I'm already in the good habit of touching on so when i do use a station where you need to touch off to exit I'm set. 

But on the way home i just don't see the point because it causes congestion. 

And i always indicate because, you know, that's the law :)",Casual chat & reactions,0.6757,2016-01-19 21:26:48
czqdgwu,ISTJ83,"Another vote for docklands... Clean, close to the city yet quiet, on the water, in the free tram zone.

If you want somewhere with lots of hipsters and graffiti, then brunswick is for you.",Casual chat & reactions,0.743,2016-02-06 21:45:00
doje3u1,redditman542,"No it doesn’t, it means injured also.",Work hours & uni,-0.5994,2017-10-18 13:53:00
de0lx1e,Barkleyyy,"I would avoid the peninsula side and go down the surfcoast. 

The peninsula side gets bigger swells and isn't that beginner friendly.","Cars, bikes & police",-0.5897,2017-02-21 11:57:06
d2exyor,Rewben2,close enough to dropping lsd in the botanical gardens,Casual chat & reactions,0.0,2016-04-24 02:26:37
c6geqxq,shniken,Fuck all the chain pizzas. Local pizza shops are almost always better than all of them.,"Cars, bikes & police",-0.2212,2012-10-02 11:03:02
dmw2v4f,OldBertieDastard,"""I'm a lonely unemployed dickhead with lots of spare time who has the deep seeded anger of a misguided alt-right ignoramus who chooses to elicit reactions of people online because it fills the massive void in my character, soul, and identity""",Jobs & money,-0.9217,2017-09-12 05:36:02
cczocav,Astro_naut,"Oh, maybe my brain is using information from back when I was on concession.. Whoops!",Jobs & money,0.0,2013-10-25 22:22:04
c6kchh0,fuzzyhendrix,Hmm might have to just get out there. Thanks for the advice I might have a look what's out there and I will definatly try get an in with my lecturers because I know a few are still working in the industry,"Cars, bikes & police",0.4404,2012-10-10 13:16:18
e0agrhg,Raul-7,"Got a pair of JBL T450's. They can be had for about 50-60 bucks. Wireless, good battery life. Not the greatest in terms of bass but definitely clear. I use them for the gym so the noise cancelling isn't too bad.","Cars, bikes & police",0.8358,2018-06-07 21:00:52
c74jud4,The_Lebanese_Blonde,"&gt; *The current crop of public servants can't be trusted with the future of Melbourne.*

Amen brother.",Opinions & public issues,-0.3724,2012-11-21 03:33:45
dqj39j7,lordbumfuck,"/r/melbourne isn't any better, I'm shadowbanned because I don't fit the echo chamber.",Trains & trams,-0.5448,2017-11-29 22:39:38
cv6ec9a,atregent,"We did it!!!

Now it's time to go outside...",Jobs & money,0.0,2015-09-18 22:55:58
cpjnfd3,fsckable,"Fairly sure those crackers are illegal to resell in Aus. You can buy them in US head shops everywhere but they are fairly useless/dangerous/infuriating anyway.

They leak about half the gas so the balloon ends up only half full.  They also lack the proper protection that should be afforded a device intended to be operated by wasted space cadets to violently decompress a gas cylinder.",Work hours & uni,-0.9423,2015-03-19 06:14:35
dalp5oa,BrightHairDontCare,The queue moves so quickly though! And at least that way you know that there's lots of turnaround so everything is nice and fresh :),Casual chat & reactions,0.8251,2016-11-30 05:47:20
d5y7t2o,klystron,"I'm glad you liked it. It was a link on the story in /r/Melbourne about shot towers.

I'm fascinated by the infrastructure that holds our town together. This weekend was [Melbourne's Open House](http://www.openhousemelbourne.org/about) and I was able to visit a couple of electrical substations that usually aren't open to the public; one of them in Spencer St, and one in an underground bunker near Russell St. I'd recommend it to anyone interested in technology.",Opinions & public issues,0.9201,2016-07-31 11:42:33
c4mb3eg,ruzkin,"As a dude who has twice screwed up his tickets and been let off with a caution, and then witnessed another friend being grabbed and fined by inspectors because he was slow in punching his 10-ride Metcard, it seems to me that the inspectors are each a law unto themselves. Not all bad people, not all nice people, and with no clear-cut rules as to how to behave.",Work hours & uni,-0.1734,2012-05-10 06:00:33
9sc9y5,eliminatrix2,"Hey All,

This probably isn't the place for this but meh.
Last week an idea was floated by The Reason Party that there should be a Minister for Loneliness.
I often feel that I'm one of the loneliest people here in Melbourne and it's literally *killing* me. I have a decent job that I'm good at and that I enjoy (most of the time!) I just got a brilliant brand new car, I have a fair bit in my savings and I have a close relationship with my Dad. 
But I have no friends. No one I can turn to or chat to or even go to the movies with. If I'm not working, 99% of the time I'm on my computer. I haven't had a relationship for probably close to 4 or 5 years. I'm on anti-depressants but they only help to take the edge off.
I don't think people realise just how easy it is to be socially isolated and not have any friends. 
Some nights, I just feel like screaming like the Hulk or crying myself to sleep.
I have *NO IDEA* how to get myself out of this. I see no solutions. I don't know what to do or where to go to try and even meet people. I'm absolutely *not* into any kind of sports, so that scratches off one avenue. My social skills also aren't the best.
I also do the online dating thing but that pretty much leads nowhere.
A Minister for Loneliness seems like a bloody good idea right now.
What can I do?  

Mike",Local life & places,0.2223,2018-10-29 11:34:53
dg15kf1,_Enough_IS_ENOUGH_,Damn you've really shit on the people that actually showed up in your comment s. Dont know why you'd expect anyone to show up to the next one after that,Jobs & money,-0.7645,2017-04-09 13:08:05
cukmx03,NiceHatTommy,"hey ive never played dnd before!

would you be keen for a newb?",Local life & places,0.1916,2015-08-30 10:48:21
cxe6d1z,candydaze,"If you look at statistics, you find that if safe, medically supervised abortions aren't available, people will instead have unsafe abortions, and therefore the woman is more likely to die. 

So, even if you believe that abortion is murder, legalising abortion leads to less death because it's done safely. Of course, making good contraception freely available is even more effective at preventing abortions, but that's another conversation.",Work hours & uni,0.0591,2015-11-26 23:26:51
dk9yt2a,just-the-friend,"I have some recommendations for indoor parks as well, if that's something you are maybe looking for in the future. 

Rampfest- everything is big. But they do have a indoor and outdoor half pipe and a mini that can be practiced on. (Expect bikes and scooters) 

The Bunker- on the smaller side, have a mini that could be good fun if your learning as well as a half pip. 

The Shed- street skate area, lots of little ledges- They have a full size Half pipe which is monsterous as well as a nice bowl with a sizeable deep end

The Park (Geelong) very street oriented, haven't been out there myself but from what i've seen they have a mini mega ramp, half pipe and street section","Cars, bikes & police",0.9575,2017-07-16 01:54:14
e6dmcza,scriptkitty1337,"Selling the iPhone X for that cool bike seems like the correct choice IMO :D

I hope no one steals anything from you in the future... What a horrible person",Trains & trams,0.8287,2018-09-21 13:45:38
d9x14n0,Churchillwasntblack,"For all but the commute to the city, Mt Waverley probably edges out Mordialloc (especially if you include Glen Waverley restaurants, cinemas etc in Mt Waverleys amenities).

Mt Waverley gets my vote for sure. Great place.","Cars, bikes & police",0.8625,2016-11-12 09:55:41
cav0jja,toula_from_fat_pizza,Snowflake? What a fucking wanker.,Local life & places,-0.5849,2013-07-03 05:22:10
d6vk5x9,pixelwhip,"OP you're a good egg, great work :)",Local life & places,0.875,2016-08-25 02:22:02
d4o77wr,n3sst,"Thanks for that. Going with a friend but I will be driving. If I wanted to stay overnight (not camping but proper accommodation) close-ish to Wilsons Prom (30mins drive?), do you have any suggestions? Also, how is the hike up to Mt Oberon like? I've read that it is moderate...? Cheers.","Cars, bikes & police",0.9083,2016-06-26 02:19:28
cvt1975,stinx2001,"No issue with asking for any advice, I was just annoyed that there was 3-4 posts everyday asking for jobs.",Work hours & uni,-0.5859,2015-10-08 22:30:10
d43geut,TooPoorForLaundry,"I was going to post and ask for the tickets, but this guy absolutely deserves them. He's one of my best friends and is such a genuinely lovely guy who would - without a doubt - be doing the same thing and offering up tickets if he had them.",Work hours & uni,0.9629,2016-06-10 10:01:21
cois4ip,Moon_Lover,Because I move into a new house friday and I wont have a fridge till sunday.,Local life & places,0.0,2015-02-12 01:40:04
c4lvvts,Shilberite,"Customer Service, problem solving, conflict resolution, have saftey as the first priority in any task. 

they are big on teamwork, and they want people who can grow with the business, they dont want people who will be AO's for 30 year, they want people to move up the ladder as positions become available.",Work hours & uni,-0.3009,2012-05-09 06:37:57
e36gphl,pandasnfr,Coles or Woolies,Casual chat & reactions,0.0,2018-07-28 10:00:31
dus0z19,HalpTheFan,It was taken on the bridge over the Yarra in Hawthorn.,Casual chat & reactions,0.0,2018-02-24 23:18:24
djhz97s,stanleymodest,Smokers do this while complaining about the mess made by the rough sleepers who are surrounded by their own rubbish even though there's a bin less than 6ft away,Politics & traffic,-0.5106,2017-06-28 05:30:27
dg7dg3z,sugarthrway,I prefer to oscillate wildly,Opinions & public issues,0.0,2017-04-13 10:12:01
dax9ygl,JamesMaybeNot,I think it should be free full-stop.,Trains & trams,0.5106,2016-12-08 02:00:31
cvhu6ig,KingOfChicken69,Any idea what section I should post in? Cheers,Politics & traffic,0.4767,2015-09-29 06:20:37
d253ajc,Grommzz,"Where do you live ? 

Go to any primary school and you should be able to find a court with a hoop.",Jobs & money,0.0,2016-04-16 10:06:48
chgcojs,NoodleBox,"Uuugh, I tried to get my English SAC on the news - no dice. 

NAPLAN decided to dominate the news today.

Good luck to everyone's sprogs doing the ACARA testing today - it's not the end of the world.","Cars, bikes & police",0.4939,2014-05-12 22:57:49
cknben6,wetyourwhistle,"It's tempting to pop my head in at de bbbbqfest but I'm on call for work -.-

Work was sloowww last night. But I came home to curry that I telepathically wanted bf to cook.

Also - obsessed with curries atm.",Local life & places,-0.2617,2014-09-20 02:26:03
dho9sp9,tvboxy,"I misread this as ""58 trams"" ....!",Casual chat & reactions,-0.3382,2017-05-17 13:39:20
d5z1md3,EvolvingMeme,"That'll be after the sea level rise of few metres, when you need scuba gear to visit most places in Melbourne anyway :)","Cars, bikes & police",0.4588,2016-08-01 01:45:32
d7srryo,hopefulpenguin,Qatar will end up winning after they bribe the judges,Local life & places,0.3818,2016-09-19 04:38:43
dmzdmu6,Valkyrie-nixi,"That's awesome, just watched them change over and the new bird fluff up and settle over the 2 eggs.",Politics & traffic,0.6249,2017-09-14 04:58:15
e8ktdpw,steaming_scree,"No.

I imagine they wish to preserve anonymity.",Work hours & uni,0.4019,2018-10-28 00:59:41
clfcfos,pressbutton,I feel like everyone you're replying to is missing the point.,Work hours & uni,0.0772,2014-10-21 05:36:49
d527jtq,_otsegolectric,"Came second at trivia last night.

Girlfriend and I (both 28 year olds) seemed to be like 5 years out of the loop on most of the questions, so we weren't much help. Luckily our group was comprised of mainly 30-35 year olds who were in the sweet spot.

Like, I know Heartbreak High! Just not the name of specific actors that popped up for a handful of episodes.",Local life & places,-0.2387,2016-07-07 01:05:43
dhbd97m,Uselessmedics,"I never experienced any stress around it myself (but I'm not the best example, I just don't experience stress)

But nobody else I've ever known has really stressed about it, try reminding them that the test means absolutely nothing, it doesn't affect your marks, it doesn't affect what subjects you can do and it won't affect what uni you go to in the future.

Hell doesn't matter if you just walk in write your name down and then just sit there for an hour",Work hours & uni,-0.9176,2017-05-09 03:49:15
ct4rotg,sahrey,what about one of those otterbox cases? they're supposed to help protect from everything.,Work hours & uni,0.6486,2015-07-15 23:52:12
cpg4ubt,KERR_KERR,That article made me angry haha,Jobs & money,-0.0772,2015-03-16 01:18:06
e1tj55x,Guttedewok01,100+ years of weather records,Jobs & money,0.0,2018-07-05 06:55:42
c3l2o5t,Magzter,"Ah, that makes much more sense. I have no problem with that though =)",Work hours & uni,0.666,2012-01-27 03:12:38
cknb7jb,Funkyalien,"Yes!! I had to find something not fish to eat at the fish market, that was touch and go. 

And i love anagrams so we are going to kyoto",Politics & traffic,0.8168,2014-09-20 02:17:10
celpijf,Thank_Dog,I spent a few years growing up in a small town in Queensland and have worked various spots up the coast all the way to Thursday Island. I'll take scorching over humid any day.,"Cars, bikes & police",0.1779,2014-01-10 00:07:42
d08tvla,Cold_erin,I once saw one man repeatedly ramming another man's head into the exterior wall of the Gatwick.  I can still hear the sound. *shudder*  He died.,Local life & places,-0.5574,2016-02-22 02:43:26
dz48juv,ampedup9,"Whats more annoying on a train, group of private school kids or forgetting to put your socks on in the morning?","Cars, bikes & police",-0.4576,2018-05-17 05:57:10
d2trndu,SnapK1990,Thanks! I grabbed some brisket from Berties (it was down the road from my office) and it looks amazing! Such a great shop and friendly team. Much like I imagined butchers would have been like back in my parents days!,Local life & places,0.9632,2016-05-05 13:44:50
clsbunl,mirrorhorsies,"Imperial Comedy is running tonight, and it's free. Cheap drinks. https://www.facebook.com/ImperialComedy

I'll be there doing a significant amount of day drinking before the show.",Local life & places,0.765,2014-11-04 03:07:01
chnf5ts,tigerburning,"It's like a casino. Super bright and shiny at all hours of the day, barely any natural light, you can't find the exits and you somehow leave with no money.",Local life & places,0.8451,2014-05-21 11:46:11
dxx17yx,hazysummersky,"&gt; The Shrine of Remembrance was created to meet the needs of a grieving community after the extensive loss of lives in the First World War (1914 –18). 114,000 Victorians enlisted in the First World War. Of the 89,000 of them who served abroad 19,000 were killed. They were buried in distant graves far from home at a time when most Australians did not travel abroad. The Shrine provided a place where Victorians could grieve as individuals, as families or as a community. It also served to honour the courage of the men, women and children who remained at home.",Trains & trams,-0.93,2018-04-25 00:41:10
dxjrtr4,McSquiggly,"Yes, what about the 4% of people who can't catch PT? I agree, what a ridiculous argument. People trot this stuff all the time, and we all know it is an excuse for them to keep driving.",Work hours & uni,0.128,2018-04-18 03:10:27
d5a7bak,zozozozozoz,WHAT'S FOR LUNCH NEXT SATURDAY?,Local life & places,0.0,2016-07-13 04:35:18
ddus2pi,pixelwhip,"Pretty sure they can only raise rent once a year, but not sure If they can do it before you even move in. I'd be contacting the [Vic tenants union](https://www.tuv.org.au) for clarification of your rights","Cars, bikes & police",0.079,2017-02-17 06:55:30
d58s6pg,TimN90,"Well the subreddit is supposedly growing so yeh, you'd expect it to change wouldn't you?    
Also who cares about the votes.  For what it's worth it's the other way around, anybody who says something remotely negative or even mentions race gets smashed in these threads because the general sentiment is way left leaning e.g. this thread.  You're getting upvoted and everybody else including me is getting downvoted.",Jobs & money,0.4588,2016-07-12 03:35:46
dezx0z9,cjpelican,"Having worked with government the last 5 years, it is too accurate. Almost to the point where it's frustrating. Like too true.",Opinions & public issues,0.34,2017-03-16 07:43:21
cohknbd,zozozozozoz,"Yeah! Looks pretty good. They have $0 joining fee until Feb 17 or something? I'm still with South Pacific for another few weeks. 

Thinking of checking out some classes at Fit NRG and maybe Doherty's over the next few weeks too.","Cars, bikes & police",0.8777,2015-02-10 23:47:03
c4erdqg,Moghedien,"Yep! I am at Tullamarine, on Jetstar on Friday.  How do I pick them up? Tiger is the worst. I fly BACK with them Sunday.",Local life & places,-0.4926,2012-04-21 00:58:12
dfibvru,nonchalantpony,yeah...seems so. Pays to read the fine print. Still good to know - might take a stroll on the day..,"Cars, bikes & police",0.5719,2017-03-28 11:55:41
cesljr0,ApatheticElephant,"I've seen people doing it on the freeway before (PSA: Other drivers can't see what you're doing but buses are higher up than you think...) but not on public transport haha.

I would personally just forget about it because if I reported every weird thing I saw someone do on a tram I would have no free time, but if it really offended you I guess report them to whatever store it was they work at. I'm assuming masturbation is one of those things they don't like you being caught doing in your uniform.",Work hours & uni,-0.8155,2014-01-18 09:12:52
21gj5r,drive27,Have parents here and we have done the usual suspects...but looking for something interesting to do whilst the weather is crappy. Had planned to go to melb flower show but with the weather need an alternative please!,Politics & traffic,0.4199,2014-03-26 23:21:49
dzv5xai,JosephusMillerTime,"yeah I knew you were joking, but honestly I think we could do with a bit more (calm) outrage about the escalating situation on the roads.",Trains & trams,0.5532,2018-05-31 05:05:49
d0cl0ek,Fumanchui,*bumps fist* Got your back man,Politics & traffic,0.0,2016-02-24 23:19:26
cnhnbuo,kid_monkey,Daily zone 1+2 4hour Vue De Monde lunches. FTFY,Casual chat & reactions,0.0,2015-01-07 21:06:05
e4fqflm,Ededde,There are huge California redwood plantations in New Zealand.,Local life & places,0.3182,2018-08-18 23:59:53
ct3q6yk,TheSciences,"&gt; You can sometimes get seconds at a good discount in the shop.

You can also get charged full retail there as I found out! It was actually more expensive from that shop than buying through a retailer like Peter Alexander! Nonetheless, they are damn warm!",Politics & traffic,0.5684,2015-07-15 02:41:39
cjv6p9j,fuzzbazz,I agree with you all. Your outer suburbs are all awesome. Don't come in to the inner city. It's shit.,Casual chat & reactions,0.4588,2014-08-20 02:27:15
d4tdhaq,delljj,"100% MJ Bale. 

None of those bullshit lapels or weird fashion forward ticket pockets and piping.

Its the best semi canvased 100% wool suit you'll find in the 500ish price range","Cars, bikes & police",0.763,2016-06-30 00:55:38
e7dcqvf,DuckfaceJones,Then I guess it stays as a photo lab darkroom as you have put it.,Politics & traffic,0.0,2018-10-08 02:28:57
cny0nfg,olibird,[Wherethetruckat](http://wherethetruck.at/) lists all of the food trucks.,Politics & traffic,0.0,2015-01-23 04:53:41
chav47i,emilyrose93,I live in East Geelong after living in St Kilda for three years.  I miss it :(,Casual chat & reactions,-0.5423,2014-05-06 11:48:58
dzdrgus,boothiness,"That's how most of the 'higher' interest rate savings accounts work though. You can't expect 4% on a savings account when they're only charging 3.65% on a home loan while accessing your funds at anytime. If you want the full benefit, use an offset account if you have a home loan, otherwise enjoy the interest, it's better than nothing.",Opinions & public issues,0.9371,2018-05-22 12:01:25
d052kla,scythe_scythe,"The stupid 'Wait' signs are part of the problem... a sign that flashes 'wait' and then stays 'off' to mean 'go' is really poor design.  They need to be replaced with a red arrow, or better, a red and green arrow set.",Work hours & uni,-0.7645,2016-02-18 21:59:25
dg3b9vr,Niteowlthethird,Hey maybe he'll be yelling about how great they are,"Cars, bikes & police",0.6249,2017-04-10 21:28:36
ds0w5yt,F1NANCE,"&gt; My solution to a lot of these issues would be to grant every australian citizen a home at 18  

Where does the money come from?",Opinions & public issues,0.5859,2018-01-01 03:31:05
dfcbamr,universe93,At Ferntree and Upper Ferntree it's pretty much full before 8. More and more people are living further out than Belgrave and drive to there as well. With nunawading you've got the weird suburbs around with no stations (like Doveton and Doncaster and donvale) so peeps drive in from there,Casual chat & reactions,0.0747,2017-03-24 06:54:34
d49otg5,fearofthesky,"I lost the NBA Jam tournament. Got done pretty bad first game, lost an agonisingly close one in the runner up bracket. Three point shot from over half court at the buzzer. Damn!",Local life & places,-0.784,2016-06-15 02:43:49
e1d250s,Whylus,"Shoehorning issues into others that are not related only makes you look like an idiot, and it devalues the cause in the public eye. Funnily enough my post was meant to portray the fact the people of any color who come from political/economic/social turmoil arn't going to easily assimilate, its not just the current wave of brown people.

If you are serious about First Peoples welfare, rights, and health, you should contact someone who does community work, they are always short staffed and could use a hand in any capacity.",Work hours & uni,0.119,2018-06-27 04:47:31
d82rws7,antilisterine,"Thanks for the suggestions, I'll have a look! When you say understated, any particular colours? Also, I will probably have to buy the shoes separately. Any suggestions for that? :)",Opinions & public issues,0.7616,2016-09-26 16:02:13
cciihgf,cissii,"rhodes and beckett currently have 50% all shirts online and in store at the moment. 

http://www.rhodesbeckett.com.au/sale.php","Cars, bikes & police",0.0,2013-09-30 23:42:56
clkr2g8,laori,3D printing is a great way to get student excited about technology.,Opinions & public issues,0.7579,2014-10-27 01:54:34
c4d3jxl,stivo,"You are not the police and its not your place to determine someone did something wrong, so get off your high horse. And would it have killed you to wait behind the car? I think your the one who needs to get your head out of your arse if you can somehow justify putting your foot on someones car. If you had stopped 4 meters sooner behind the car you would not have to attempt to preserve it. If you cant see that your much more then a tosser.",Work hours & uni,-0.8591,2012-04-17 00:24:12
d8ymcua,bobbyditoro,"However in most PT contracts there were bonuses in place for running additional services. Obviously this needs to be weighed up against the costs.

PT suffers from reverse ""Build it and they will come"" (Doyle on the Melb Wheel). Services are so few, people avoid them. Due to the lack of patronage, they don't run extra services.

However I never saw people counters outside business hours...",Opinions & public issues,-0.5046,2016-10-19 12:18:45
d6bi15v,beergoggles69,"Yeh good point, I guess it's just the fact that there are several million of them on the road at any one time, all speeding ahead so they can merge in front of you after you've been waiting patiently in the lane. Infuriating.",Work hours & uni,-0.128,2016-08-10 06:22:00
e3espf7,Route75,"Just because it's a bicycle lane doesn't mean that riding a half-metre-tall contraption with a tiny red flag is acceptable. All road users need to take responsibility for their own safety, which includes being reasonably visible to other road users. This isn't a cycle path through a park; this is part of a road shared with motor vehicles.",Work hours & uni,0.7579,2018-08-01 13:32:12
cs83b6w,PuppyMilk,"Awesome, thanks. I'll have to check it out","Cars, bikes & police",0.7906,2015-06-16 05:36:42
cci2gb1,dumblederp,"I've never heard of Bulk Billing Physio.

If you're on a budget most of the Uni's have student clinic's which are pretty cheap. eg, Osteo @ Vic Uni in the city.","Cars, bikes & police",0.4939,2013-09-30 06:46:39
c6rdf8v,campex,I remember when Daimaru (Melbourne Central) had new glass installed on the upper levels and one of the panes shattered and fell on my head. I was more or less unharmed but got some excellent scars on my hands protecting my eyes,Politics & traffic,0.6124,2012-10-25 02:42:40
d6bptwf,bren_gunner,"And would you believe it, the roads flow so well at that time. Fucking hell, if no one else is on the road, why stop at a red? You're just wasting your life away coz you cant think for yourself!",Work hours & uni,-0.8692,2016-08-10 12:41:18
e1vgm0r,drunkill,"I don't think Carnegie and Murrumbeena got the new signage, which is a bit odd given they only opened 3 weeks ago. Then again they are not yet complete either.",Local life & places,-0.3182,2018-07-06 04:15:59
e7fwsid,therealflinchy,"Melbournites are super sensitive about their latte

And they're half right, Brisbane couldn't do coffee until 2016-2017, melbourne won without a question, even  the shittiest cafe did a better, less burnt job.. it's a very recent thing and most people in here wouldn't have visited since Brisbane stopped sucking.",Jobs & money,0.6369,2018-10-09 08:44:17
cn12czv,Goatse_Wan_Kenobi,"Contact your insurance company. 

They will tell you their processes in this sort of situation.",Work hours & uni,0.0,2014-12-21 04:50:28
dg5awzz,roshkiller,"Oooohh shiiet just realized I posted in the wrong thread haha, my bad. Thought it was the daily discussion thread :D",Jobs & money,0.1111,2017-04-12 01:59:50
1a7e90,onetokeovertheline,"I've recently got into Melbourne, and am staying in St Kilda whilst desperately searching for some accommodation for a few months. 

There seem to be plenty of rooms available on gumtree, but they are all over the place e.g Carlton, Fitzroy, South Yarra etc. Having only been in St Kilda and the city itself, I have no idea which places are nice, and which should be avoided. 

If you guys could give me any advice, it'd be very much appreciated!","Cars, bikes & police",0.487,2013-03-13 08:03:00
dfyh63t,laughsabit,It's my birthday ! Yayyyy. But I also have a programming assignment I put off.. ugh,Local life & places,-0.6114,2017-04-07 15:00:59
cbkkqcb,sortius,"hehehe, I take it you don't work in IT.

Just took 2 years to buy a virtualisation solution at my last job. I signed off on the paperwork yesterday on my last day. IT projects in govt agencies are even worse.

Takes months to requisition a laptop, let a lone get the budget to redevelop a website.",Opinions & public issues,-0.4404,2013-08-09 23:29:26
4j42yc,HendorneEndohRoth,"Hey guys, I was just leaving a message to see if there are any therians who hang around Melbourne. I myself haven't been able to find any groups or packs and so thought of making one of my own if there are any individuals interested. Thanks for reading.",Jobs & money,0.6808,2016-05-13 01:45:16
c5vq11t,DeCoburgeois,"Good one! The only places that attract hipsters in Coburg are the Post Office Hotel and possible the Woodlands. Apart from that, unless the hipsters want a Kebab there's not a whole lot down here for them.","Cars, bikes & police",0.7177,2012-08-20 01:06:52
cmb68d5,skdsh,Quick question: Do I have to vote from a school etc/ inside my electorate or can I vote from any electorate?,Local life & places,0.0,2014-11-24 01:41:38
dov11v2,cricketer14,$2.25 for 100+ pulled from the Yarra in October.  What is the current count?,Casual chat & reactions,0.0,2017-10-25 11:02:18
d3swtgn,TheSilentPaladin,"Fucking park elsewhere and leave it for older/disabled you twat. 
I bet you got fined and trying to get out of it you little fucker.","Cars, bikes & police",-0.8627,2016-06-02 10:14:34
ds11odr,Kangaroobopper,"Holy hell that's out and out racism....oh, the author's black? Carry on then",Trains & trams,-0.6808,2018-01-01 06:28:25
cthe2uc,zozozozozoz,"(also, damn right. I AM DA SLOTH QUEEN)",Trains & trams,-0.4019,2015-07-27 03:35:49
dnsdeek,Thornhillkaplan,You clearly don't have children!,Trains & trams,0.4574,2017-10-02 04:20:52
cqaqjk5,paperconservation101,Watch the housing commission. When 50% on one street is sold the gentrification has happened.,Opinions & public issues,0.0,2015-04-13 12:25:06
ds2cvyu,StackModeActivated,"Yes to skilled migration, no to war refugees. We need to look after our people first by taking the selfish but safe option.",Opinions & public issues,0.6277,2018-01-02 03:42:01
c58o5is,Migwelion,Yes but it's more of a warm dribble and crowded,Politics & traffic,0.5567,2012-07-03 00:55:33
cy0kuak,demondor,Yeah it specifically said bank statement. I should probably contact the recruiter about this. And thanks for the superannuation clarification !,Jobs & money,0.6588,2015-12-16 02:56:46
c3b8zvm,gralicious,NO ONE OPEN TESSA'S DOOR!!,Local life & places,-0.4184,2011-12-26 08:37:38
d6cm2zd,Spottwat,"A course that teaches you about fractions, like 2/4.",Jobs & money,0.3612,2016-08-11 00:48:05
cpvdoeq,ruinawish,Anyone know why Based Daniel's username is all blue and stuff?,Politics & traffic,0.0,2015-03-30 09:54:50
ds14fi7,Kangaroobopper,Maybe a few of their editors have been poof bashed by African gangs,Trains & trams,0.0,2018-01-01 08:18:31
cwd38tg,truantxoxo,"Overrated yes. Good yes.            
I can honestly say I haven't eaten a better burger under $10.",Jobs & money,0.8357,2015-10-26 05:25:11
d0ckxrl,Fumanchui,"Ahh the streets, possibly my favourite line in a song (fit but you know it) ever ""but I stop sharking for a minute to get chips and drinks"" Love the way he says it.",Politics & traffic,0.6956,2016-02-24 23:17:36
e41rppg,Walter_Ego,"hope so, pretty good pic","Cars, bikes & police",0.8402,2018-08-12 06:50:59
dalrjeo,ZombieBait1,There is a place that sells Baguettes on Centre Pl (the one behind Degraves) max $6.50 tasty and huge.,Politics & traffic,0.3182,2016-11-30 07:11:16
dg0vzln,khongkhoe,😣 did not realise that,Jobs & money,0.0,2017-04-09 05:27:13
d4u2gsh,Tony1432,"Anywhere but Sires. Anywhere but Sires - accidentally bought an Andri Bini for $200 which was 100 percent polyester.
To be fair the polyester was not crap polyester but still.... Try Studio Italia, they have a factory outlet around Sunshine with reasonable prices, and their suits have working pockets with properly stitched lapels (no glue).",Opinions & public issues,0.7861,2016-06-30 15:36:12
cz4e5n1,BakerNator77,His circumstances are outside the scope of an internal review.,Work hours & uni,0.0,2016-01-19 21:22:14
dqnryhp,Quarterwit_85,Dude a few comments ago you called someone a ‘hateful fuckwit’. You love having a dig.,Jobs & money,0.6369,2017-12-02 16:09:05
dyfftxy,Tonkotsufan,"I'm really new to the area - I understand that most of the nightlife/etc happens in the suburbs surrounding the CBD itself?

Yet to leave South Yarra/Richmond.",Casual chat & reactions,-0.0516,2018-05-04 07:55:53
7rgn0o,DeJaVuAgain,"EDIT: Owner found.  Case closed.

Just found this.  Has photo ID and a bunch of cards.  Should I post the persons first/last name here in case they google search?

Anyway I have it for safekeeping.  PM me if it’s yours.",Jobs & money,0.34,2018-01-19 07:06:11
d0dtyj6,Soan,Coffee in CBD will be fine. Either around lunchtime or after 5.,Casual chat & reactions,0.2023,2016-02-25 22:21:19
cf5ono8,melihs11,gumtree. i found some dude that wanted to get rid of an orthopaedic or whatever mattress and it looked almost brand new. $50 and he even delivered it. legend,Local life & places,0.0,2014-02-03 04:39:02
d4e8mxd,tobtoh,"&gt; i hears someplace they lower some form of heat-lamp rig or such

Yup pretty much.

http://i.imgur.com/MxPgXAg.jpg",Politics & traffic,0.128,2016-06-18 13:07:00
ck53wmt,OboesBleat,I always disregard the air temperature - it's pretty deceiving. Feels like temperature is where it's at. 12° as of now - going outside is still not appealing because the wind isn't nice.,Casual chat & reactions,-0.0341,2014-08-31 02:07:43
ccxqtww,TheBlairventure,Just crack the glass all over. The LED screen still works fine.,Jobs & money,0.2023,2013-10-23 08:35:39
dxzgqmn,thisbitchsays,"See JBR is what makes me turn into an armchair detective, like ""HOW HAVEN'T YOU ARRESTED THE BROTHER FFS""  
But then, I also don't think a dingo killed Azaria  
Also wouldn't suprise me if when they catch Mr Cruel, that he was a Police officer too",Work hours & uni,-0.9249,2018-04-26 04:03:51
cdaz3lc,testbug0,as easy as keeping a cat,Politics & traffic,0.4404,2013-11-10 13:15:20
dmvl0zi,cayal3,I'm just speaking generally.,Opinions & public issues,0.0,2017-09-11 22:52:06
d49exhl,cadsy48,"Second this.  but if you want to do it fancy, don't go to Estelle Bistro which is more casual (but still outstanding), go to their fine dining off-shoot next door ""Estelle by SP"" or ESP.

Their other restaurant in Smith St - Saint Crispin is also excellent.  

Another thing you could do which has never steered me wrong is just check out the Age good food guide hat awards - http://www.goodfood.com.au/good-food/good-food-guide/the-age-good-food-guide-2016-the-hats-20150921-gjprjz.html

Anything with 2 hats on that list is probably in the region of what you're after.","Cars, bikes & police",0.9818,2016-06-14 22:26:43
cvt74nx,MoonGas,"So excited, landed a promotion last night, from bussie to manager in under two years. Can quit my shitty day job now, I'm gonna have so much more time for activities. 

Edit. Cheers everyone, I appreciate your words.",Local life & places,0.5984,2015-10-09 01:17:36
e38ef1o,potplanty,BECAUSE CONJECTURE IS FACT! FUCK YOUR ACTUAL LOGIC AND PROOF!,Jobs & money,-0.6229,2018-07-29 12:02:26
cjvbp21,flukus,"&gt; 15 minutes to Chadstone OR Southland.Check

Is that a good thing? I didn't realize how much I hated shopping centers until I moved to Melbourne and they didn't exist (inner city).",Casual chat & reactions,-0.3182,2014-08-20 05:51:07
e0amlll,NoodleBox,"Hm, that's a thought isn't it! I haven't received any emails about it. Probably means they get caught at the post office to pay. 

They ship to the UK so they have VAT involved.",Jobs & money,-0.1759,2018-06-07 22:33:15
e25k92b,supers0nic,They said they’re gonna announce some reductions of fees next week.,Local life & places,0.0,2018-07-10 21:38:18
dc41emh,AdenintheGlaven,It's an oppressive night because an /r/afl mod now calls Melbourne home,Local life & places,-0.4019,2017-01-07 07:52:35
cq2umhc,hillbillypolenta,"Contact the MFB. In some cases they will reduce the fee. However, the body corp may have already paid the MFB and are seeking cost recovery from you. Ask for the original invoice from the MFB if you do not already have it.",Jobs & money,0.3182,2015-04-06 11:48:41
ds0zj7h,Mortar_Art,Turnbull is joining in the 'law and order' bullshit too.,Work hours & uni,-0.5859,2018-01-01 05:15:19
cbk68kf,IceMan004,Wow... How did VicRoads fail at that? Internet Explorer? Who uses that??,Jobs & money,0.3094,2013-08-09 12:03:07
di7t7zv,highbury_fields,"&gt;I actually am surprised that a healthy adult died after being run into by a motorbike.

Then you need to do a lot more research about motorbikes and people.",Work hours & uni,-0.0,2017-05-30 06:22:46
c6rkcdx,kylexface,"They for sure do still have the Cathy Freeman run. Do you know what makes it insanely better? Running against her while drunk. The whole of Scienceworks is way better while drunk, especially the planetarium. They have adult nights every 6 months or so where it is 18+ only and they serve alcohol. There is one this Saturday. Going to be amazing!",Trains & trams,0.8777,2012-10-25 14:50:49
93lwx8,Cy9796,Looking for places to explore with mates in the south east and we are based in Berwick,"Cars, bikes & police",0.0,2018-08-01 04:45:49
e5hgf33,FreakySpook,I've tried it. Witnessed too many friends lose themselves to it and nearly lost myself to it a couple of times. It's not something I think should be easy to obtain.,Local life & places,0.25,2018-09-06 08:35:58
cni7i2z,Bugisman3,"Unfortunately our politicians won't pay for an underground metro, let alone any new above ground lines.",Casual chat & reactions,-0.4774,2015-01-08 08:09:30
e8my7sx,Mitsubishi_ASX,Morning!... Well Afternoon now...,Local life & places,0.3382,2018-10-29 01:08:43
dxnblnf,hdfb,"Unlike Labor who rely on the thuggery of the CFMEU, an inherently misogynistic organisation, and the ACTU whose Chair OPENLY encouraged Australians to break the law on national television.",Work hours & uni,0.3612,2018-04-19 21:12:51
d52ducu,landsharkkidd,"Pokemon Go, it's an augmented reality mobile game where you can basically catch Pokemon. Not as great as playing the game, but it's a lot of fun. It's by Niantic, the company who created Ingress, another augmented reality mobile game.",Jobs & money,0.7354,2016-07-07 03:48:19
dfbztc8,NotLucasHood,"Ring *mumble mumble* bear *mumble mumble* 

Edit: I EDITED THIS COS I'M AN IDIOT AND DON'T KNOW HOW TO USE REDDIT OKAY?!",Jobs & money,-0.4003,2017-03-24 01:18:01
cwmnsvh,mr-snrub-,"Yeah, he's been immediately retired after today :)",Jobs & money,0.6369,2015-11-03 07:33:04
drn2k94,Dorugoramon,You need to wring up the insurance then if the builders won't do anything about it.,Opinions & public issues,0.0,2017-12-22 23:54:18
csx8d2f,ruinawish,... so what's his reddit handle?,Jobs & money,0.0,2015-07-09 09:08:44
d6u7euj,KillLush,Councils exist to game the system. Most councilors are there to make deals for their business mates or family.,Opinions & public issues,0.0,2016-08-24 03:13:09
cp3yudb,DT2014,To be fair it's probably not even going to be sold to someone that gives a shit about a 'for sale' sign in English.,Jobs & money,-0.3182,2015-03-04 11:36:08
djmunn6,anoma-ly,i've joined clubs but i never end up committing to them. Will really try committing in the coming semester.,"Cars, bikes & police",0.1367,2017-07-01 03:57:27
dewhef9,gozieson,"Honest question, how much do one of these batteries cost, and is there an ELI5 comparison of how much power storage these large rechargables store compared to individual power banks that we usually bring around?",Opinions & public issues,0.5106,2017-03-14 04:10:07
dqs980o,rbb24,Didn't sleep well. Staring at computer,Local life & places,-0.2057,2017-12-05 03:43:51
d43dyx9,biscuitmaester,dude I'm all up for that shrek baby,Politics & traffic,0.0,2016-06-10 07:34:25
c75j982,thetrumpetplayer,Yeah can't wait for them to be charged with aggressive behavior and then get even more money from centrelink and press.,Work hours & uni,-0.0516,2012-11-23 07:58:06
1rgb9a,isaidc,"The 10th Annual Happiest Awards Nominees have been selected. Who has the best parma? Where is the best kebab? What's the best special each day of the week! VOTE NOW!

http://bit.ly/183pf6u",Local life & places,0.9762,2013-11-25 23:08:57
ds1y5yb,minimaliso,"&gt;We have transitioned into a service economy, which requires infinite growth to remain afloat.

Capitalism requires infinite growth, irrespective of whether it is a manufacturing economy or service economy. Your comment is an example of society being well trained not to criticise the c-word... Shhhh.

We are definitely using population growth to pad capitalism - and I am 100% pro refugee.

&gt;Australia's economy is forecast to become the 11th biggest in the world by 2026 mainly thanks to population growth.

https://www.sbs.com.au/news/australia-s-economy-to-be-world-s-11th-biggest-as-population-grows

We really are kidding ourselves with out of context statistics.

&gt;After accounting for inflation and population growth, the extra 2.9 per cent, or $500 million, expected to flow into shops is actually a downgrade

http://www.smh.com.au/business/comment-and-analysis/the-truth-behind-another-boxing-day-sales-record-20171226-h0a3qk.html

Population growth is by far the most accessible and easiest way for a political party to create growth, and sometimes it is the only way. A major problem I see is that we don't factor in population growth to our statistics, we leave that for others to do afterwards and as we all know, a lie gets halfway around the world before the truth has put their shoes on. For example, the libs just recently spruiked that they had created a record number of jobs. But once you factor in population growth, you find that jobs created just went up along with population growth. This is why you don't see the unemployment rate nosediving, or any pressure on wages to go up due to a high demand for labour. 

&gt;Making things is too expensive.

Making things is not too expensive. Maybe you phrased it wrong. The reason we build elsewhere is because capitalism is predatory by nature, not only by capitalist vs worker, but by capitalist vs capitalist... so the capitalist class (owners/bosses) go off to the developing world where they can pay the extremely poor and desperate fuck all so they can extract higher profits from that labour, and not only that, they can offer a lower price to beat their competitor. The only reason they didn't do this earlier was technology was too primitive and prohibitive.

&gt;We aren't allowed to dig things up.

We do dig things up. We just allow corporations to reap all the reward while we pay to clean up the mess afterwards. Company A will play tricks like selling a mine due for clean up to company B (which only really exists on paper) for $1, then company B goes bankrupt and company A has avoided all clean up costs. That is only one of their many crimes to externalise the cost of clean up onto the public - after not paying their taxes either. I'm off the firm belief that ALL mining should be done by state owned companies. We're mining the wealth of the nation, for the nation, not private and often offshore mining companies.",Opinions & public issues,0.9809,2018-01-01 22:38:02
c63mvwk,finewinereview,what a bummer... which suburb?,Casual chat & reactions,-0.3818,2012-09-05 04:16:40
dl015q3,hutcho66,"As they should be, non-smoking employees shouldn't have to walk past a smoker when they arrive at work or go to take the bins out.

Just walk 4m away from the door.",Casual chat & reactions,0.0,2017-08-01 05:23:24
dkznj9e,Fawksyyy,Your not getting ferns...,Jobs & money,0.0,2017-08-01 00:04:03
cavrs9l,MarloStanfield1,"theres no collapse in sight, we seem to be unaffected by any downturn in the economy.",Jobs & money,0.3875,2013-07-04 10:30:56
d36nul9,notquitedrdeath,If you aren't going to cafe51 you aren't getting a real burger.,Jobs & money,0.0,2016-05-15 20:10:58
cp9zivs,btron1,If your neighbouring house was connected to your circuit(stealing power from you) then you would have a ridiculously high power bill from when the previous neighbours were there. If the neighbouring house is connected to your house before your meter then turning all your appliances off or turning off your main switch will prove nothing that you shouldnt have already worked out.,Work hours & uni,-0.34,2015-03-10 05:17:07
chtimp5,alphabeat,Went to the Great Northern last night. Not sure I'm sad or glad I don't live near there. Got to watch the State of Origin on 4 screens! Yeww! So many beards there. Any other ex Queenslanders out and about?,Casual chat & reactions,0.851,2014-05-28 22:48:46
ctxv1ve,czander,"Nice to sit down in and read the paper. Coffee could be stronger, but thats just my preference. 

Also the barista's could be.. less.. bro-like. 

I mean, I don't mind. But they're pretty much the epitome of the ""Jerk Barista"" stereotype haha..

Not sure if you can tell but I have strong opinions on Pinewood Coffee.. 

Cafe 57 4 lyfe.",Politics & traffic,0.8384,2015-08-10 12:03:57
ctqj9rn,cameronm,"The Great Ocean road is a great idea, especially if you want to remind him of home a little bit. It shares a lot of similarities with Route 1 in California (especially if you hit up the Redwoods in the Otways)","Cars, bikes & police",0.8934,2015-08-04 00:18:14
c3dhrqa,Dennmic,"It won't work (thankfully). 
People will stick a cork in the top of them and then sell them as water pourers. 

EDIT: [Looks like it's already happened.](http://www.offyatree.com.au/shop/category43_1.htm)",Work hours & uni,0.2425,2012-01-03 09:24:18
e23xapa,l33t_sas,They mean the Monash NEIC which is in Clayton and Notting Hill but there's no train station nearby,Casual chat & reactions,-0.4215,2018-07-10 04:24:02
dkuxp01,Death2ANTIFA,"She was known to him and they they had a bogan feud where she threatened to kick his dogs and he called the police. He still stalked and murdered her, pretty fucked up.",Politics & traffic,-0.9001,2017-07-28 20:40:06
ck0nixw,atregent,"maybe i got that the wrong way around, and it's not effective on a small percentage. It was a Hack topic on triple J one day. They were also saying that the dose you get in a panadeine tablet is actually quite low.",Local life & places,-0.7933,2014-08-26 04:44:23
c79sifb,hearpaulroar,I meant 2am. Sorry about that.,Jobs & money,-0.0772,2012-12-02 00:04:37
ds256f1,DerGeekenberger,I don't think a war zone is what you think it is...,Trains & trams,0.4847,2018-01-02 01:05:51
cv7flcv,thegolfer2,"""But if the prices fell, then the rental would have to fall too.""

Usually rental prices lag behind house prices, i.e. when house prices bottom out, rents start to fall. When rents are rising, house prices usually have had decent growth for 2-3 years.

that's just my observation.",Opinions & public issues,0.0772,2015-09-20 00:30:07
cwxm4i7,KeelBug,Just in-case you're not aware... the most recent version of IE on Windows XP is v8.,Politics & traffic,0.516,2015-11-12 12:44:40
chgkk75,alphabeat,Stop! STOP! My erection can only get so hard.,Work hours & uni,-0.7638,2014-05-13 03:47:55
cvt27n0,todp,"Generally we seem to wear a collared top, jeans and decent  but comfy shoes.

The occasional t-shirt sneaks in but not many","Cars, bikes & police",0.1027,2015-10-08 22:57:07
doktzjr,Thearcticfox39,It's not too bad. Especially after the winter we've had.,Politics & traffic,0.431,2017-10-19 07:06:19
cw4l246,sameemo,"Expiry 0ct 2016, quantity -2 , price - message me your offer",Jobs & money,0.0,2015-10-19 00:11:39
d6bk9we,eshaman,Spot on. I was trying to whittle it down to something specific but came to the same conclusion.,Work hours & uni,0.0,2016-08-10 08:06:19
cmhodb1,OIP,"oh boy oh boy

SLV is state library of victoria.  pretty chilled out place, could solve crimes on the side or just be a consultant to people solving crimes.",Work hours & uni,0.7506,2014-12-01 05:38:51
dv8mlj2,dumblederp,theft -&gt; crime -&gt; L O C K E D B O Y E,Work hours & uni,0.0601,2018-03-05 23:46:59
dbfz6to,unstealthypanda,"I did, but I did say that last week. It's not like you didn't already know!",Jobs & money,-0.451,2016-12-20 23:26:48
dewhjmd,djdefekt,"yeah actually, not a whole lot.

the  Murdoch papers want you to think so though, and I only take recent attacks on Daniel Andrews by them as an indication that his government is doing a lot right and that's starting to scare them.

seriously, if you want to see how much this government is smashing it, just like the facebook page linked to here and watch the constant stream of announcements go by as they go about actually fixing the infrastructure and laws that have been neglected by previous state governments.

http://www.parliament.vic.gov.au/members/details/1583-hon-daniel-andrews",Jobs & money,-0.7096,2017-03-14 04:13:58
ctqvrrf,wigsonhats,"When I first visited Melbourne from America my friend took me to Phillip Island to see the penguins and we went to a great nature park that let you hand feed kangaroos and emus.  The penguins are a bit touristy but it was still a fun experience.  Either way- as an American, I would think your friend would have a great time in any kind of zoo or nature park where you can see and interact with Australian animals.","Cars, bikes & police",0.9688,2015-08-04 07:44:18
dz4hvdk,holdyourbananas,"I do too when I get off. But she did this just before we went off the main bus station. She’s just grumpy, unfair to send off bad vibes to the customers. We are not school children.",Jobs & money,-0.872,2018-05-17 11:25:09
e5irlbz,Throwaway-242424,"&gt;Alcohol is something our society is stuck with

Good d thing the war on drugs is going so well for illegal drugs. Give it another century and we might win it!",Work hours & uni,-0.1567,2018-09-06 22:05:36
e6gr1s6,zfa,They're not exclusive statements.,Work hours & uni,-0.0951,2018-09-23 00:35:45
ds1o46e,bgaesop,"&gt;I don't mean the kind of socialism that makes Americans shit themselves and hug the nearest flag, I mean a severe flattening of the income disparity chart, and the full suite of high-quality services being available to everyone.

So... not socialism",Work hours & uni,-0.4767,2018-01-01 19:16:47
e74nh7b,RaptorsOnBikes,"Station looks fantastic in this photo - so much nicer than it actually looks in reality lol. I like the physical appearance of the roof, but the station just feels so grey and dirty all the time.

Good job, great photo.",Politics & traffic,0.9219,2018-10-04 02:06:47
ck0ey5o,Steve00,Awesome great to hear :),"Cars, bikes & police",0.9042,2014-08-25 23:28:31
5a9vmx,scorchedegg,"Hey,

I'm well aware of these moving to 'x' posts, and they get old quick, but for once I'm the one creating it!

I'll be transferring over from Perth after spending the last 5 years there (from the UK originally) and my job is located in docklands.

I was hoping you guys could advise on the best suburbs to look at for an apartment/house?

More about my situation, I'm 27 year old guy and my 31 year old girlfriend will be coming over too. Currently I stay around 6-7km from work and try and cycle in most days a week, so ok-good cycle connections to docklands would be awesome. Probably the most I'd cycle in would be 10km out. That said, I like to lazy sometimes so a decent public transport would be good too. My girlfriend would probably be working in the CBD if that helps. Also, is a car needed to get around Melbourne or is public transport good enough to make me not miss one?

In terms of a place, we're quite flexible, currently in a 3 bed house in Perth which is ludicrously too much space, so a 2 bed apartment or house would be ideal. Budget is anywhere from $325-$450. We could go higher if a certain place ticks all the boxes.

We're out the burbs just now so were kind of hoping for either inner city if that isn't too expensive or the surrounding suburbs. If you know Perth, I'd say we're looking for a Mt Lawley, Leederville type area. Again though, felxible on what you guys say.

Thanks!",Opinions & public issues,0.9943,2016-10-31 02:19:41
cfyoxbr,emilyrose93,"Oscar Coopers on Greville St is pretty good. It's a little bit fancy and hipster-y, but it's a good atmosphere and people watching in Greville St is a lot of fun.","Cars, bikes & police",0.9072,2014-03-10 03:04:52
ct3lj3w,zozozozozoz,"There's an Ugg store on Smith Street, down the Alexandra pde end. Or Vic Markets.","Cars, bikes & police",0.0,2015-07-15 00:27:42
duvbssj,TommyTassel,"Sah edgy!

Yeah, there's no alternative to getting AFL that isn't broadcast in postage stamp size. The old cunt wins for now.",Politics & traffic,0.2003,2018-02-26 20:39:26
d49jc4s,fearofthesky,"Bartronica is such a fun place. Pokemon Stadium, Mortal Kombat. NBA Jam, Golden Axe, oh my.",Local life & places,0.4404,2016-06-15 00:18:09
c81ek17,kawaii_zombie_bunny,"You've mentioned two different fields in your question, and so far it looks like you're only getting answers in relation to web development, not design. 

Development and design are two different things. In THE simplest terms possible:

Web developers are the people that make websites, generally lack in-depth graphic design skills.

Web designers are the people that make websites look good, but generally lack in-depth web development skills.



Some more info on what your skills are would be helpful for anyone trying to give you advice. Has your VCE been mostly science/math or humanities? Did you do visual arts or any kind of design?

If you've done any kind of visual arts you're probably thinking about web design, and you may be better off looking into courses for web designers eg. Interactive and Digital Media, maybe even Graphic Design, although the latter will be less web-based you'll still do units that cover you for basic web design, then you learn the rest on the job.",Opinions & public issues,0.7912,2013-01-22 11:37:03
cvtadvi,cayal3,This a one person event?,Work hours & uni,0.0,2015-10-09 02:45:43
dyrdl3q,melbssss,"Just FYI it is only 30 mins from the city to Broadmeadows Station, and then 20mins from there to the airport.",Casual chat & reactions,0.368,2018-05-10 15:48:51
dkydtcm,asilentsoliloquy,"It's amazing how you just project beliefs onto other people and have arguments with them when you have no idea what you're talking about.

I'm pretty sure you've never actually spoken to another human being, let alone one who might even be remotely classified as being a 'lefty' or what you would call a SJW....",Jobs & money,0.5267,2017-07-31 05:42:06
dre7k06,Scozetti,"My partner and I moved over from Chch in October, we found a cheap sharehouse through a facebook group to get us started. Hoping to move into a one bedroom place once we get some more income lined up. Send me a message if you want the fb info!",Trains & trams,0.5255,2017-12-17 22:21:46
dlf0og5,Oscillatingcalmly,"Nah just leave, it's accurate twice a day that's enough.",Local life & places,-0.1531,2017-08-10 07:06:48
dnsr082,Alber81,Have a meal at the moroccan soup bar!,"Cars, bikes & police",0.0,2017-10-02 13:07:57
cnpjonl,majones_2000,Of course I'm getting 100Mbps :),Work hours & uni,0.4588,2015-01-15 06:00:07
crmd83x,lastmindisaster,fuck that shit! get an e-bike. No rego and no petrol costs. Totally worth it,Work hours & uni,-0.8624,2015-05-27 11:11:19
dyqj970,Qwazxc,"Which part of ringwood?  As will keep an eye out. But it's a big suburb

Think about how it got from balcony down, and look for enclosed areas, warm places etc. Could be locked in somewhere. 

Edit, also is it possible for the cat to get back onto your balcony?",Politics & traffic,0.4039,2018-05-10 03:03:10
e4wk44b,That1WithTheFace,"Yeah I totally get this. The one that hit me the hardest, in recent memory, was the one in France at the Eagles Of Death Metal concert. Because I go to a lot of gigs, and I enjoy that band, it felt like an attack on ""my people"" so to speak. I can totally see how gamers are affected by this more so than some other attacks.",Local life & places,-0.5574,2018-08-27 06:35:44
chnh3jb,quantummonkey25,"Taxis in Melbourne are mostly run by one corporation, Cabcharge. They also have an inordinate amount of influence on the regulatory bodies. If you have seen the net neutrality debate, and the influence of the mega-ISPs on the debate over in the states, Cabcharge are the equivalent in the taxi industry. Because they run the show, there is no need for them to improve services or allow drivers to take home a decent wage (when you factor in the hours and the risks involved). 

Check out their wikipedia page. The list of complaints is phenomenal, and has been going on for decades. 
http://en.wikipedia.org/wiki/Cabcharge#Concerns_about_Cabcharge_Activities

Edit: clarity.",Opinions & public issues,0.128,2014-05-21 13:37:32
dt3qd4b,dinosaur_underling,Oh yeah theirs is may? Or calendar year iirc,Jobs & money,0.296,2018-01-23 06:40:14
dcnllh9,invaderzoom,we keep having to raise the prices we pay our brickies - not enough for them for the work that is available!  Great time to be a brickie!,Opinions & public issues,0.6467,2017-01-20 02:11:02
dlyjqdm,countlustig,"Sadly not. Another friend did this once though

https://www.youtube.com/watch?v=2_gGC4JmJmI",Trains & trams,-0.6628,2017-08-22 07:29:33
csxduvw,LiamBaker,Does this mean you technically 'own' his pictures? What does it mean for the 'profits' this punk kid made using stolen equipment have they been seized?,Work hours & uni,-0.168,2015-07-09 13:50:04
e41rkpz,jumbobumbo2111,"Won’t be long &amp; they’ll have him, the scumbag",Politics & traffic,-0.6369,2018-08-12 06:47:06
c1gjzys,propsero,"Thanks a lot for your help. Just wanted to let you know I updated my OP with an edit detailing what I've found so far, if you're interested.",Trains & trams,0.8074,2011-02-12 23:53:10
duvw3go,mr-snrub-,"I dunno. It's a Melbourne Landmark known for its architectural design. I'd feel the same if they put their store next to the War Memorial, you know?    
     
If the Apple store blended completely into the design of the existing square, I wouldn't protest. But that's not Apple's MO",Opinions & public issues,-0.2335,2018-02-27 02:18:17
e4w6o45,overnightdelight,Learnt about the Adelaide O-Bahn today. Have we got anything like this or does our team system kind of make having it here obselete?,Local life & places,0.3612,2018-08-27 01:38:44
dh20obb,northboring,"Source for ""the majority of people would still drive""? Amsterdam used to be like Melbourne with high car dependence. People there said exactly the same thing. It's a matter of political will and allocation of priorities.",Work hours & uni,0.3818,2017-05-03 01:13:28
duvvwon,Walter_Ego,Have you been told by your line manager that you're fired?,Local life & places,-0.5574,2018-02-27 02:15:03
dzd4sbm,purewasser,They put money into accounts that were opened but not deposited into I believe.,Jobs & money,0.0,2018-05-22 01:39:29
e52ys24,Infraxion,"See my reply to the other guy; I didn't really want to start anything with him. I'm not saying that he hates his job, the person above me was and I was just saying if that were the actual reason that maybe it would be grounds for a complaint. i feel like there's probably a better reason though, that's why I thought I'd ask Reddit",Work hours & uni,-0.0358,2018-08-30 05:51:57
e7xbvfh,psylenced,"&gt; In hearing submissions the magistrate watched CCTV footage of the alleged assault and the moment Ms Chol, 19, was stabbed, as well as footage of both boys immediately after.

&gt; ""This accused is seen punching and kicking the victim,"" the prosecutor told the court of the footage.

&gt; ""The co-accused can then be seen to pull a knife from his pocket and stab the victim once to the chest area.""

&gt; The 16-year-old was holding Ms Chol when the 17-year-old stabbed her, it is alleged.

And then..

&gt; Prosecutors claim further footage shows the teenage boys get into a lift, the older boy put his fingers to his lips in a silencing motion and the younger boy responds with a ""give it to me"" gesture.

&gt; It's argued the **17-year-old handed the younger boy a knife and that the 16-year-old secreted it in a satchel and later disposed of it**.

And wtf...

&gt; The 16-year-old's lawyer said there was clearly a fight between his client and Ms Chol, **but questioned whether the boy knew Ms Chol has been stabbed** or suffered any life-threatening injuries.


Give me the knife that's most likely covered in blood so I can get rid of it - oh and i didnt know someone was stabbed.",Politics & traffic,-0.9775,2018-10-17 09:20:38
dsy53a8,GeeSpee,"Is that sarcasm? 

Edit: why is this getting downvoted, I asked a damn question, jesusssss 🙄",Trains & trams,-0.5574,2018-01-20 00:59:33
chorop3,Steve00,"Are you going to come to the global meet Noodle? I hope your as entertainingly random in person as you are on here :P  
Cant say ive ever got chops for a birthday but im definitely not against the idea!","Cars, bikes & police",0.8229,2014-05-22 22:09:16
dtk5dfm,antaresiac,"Which is still silly. For the most part, if you blow a tyre at 100km/h you will need to change it *as soon as physically possible and safe to do so* (having had this happen to me twice on 110km/h roads). Not 1 km down the road.",Work hours & uni,0.4588,2018-02-01 05:33:08
ds17t4m,holdenmg,Have you tried a retune of your TV?,Trains & trams,0.0,2018-01-01 11:14:19
coiww9i,pressbutton,"North west of you. Thought I was close but I'm probably 30 mins walk. 

Thanks for the info! I'll have to check it out this weekend.",Casual chat & reactions,0.63,2015-02-12 04:02:24
csudmox,Deceptichum,I'll type on the same keyboard while you're writing that.,Jobs & money,0.0,2015-07-06 23:29:27
ck0ewp8,covermeingravy,Naughty *past* gravy. Present gravy is getting her shit together.,Jobs & money,-0.5574,2014-08-25 23:27:03
dtk5ffm,Raptop,"I agree with you. I wouldn't want to drive on a flat tyre at all.

However, now it's obviously not safe to do it there - I would be limping to the next break in the rope to do it.",Work hours & uni,-0.033,2018-02-01 05:34:34
cdtywan,American83,SBS World News Aus has the best der der de dern der de dern di di di der der dern der,Trains & trams,0.6369,2013-12-05 05:00:13
cq9jctj,T1bbers,Last day of mid semester break. Did not get my assignment finished. I really don't want to go to uni tomorrow T___T,Local life & places,-0.1281,2015-04-12 05:05:27
ck0t5df,spyduhgirl,Yeah getting a cyst removed so I'll have belly button and one on each side. 4 days off work should be enough I hope.,Jobs & money,0.6249,2014-08-26 11:50:03
d5a2puv,atregent,"We've currently got them set up in the bathroom, with a lid on it (had to take the door flap off though). It's not bad there, except the one time I decided to have a relaxing bath and the cat also decided to have a particularly smelly shit.",Local life & places,0.2896,2016-07-13 02:21:52
dsra82w,OV1C,"So I read your comment through the notification log since it seems it's not allowed to post FB links in this sub but wut it's not local then, that means shipping? That's kind of... Sketchy. What happens if it gets damaged? What if it gets lost? Etc?",Jobs & money,-0.4871,2018-01-16 09:45:12
e3f0i0a,skillgannon5,straw man fallacy.,Politics & traffic,0.0,2018-08-01 15:27:05
dn6zj5e,hopefulpenguin,"Maybe you're right, but it doesn't change what I said.",Work hours & uni,0.0,2017-09-19 00:45:27
dt7op21,smartazz104,I mean compared to a Tesla...,Casual chat & reactions,0.0,2018-01-25 10:41:35
c8gmcz2,danKunderscore,"Seriously, Melbourne does trams really well, and trains really badly. Why aren't we investing in more (relatively inexpensive) tram lines to take the pressure off our (significantly more expensive) train lines? (i.e. why not invest in what we're good at?)",Casual chat & reactions,-0.3313,2013-02-17 09:56:39
cdt2y1b,g3cko09,DAN!! I missed out.. I am pretty new to reddit. Hope I don't miss it next year.,Local life & places,0.7121,2013-12-04 03:53:59
coftare,megablast,"Right, dangerous and frustrating is more important than actual death.",Work hours & uni,-0.8319,2015-02-09 08:01:12
dfrehhe,mediweevil,not for much longer.  sanity will prevail.,Opinions & public issues,0.0,2017-04-03 06:15:52
d4ulo95,nthfitz,Did you tell your job you have a HECS debt?,Jobs & money,-0.3612,2016-06-30 22:28:38
9hdny6,sorryartboy,can anybody help me find someone abandoned for photos/video? please comment / DM me,Jobs & money,0.25,2018-09-20 08:56:00
capj48z,stfm,"Dude. Gluttony: It's a Sin on Smith St. Best hangover breakfast ever. In house made soda bread is awesome. Coffee good too. Try ""The Gluttony"".

The ""Hash Stack"" at 15 Pounds in Fairfield is good too. Down the road is Apte and they used to do great ricotta pancakes but they are slipping in quality. Banana bread is still good though.","Cars, bikes & police",0.9032,2013-06-25 00:35:24
ck0ckuu,pigferret,"I'm looking forward to Spring and Summer, I just wish this daylight savings nonsense could stop.",Casual chat & reactions,-0.296,2014-08-25 22:05:28
dsracde,OV1C,"I'm on mobile since you said it works better on mobile, I'll try heading over to my laptop though thanks a bunch haha 🤣","Cars, bikes & police",0.9001,2018-01-16 09:50:04
dfolst2,jonsonton,"I wish both AEST and ADST should both be moved forward an hour. What's the point of the sun rising at 6am, or even 7am when it can set at 9/10pm and have lovely sunset bbq's on the weekend instead.",Local life & places,0.7579,2017-04-01 05:32:19
d8yn2o9,spacelama,So retarded that they're buses.,Casual chat & reactions,-0.6115,2016-10-19 12:43:03
dbfyhkg,Puddlette,Ditto. Payday and braving Chaddy later. Bleh.,Local life & places,0.0,2016-12-20 23:10:42
cw3rfpq,post_rock0,Sometimes at lunch I just stand and watch people fuck up hook turns. Or get monstered for trying to turn right from the right lane.,Work hours & uni,-0.5423,2015-10-18 06:27:34
d52mzbi,delljj,"Anyone have an lg smart TV?

 Trying to download the wwe network app but don't see it on the store.  I see it on the website when I browse from my phone or desktop but not from the TV store.",Politics & traffic,0.2144,2016-07-07 10:24:04
drxsm4k,hexagrm,ABC and buzzfeed style headlines. Wtf is going on here?,Trains & trams,-0.5859,2017-12-30 03:14:43
cgye204,stinx2001,I check them to see if it's someone I know. One day it will be and ill be in a do I rat on them or not dilemma.,Politics & traffic,-0.3142,2014-04-21 20:45:13
dk7d998,MeetJohnBabbich,people having a cry about $4. Four fucking dollars. Oh millennials never change,Work hours & uni,-0.4767,2017-07-14 08:01:49
d08run5,negajoey,"thats what i was thinking. I didn't think 9pm was that late either but yeah, paranoia hit me.",Trains & trams,0.0772,2016-02-22 01:49:26
cvtejfl,atregent,"Apparently the make really good risotto.

That's what my GF says. 

I thought I made really good risotto though...","Cars, bikes & police",0.7496,2015-10-09 05:04:37
cvnkj2y,shit_bloke,"Oh, that wasn't my inference. Merely that it was a curious first post. ( ͡° ͜ʖ ͡°)",Politics & traffic,0.3182,2015-10-04 06:59:27
d104a6v,Steve00,I paid a small amount to cover some stuff when I finished uni. I don't think it's unreasonable,Trains & trams,0.0,2016-03-15 01:45:08
cecd0rd,dickfacerax,"[Here](http://i.imgur.com/W06Mmk3.png) is a nice little place I go to for BBQs. You get a full view of the bay as well as Melbourne, there's a small pier there so you can watch it all next to the water.


It's perfect for BBQs when its hot. Won't be going there this year as I might have other plans so someone else can enjoy the view!",Casual chat & reactions,0.902,2013-12-29 05:21:40
duvruq9,stinx2001,Highpoint is much closer than 45 minutes to the cdb.,Casual chat & reactions,0.0,2018-02-27 01:03:49
e5j4vxi,Throwaway-242424,"They're not the same goalposts at all.

The initial dispute was ""should they be legal"", not ""should it be legally permissible to sell rat poison and say it's coke""",Politics & traffic,-0.6486,2018-09-07 01:42:16
e6d8usa,Reynbou,"Man, I really don't care if you think I'm racist.

I gave an accurate description. That's all that matters.",Work hours & uni,-0.7787,2018-09-21 07:46:59
d5a1zt7,Fumanchui,"I put a few drops of Nilodor in the tray, it helps",Politics & traffic,0.3818,2016-07-13 02:02:34
dfxlznx,Dalek_Au,It's actually a Crime Scene Services car. You make a good point about the phone but TMU hasn't existed by that name for a long time. Fatalities are actually investigated by the Major Collision Investigation Group.,Work hours & uni,-0.8844,2017-04-07 00:01:17
ct4v6kq,stinx2001,Nice. What kind of work you do? IIRC you're in IT?,Local life & places,0.4871,2015-07-16 01:36:38
e1f84pd,energy4anarchy,Don't forget me if there is some Mexican marching powder snowing tonight,Jobs & money,0.1695,2018-06-28 04:32:12
e7yoq77,Screambloodyleprosy,"3 headshots aged 15-16 tried to rob me at Fed Square on Tuesday night outside of EFFA. 

Tried.",Local life & places,-0.5574,2018-10-17 22:22:18
dxjuq41,PsychoAutistRapist,"Is anyone else somewhat kind of amazed that ""the mob"" or ""the mafia"" is still a thing? It really seemed like they hit a high point with Trimboli and then sort of faded away and were replaced by Dock workers and Bikies.


Is the Italian mafia still a thing? Can anyone provide me with links to contemporary altercations involving them? I remember hearing about gunshots in Brunswick and a dead lawyer but other than that I can't really remember much lately.


I definitely felt ripped off by my experience at the Abruzzo Club on Lygon st but I'm unsure of whether or not that is relevant to any mafioso activity.",Local life & places,0.3921,2018-04-18 04:04:48
ds2n4i2,disposable_ted,"I believe Australian people do have the right to decide who settles on this continent. If not Australians, then who else and for what reason?",Trains & trams,0.0,2018-01-02 08:54:46
daxamfp,Sammy1406,"I think we are missing the point here. 

People won't stop using the Toll roads, the people that already use the toll roads will still be paying the same amount if the traffic flows freely and even less if the traffic becomes congested.",Work hours & uni,0.3794,2016-12-08 02:15:25
cf5huf4,Raptop,"Depends which way you're going. Towards the city it is 40, from the city, its 60 from part way over the bridge. 

Both directions are narrow though.",Casual chat & reactions,0.0,2014-02-03 00:24:57
cqwpk64,hillbillypolenta,"CBD stores employ security guards at night (because KFC is an ideal place for the popped-collar set to start a punch on, apparently)",Jobs & money,0.7003,2015-05-03 05:25:35
csueamy,danshep,"The car might not have had any plates (that might have been why they were originally pulled over), or they may have just fallen off as the car burned.",Work hours & uni,-0.3612,2015-07-06 23:49:13
ds0u35t,Castratrix,"I'm afraid the thread won't be pretty. I'm not looking forward to reading *some* people trying to explain to Nelly how he doesn't understand the issues, or pointing out where he has gone wrong. Sigh.",Work hours & uni,-0.6836,2018-01-01 02:36:17
d6l088e,dr_pepper97,"Pc case gear or eBay, shipping is free with ebay but shop around for the best price.","Cars, bikes & police",0.8381,2016-08-17 11:58:27
dwuj4rf,a1studmuffin,I also got one for the first time ever today after doing a few inspections in Melbourne. Dodgy fuckers.,Politics & traffic,-0.7003,2018-04-05 12:01:23
c32dmqo,MarsNeedsGuitars,Aww. *sob* I just had to give away our adorable British Blue!,Politics & traffic,0.3595,2011-11-24 08:10:32
d52cn6k,mario_sniffer,If only I'd thought of the dog before licking it up myself. D'oh!,Jobs & money,0.0,2016-07-07 03:15:41
cpgafo2,Funkyalien,I'll report back if plans go ahead.,Work hours & uni,0.0,2015-03-16 04:31:18
deg28hp,Frontfart,"&gt; Academia = progress

Sometimes, except when science gets political, like it has with the left. These ""brains"" are too scared to debate issues. They ban opposing viewpoints. Not very academically minded of them.",Work hours & uni,-0.296,2017-03-03 04:11:05
c5e4ssm,hedaik1,"$25 fine for Federal Elections, I was living in London when KRudd got voted in and figured the $25 was cheaper than getting a train into the city and back.",Casual chat & reactions,0.2023,2012-07-15 01:13:15
5931vs,bloopitydoop,I dont really care about Horse Racing but would like to go out and take advantage of the holiday.  Any ideas?  Do you know of something else going on around town?,Trains & trams,0.8288,2016-10-24 06:02:23
c75i70x,Agent_Volkoff,"They should release the names, name and shame the pathetic waste of oxygen",Jobs & money,-0.8625,2012-11-23 06:08:15
dvwtkld,amiadog483,"Would be after tax so that's good to hear. I think I might focus on finding places that already have dogs or the tenants know that the landlord is okay with dogs 

Thanks for the heads up","Cars, bikes & police",0.7893,2018-03-18 22:03:56
do5d40m,MelbGibson,Ship expedited to avoid disappointment,Trains & trams,-0.6705,2017-10-10 01:08:48
dilwrd6,AndyJS81,"I moved to Vancouver from Melbourne 5 years ago, and I still enjoy /r/melbourne far more than /r/vancouver. Bunch of funny bastards in here!",Local life & places,0.3382,2017-06-08 02:13:52
dt9jmek,fraqtl,"Yes you need the certificate.

No don't do it, it's a fucking shit job",Jobs & money,-0.5256,2018-01-26 09:22:44
cuu42tg,angrathias,Sounds like they're managing then...if no ones doing it the lemmings just walk over a cliff.,Work hours & uni,0.0772,2015-09-08 04:10:44
db9exp8,pukesonyourshoes,Hey you dropped this \,Jobs & money,0.0,2016-12-16 06:46:12
cnmdfax,mr-snrub-,It doesnt help the google maps sometimes tells you to go up Swanston St.,Local life & places,-0.3089,2015-01-12 10:31:23
dgrme6y,Heytunk,"Make a bechamel sauce, drop in cheese to taste/thicken.",Politics & traffic,-0.2732,2017-04-26 08:27:35
cn6todm,Power_Engineer,"Telstra Cable here. Good solid and quick. 4km from the ADSL exchange means that's not an option.


Only downside is it's a bit pricey. If you can afford it cable's the best choice.

Well unless your in a fibre region...","Cars, bikes & police",0.8316,2014-12-27 21:19:02
d59wmb4,continental-drift,"I have a training session later tonight, but I might go for a quick 10km run this morning between meetings as it looks fairly awesome out there, and there is nothing better than running in crisp weather.",Local life & places,0.5486,2016-07-12 23:42:16
d62bksp,chanwa,"Probably! Depends which subsection, which clubs. 

I frequented Kandy. But occasionally branched out to 3D.",Local life & places,0.0,2016-08-03 11:14:17
chpnypz,ninjabk,Baader meinhoff... I keep hearing that everywhere...,Jobs & money,0.0,2014-05-24 00:01:55
d6vu6db,HashtagTJ,I think he/she actually looks pretty grateful you showed up! :),Politics & traffic,0.8588,2016-08-25 08:23:18
cyp9jtz,DT2014,Does half the shit still work/fit?  I would've just thrown away or donated the stuff by now.  Except the clubs.,"Cars, bikes & police",0.6124,2016-01-07 13:04:00
dpqxyf4,beachedazd,Optus cable is horribly congested during peak times. If you can get Telstra cable id go with that.,Politics & traffic,-0.5267,2017-11-13 10:33:17
cnqkq06,JeddyH,"They haven't really done anything in regards to Fibre-to-node installations, they basically went ""Ok heres our plan, lets fuck with the rollout"" beyond that, they haven't done anything...",Jobs & money,-0.5423,2015-01-16 04:12:36
cutsn7o,Wizard_of_Ozzy,Haha. They should be called the SS,Politics & traffic,0.4588,2015-09-07 21:29:22
dglmxlu,boganknowsbest,"Push over the porta-loo, one of them will have to clean it up.",Casual chat & reactions,0.4019,2017-04-22 12:56:57
dfz9ml7,cameronm,So glad you enjoyed them! :D,Local life & places,0.9038,2017-04-08 00:20:50
dtsjupj,rabbitgods,"Yeah, me too :/ Horrible to think what people will do with a little power.",Politics & traffic,-0.5719,2018-02-05 22:28:47
ctkujk1,itswin,I just broke out of my lurking streak and started hanging around this sub. It's wonderful isn't it?,Politics & traffic,0.1027,2015-07-29 22:26:03
e00oztr,Tulbit,Being told to evacuate in the middle of a work day is bad enough.,Local life & places,-0.5423,2018-06-03 00:38:42
d7lt6jp,spatulaController,"I've found I can get the cheapest ones if I book 2-3 weeks in advance. Yep, you have to be super keen to get those cheap spots. They do exist though but you've gotta get in super early.","Cars, bikes & police",0.8793,2016-09-14 01:00:17
d523h1a,mac-87,"Goooood morning everyone! 

I finally slept! Granted, it was partially the medicated sleep of the damned, but I slept! Eleven glorious hours. 

In other news, my sister, who I live with, and who is the bane of my existence, went overseas for ten days this morning without telling me today was the day she was going, and without saying goodbye. Ooooookay then! Guess her boyfriend (who doesn't talk to me) and I will just awkwardly live here together while she's off sunning herself. Sounds great. 😅",Local life & places,0.9395,2016-07-06 23:22:16
d1077pj,helenat13,Woke up and thought the day was going to be cold and shitty but it's lovely outside now!,Politics & traffic,0.636,2016-03-15 03:00:33
e5c2g4r,Philofelinist,Worked with one of them. She’d get the train in to sit on the steps and not talk to the others.,Local life & places,0.0,2018-09-03 19:23:25
cysf3nw,UnseatingCargo1,"There is a Darvids in Blackburn. I didn't know they had multiple locations. I had a slice at a work party, but haven't had one since due to price and general lack of pizza eating. It was nice though. The place is clean well put together.","Cars, bikes & police",0.8316,2016-01-10 01:48:05
e00h5vi,hetero-scedastic,"Klaxon? My apartment block caught fire and nobody even thought to knock on my door.

(Just a little two-level block, but still.)",Opinions & public issues,-0.5363,2018-06-02 22:05:20
dcezz9f,AUSMEL351,"Which ticket are we talking about? 

With the Scratchies, you bought them then you scratched them yourself. The thing is, no one did so unless they had to...

The punch tickets were bought from a conductor. They would then punch it for you.

The Zone 2 monthly concession card is self-explanatory...","Cars, bikes & police",-0.296,2017-01-14 13:59:50
cshrxyl,name_censored,"Because people just stand at the front of the line when there are plenty of machines available, waiting to be told which one to go to.",Casual chat & reactions,0.0,2015-06-25 01:43:19
ds1uaxm,invaderzoom,"That sucks, and I'm sorry to hear that is how it was in your family, but you have just proven the point that once they are in custody the parents are notified.",Jobs & money,-0.2263,2018-01-01 21:18:20
cunuz4b,danshep,"No, the rates of people that actually own property in the City of Melbourne.",Opinions & public issues,0.0,2015-09-02 05:09:33
caltmvf,Tacticus,"No just that targeting cyclists is premature optimisation. you are attacking something with minimal comparable harm. sure police officers should book cyclists that they see commit crimes just as they should book the many drivers they would see breaking the law each and every day. but any attempt to go after it in a targeted fashion would result in resources being wasted on a poor target (jaywalking peds would be another stupid target).

Indeed the statistical insignificance of these actions are one of the main reasons they are seen and voted up. you don't see the hundreds of doorings in st kilda road alone reported because they are common and non noteworthy.",Work hours & uni,-0.9464,2013-06-19 08:06:10
dllm55y,Setrakus_Ra,I'm more surprised that machine has Portello.,Casual chat & reactions,0.2944,2017-08-14 11:23:12
di7qkun,Bring_back_kingsley,Are you always this much of a fuckwit or are you putting in extra effort on this thread? Im genuinely curious,Jobs & money,0.3182,2017-05-30 04:50:43
cem1yez,Bungledust,"Early in tournament is best time to go as you can generally catch some really good matches with some notable players on the outside courts (ie general admission). 

Don't bother with show courts early... they're cheaper for a reason... generally the more dominant player will cruise to a victory pretty quickly and you won't see a competitive match (always exceptions, though).  

Definitely go and checkout the atmosphere (it's worth it), but with next week's weather forecasts, I'd much prefer to watch it from somewhere with an air conditioner (on Channel 7 pretty much all-day for the entire tournament).",Local life & places,0.9128,2014-01-10 10:48:13
e30jz4p,SenorFreebie,"&gt;What’s wrong with being someone too ugly to get laid?

????

I never said you were ugly. Being an incel is a state of mind. It's far more about objectifying and hating women then it is about attraction.",Work hours & uni,-0.8992,2018-07-25 16:35:12
c6k412k,filtercore,[AWARD school](http://www.awardschool.com.au/). It's industry-run.,Opinions & public issues,0.6408,2012-10-09 23:23:56
cidsfs7,wheelomcreal,"It was great I really liked it, well done!
Was just wondering what your job was on set/writer etc?",Opinions & public issues,0.8705,2014-06-22 03:33:17
e2p7zih,wharblgarbl,"It's Flagstaff. They live there. 

You don't see me walking through your house taking photos of you on the couch wondering if you were eating or just hiding from the rain :P",Casual chat & reactions,0.1363,2018-07-20 01:29:14
dbfrt8g,NDE_ideal,Did you pay cash to a person or to the agent?,Jobs & money,-0.1027,2016-12-20 20:52:56
cacla70,UnholyDemigod,"That'd probably keep her satisfied, only problem is we'd be catching the train up.",Casual chat & reactions,0.0258,2013-06-05 12:35:43
cpvz8d5,gaylordqueen69,#THANK GOOGLE ZIP DATA,Local life & places,0.3612,2015-03-30 21:49:51
dbsb83n,Omegaville,"In school we labelled someone a ""scab"" if they went around begging people for some of their food they just bought from the tuckshop/canteen.",Politics & traffic,0.0,2016-12-30 05:48:18
dwdwbxg,RobbWhite_,can keep my job there for a bit longer then which is nice,"Cars, bikes & police",0.4215,2018-03-27 21:30:49
drde2wm,Christhefishmonger,Hope you had a ziplock bag of cash on it!,Politics & traffic,0.4926,2017-12-17 10:47:36
d46qx9o,Modernpreacher,Hey did you ever give your tix away? It's almost time!,Local life & places,0.0,2016-06-13 01:38:35
dc4satf,pukesonyourshoes,He's fucking snuffed it.,Politics & traffic,0.0,2017-01-07 22:09:48
dvu532n,NewBuyer1976,"Lol...have to ask this. 

You sure it’s the same guy?",Politics & traffic,0.3182,2018-03-17 06:06:35
d49pel6,Rawr24dinosawr,"Doing office work on occasion is okay, something different.
I dont think i could do it full time though.",Trains & trams,0.2263,2016-06-15 03:00:27
dfc082c,NotLucasHood,Almost as subtle as you arrange a '3pm date'  INSERT EYEROLLING SMILEY HERE,Politics & traffic,0.5319,2017-03-24 01:26:44
dfptyl9,tdubeau,Obsolete technology which was past it's end of life and couldn't be easily maintained anymore.,Jobs & money,-0.5,2017-04-02 03:52:33
cr7qp1a,laykimeoww,"I wish I had seen this earlier ):

I have a 16-35 2.8/f USM L lens you're welcome to purchase off of me though",Politics & traffic,0.7672,2015-05-13 14:14:28
dxk0vi1,Authentic_Acc,"So they built them like shit, and the same shit happened that happens in Sydney. Doesn't seem to be a big deal, build a better version.",Work hours & uni,-0.4215,2018-04-18 06:36:14
cymd06t,NDE_ideal,If you watch the first 12 episodes it gets better.,Trains & trams,0.4404,2016-01-05 03:27:04
cidrqmb,execrator,This chalk guy is cracking me up. Like it a lot :),Politics & traffic,0.6705,2014-06-22 03:00:00
d7j623n,cameronm,"It mostly didn't, ended up getting an invite to the footy. Was at Captain Melville on Thursday and it was pretty busy then so it doesn't look good for a Friday since the drink specials are pretty damn good.

I think it'll need to wait 'til I get back from holidays, unless someone else wants to pick up the mantle; seems most people are looking for a different kind of event than what I was hoping for anyway!","Cars, bikes & police",0.8882,2016-09-12 04:06:42
cwmkyaz,reaper123,Working fine for me too.,Jobs & money,0.2023,2015-11-03 05:28:27
cz093kh,SierraKiloBravo,"Watched The Revenant today, its pretty damned amazing.",Local life & places,0.6597,2016-01-16 09:11:10
ddztljz,Heater79,"&gt; Sports - I've never seen cricket in my life. Is that in season?

It's right at the end of cricket season - there's some games still going though unfortunately you won't see an Australian or even a Victorian team whilst you're here. 

You will however catch some Australian Rules Football if you'd like - which is even more unique and even more Australian (we invented the sport and are the only country that plays it professionally). Our pre-season competition has just started, which isn't as competitive or have the same crowd vibe as the regular season, but it'll give you a taste for it. Head [here](http://www.afl.com.au/fixture) and look for a game at the MCG. The AFL women's league has recently started too - so if you'd prefer to see the ladies play the game, head [here](http://www.afl.com.au/womens).",Local life & places,0.5253,2017-02-20 22:07:28
cpfkl7q,SuperRoach,"Morning all. Some random Melbourne [snaps](http://imgur.com/a/QGwV0). Had a great time, although I was broken a lot of Saturday and needed to get my energy back. I think I'm starting to get too old, boo.",Local life & places,0.4767,2015-03-15 14:23:36
ddrh8nx,slaybreath,"Please understand the the TCO issues these infringements based on what the tolling operators pass on to them
Please understand that if they only pass a monthly invoice on to the TCO then only one infringement will be issued",Work hours & uni,0.128,2017-02-15 04:27:35
dlvtxu7,hbaum11,surprised siamese twins,Opinions & public issues,0.2263,2017-08-20 15:23:49
d5nx15c,ohohpopo,Easy on the clarity slider.,Casual chat & reactions,0.6808,2016-07-23 19:29:26
dawvhtx,Taleya,"Yes, but you are eligable for a refund if two thirds of the service you paid for are straight up not there.",Work hours & uni,0.4939,2016-12-07 20:58:25
cpzceah,voicesinherhead,We paid $10 for Mount Buffalo for an overnight trip in January. I'd be more than happy to pay that again although I agree it's uneconomical considering admin costs.,Opinions & public issues,0.7251,2015-04-02 22:02:24
e2zwpw3,godish,The idiots will still breed though,"Cars, bikes & police",0.0,2018-07-25 09:12:37
cuccirk,Sir_Toasty,"+1 in my experience, if you are quick enough it just dims the low beam because of the delay in switching off low beam and switching on high beam.

That or if you don't want to risk it I've seen the advice of flicking from low beam to parkers and back.

edit: grammar",Work hours & uni,-0.7191,2015-08-23 00:56:08
cqh5msf,Supersnazz,"It wasn't me, if that's what you are implying.",Jobs & money,0.0,2015-04-19 03:43:43
c4lq96q,andrewinmelbourne,How many high fives do you give each other in your state sponsored street gang after you punch the fuck out of someone?,Work hours & uni,-0.5423,2012-05-08 23:05:22
cb1m8if,myne,Don Dons makes Macca's look like Red Rooster.,Politics & traffic,0.3612,2013-07-13 03:12:08
dsr5l9h,superjaywars,Now I’m wondering what is in your bio!!!,Local life & places,0.0,2018-01-16 06:54:06
dr4qae7,Tacts21,"As far as I'm aware there's no pet stores in the city, unsurprisingly. 

Any of the usual retailers will stock pet items. 

Big W and Safeway at QV are your best bet.","Cars, bikes & police",0.4588,2017-12-12 11:28:44
dkae0ys,adamraco,Hillvale for sure.,Politics & traffic,0.3182,2017-07-16 11:25:36
cktu5ee,break_the_system,"I am sure some woudl disagree. 

So long as you know what to expect, no problems.",Work hours & uni,0.2401,2014-09-27 10:15:29
dsjbred,amesoeurs,"this is a classic from the vic forecasters, they usually only get to use it once a year (it was used once last year) so of course the chance will be jumped at.",Local life & places,0.25,2018-01-11 20:25:59
c3o1s72,zfa,"Just to clarify, maybe stay inside and do this rather than out in the rain.",Casual chat & reactions,0.0,2012-02-05 06:36:22
cyg1kv2,melbbear,"from Jan 3, sales tend to wind down significantly. Chrissy casuals are often kept on for a bit longer, say mid Jan, to cover for full timers taking holidays. And in my 20 years retail exp, we never get rid of *all* the Chrissy casuals. tend to discreetly keep the good workers while getting rid of the rest. good luck!",Opinions & public issues,0.8932,2015-12-30 11:34:46
dt3v7t3,stinx2001,"Happens often, usually when stuff is cheaper to replace than repair. Though kinda weird they didn't notify you.",Politics & traffic,-0.1045,2018-01-23 09:44:49
dw81net,lumo1986,"That's because immigrants and first generation australian's are starting to infiltrate traditionally white, inner-city 'burbs. When they were renting out in Craigieburn they didn't care. Now that they're working their way into the city, it's a problem for them.",Trains & trams,-0.6517,2018-03-24 19:02:48
dj0blan,dfbowen,"I [saw](https://twitter.com/danielbowen/status/875623021062402049) the trams banking up, and emergency services arriving, so figured it was something bad. Glad she's okay. Thanks for your efforts.",Jobs & money,0.1779,2017-06-17 00:26:05
c0peejb,joffotron,"I can see my house from here!

(actually I can - I live in the QV apartments :P)",Opinions & public issues,0.0,2010-05-04 10:01:34
3c6pgz,Slenderauss,"I ask because they skip a heap of numbers at a time, instead of going 1, 2, 3, 4, 5, etc. Is there any meaning to each route's number or do they just pick memorable numbers?",Jobs & money,0.0772,2015-07-05 10:33:20
ck69jdv,lzoro,"People complain about youth unemployment. Then they complain their wages aren't high enough.

I swear you people are retarded.",Work hours & uni,-0.8957,2014-09-01 14:54:03
e1tsx5n,mr-snrub-,"Not to discredit the NDIS (because it's an amazing scheme), but if the homeless got even a tiny portion of what goes to the NDIS, the city would be a better place.    
I've seen some people get anywhere between 150k - 350k to use in a year!     
    
Paying a homeless person's rent for 6 months would change their life and they could become a ""productive member of society"" much quicker",Trains & trams,0.7609,2018-07-05 12:12:20
dqnj5sl,ign1fy,Yeah. You can slide around without anywhere near as much tyre wear.,Politics & traffic,0.296,2017-12-02 11:42:03
cbm0758,WogButter,Lots of gum trees blown over in Yarraville Gardens,Casual chat & reactions,0.0,2013-08-12 07:22:03
cvtaiv0,Steve00,Guess it depends on your definition of kinky haha!,Trains & trams,0.5093,2015-10-09 02:49:55
cthetso,SEXPILUS,That sounds amazing. I lost my mind the other day when I realised you can pre-order short stop donuts online. I've also been to Sake in Sydney and it was so good!,Local life & places,0.6523,2015-07-27 04:01:08
d525u80,DontMentionWombats,"FFFFFFFUUUUUUUUUUUU

Goddammit goddammit goddammit.  

Just fuck.  

Ever needed to rant about some stupid unexpected fundamentally situation-fucking shitty shit and weren't allowed to talk to anyone about it?  Yeah, that.

FUCK.

&lt;/rant&gt;",Jobs & money,-0.9614,2016-07-07 00:21:42
cqquukl,Fraerie,Yup. We don't go there as often as we'd like because we always stuff ourselves silly when we go there.,Trains & trams,0.3818,2015-04-28 00:02:07
dwu7ovv,Sico01,The point is creating another email address seperate from where you receive your important emails,Jobs & money,0.4588,2018-04-05 05:42:17
e1iz6c6,FCofT,"Not that we don’t need work, but many of these lines would have been servicing farmland and small towns when they opened. The network was built for growth – all the land between the stations filled in over the intervening century.

Here’s a map of Melbourne from the 1920s. Everything beyond essentially Malvern is countryside. If you’re having trouble reading it click the download button in the top left. 

http://handle.slv.vic.gov.au/10381/156769",Casual chat & reactions,0.2617,2018-06-29 23:34:57
d52hq0h,Fumanchui,"No I haven't, I've got a cheeky Comte to rip into tonight with Hastwell &amp; Lightfoot Cab Sauv. Usually I can't wait to get home, but tonight I REALLY CANT WAIT TO GET HOME.",Local life & places,-0.1531,2016-07-07 05:55:19
c37htcw,Violetly,"just follow'd you... follow me back, yo!",Trains & trams,0.0,2011-12-12 23:14:54
cf6feee,ValleySherpa,"I stopped eating them once I began full-time work. If poverty had a taste, it would taste like Mee Goreng.",Local life & places,-0.4019,2014-02-04 02:07:54
ddzy184,tanoshiiki,"&gt;Don't:
&gt;Eat on Lygon street

There are some restaurants that are much better than others in the area, like D.O.C, Tiamo, etc. I haven't been recently, but I have seen some good reviews for other places in Lygon St too. Unless you have a booking and/or particularly restaurant in mind, it's probably not worth going up to Lygon St though

Another Don't recommend is the Melbourne Skywheel. If you want high views, just go to the Lui Bar (instead of Vue de Monde) at The Rialto. You may be obliged to order a drink, but it'll be cheaper than any observation deck ticket.

&gt; Sports - I've never seen cricket in my life. Is that in season

What about AFL or even AFLW?","Cars, bikes & police",0.5165,2017-02-20 23:42:03
dxvilqo,RoboticElfJedi,They will be the biggest villains in Australian for a couple of days. Then it will all be forgotten - barring any charges.,Local life & places,-0.8126,2018-04-24 08:11:54
d7dx875,Heywhatsup1111111,"I'm sorry to hear! I hope you are okay!

Not a problem! Have a great night!",Jobs & money,0.9006,2016-09-08 07:13:26
dg44w5f,privatly,Don't you need some license or something to do that?,Jobs & money,0.0,2017-04-11 11:33:36
e7dvbcd,commentman10,"Here's my coffee ranking by choice chain store

10. Starbucks
...
4. 7/11
3. Mccafe
2. Gloria jeans
1. Lindt

Starbucks sucks","Cars, bikes & police",-0.3612,2018-10-08 10:42:29
cwnn284,cromulento,"If it makes you feel any better, the jockeys occasionally die as well.",Work hours & uni,0.0334,2015-11-04 01:44:00
chp2y3v,alphabeat,Checks out! So what do you do? Where do you live? And please explain your request to be in our sekret klub and why it's because you hate Tony Abbot and enjoy complaining about the weather.,Politics & traffic,0.0,2014-05-23 06:43:11
cevv8zp,CabooseMJ8537048,"The Lion in Melbourne Central is always good, they have a back room with a few big tv's the usually reserve for big sporting events and they shut it off from the rest of the bar, so you can hear it a lot better :)

Plus you have the added convenience of a train station just down stairs!

also, blue waterfalls are epic!","Cars, bikes & police",0.855,2014-01-22 11:19:15
cvdg9uc,Inquisitorsz,"I searched for ""train"" didn't come up.   
Thanks for the link anyway.",Opinions & public issues,-0.3412,2015-09-25 04:51:06
3hszzv,idontknowmymind,"There's a giant fucker of a redback in my garden. I'm freaking out.

It's living behind my parsley. There's a giant weed next to it and it's all bushy (I was weeding the garden). I'm really hesitant to stick my hand back in there. I have gloves but the paranoia and fear is real. How do I kill it from a safe distance? 

I have young kid so I would like to destroy this thing.

Edit: I put my big-girl pants on and killed it via insecticide from a reasonable distance away.",Politics & traffic,-0.9718,2015-08-21 03:30:36
ck587ac,Shes_the_Cheese,"No, lower your heat, cook slower, the fat that leaks out is flavour.",Politics & traffic,-0.296,2014-08-31 05:20:24
ceacw82,Charlie-Green-Rug,The Market in Prahran.,Casual chat & reactions,0.0,2013-12-26 07:12:24
d49oust,Fumanchui,"So many new milestones! The ""who farted first"" is the scariest one.",Opinions & public issues,0.0,2016-06-15 02:44:53
csqf0hy,silentlightning,"CPL isn't too bad, I've bought a few things there","Cars, bikes & police",0.431,2015-07-02 23:07:13
d60seuj,llBoonell,doot doot thank mr Andrews,Local life & places,0.3612,2016-08-02 08:34:59
dg51ezj,thatbeep,Beer is worth the effort!,Jobs & money,0.2942,2017-04-11 22:30:42
e4ghx5y,Trots04,"Don’t bother about the uni ranking, pick the course and institution that suits you best and which you have the atar to get into.","Cars, bikes & police",0.4215,2018-08-19 11:51:36
d6bh8np,KillLush,"This is why i have never had the desire to ride a motorbike. I trush myself but not others on the road.

New thing i noticed is cyclist riding hands free while checking their phones..WTF?",Work hours & uni,0.5888,2016-08-10 05:49:44
dazit3s,morendman,thats prob a meth house man.,Politics & traffic,0.0,2016-12-09 15:54:10
cxs4p8f,pressbutton,Haha. I draw the line at vegemite apparently.,Politics & traffic,0.4588,2015-12-08 22:58:33
cdyvmqp,MechanicalStig,Looked more like a [spine buster](http://stream1.gifsoup.com/view/29393/spine-buster-o.gif) to me.,Politics & traffic,0.4201,2013-12-11 04:22:27
cou089e,davidonformosa,"I suggest you use the Bureau of Meteorology's mobile site. 

http://m.bom.gov.au",Jobs & money,0.0,2015-02-23 01:57:27
cq9fykv,melbournite1,That's what happens when shove drumsticks up your arse. Silly boy.,Politics & traffic,0.0258,2015-04-12 02:54:58
ctl98dk,Steve00,"Awww wish i could go, was great last time we went down there!!",Local life & places,0.8118,2015-07-30 05:51:16
df70l31,fatbunyip,"&gt;$101,000 - 48% tax ( I think it is?) = $52,624

Yeah, no. You should read up on marginal tax rates. 

https://www.ato.gov.au/rates/individual-income-tax-rates/",Opinions & public issues,0.296,2017-03-20 23:33:25
dcq4pmr,maldous,"If you hear ""This call may be recorded"", you're ok.

Some time ago it was used in a legal argument in the context of ""They said the call may be recorded. Not might be recorded. Not can't be recorded. They have given their consent.""",Work hours & uni,-0.0258,2017-01-21 20:28:54
ck0ctxn,sludgyorange,"Hello r/melbourne! Born and bred Melbournian here, but unfortunately I've made the common traitorous mistake of moving over to London for a while.

It's going to be a while before I'm back, so I'm relying on you to keep me informed on the weather and the state of our public transport (and other things of lesser importance)!",Opinions & public issues,-0.5475,2014-08-25 22:14:06
cuica0y,xs24680,7 - Look as white as possible.,Politics & traffic,0.0,2015-08-28 05:18:29
e0d8c7p,randm84,"Melbourne was stunning 30-40 years ago, before Whelan the Wrecker and other greedy developers/politicians conspired to turn it into some cookie cutter Asian city with mamouth office towers and very little of the Victorian heritage that made Melbourne into ""Marvellous Melbourne"", one of the grandest cities outside of the British Empire.

I hate what Melbourne has become, and I blame Matthew Guy for continuing the destruction.",Trains & trams,-0.7269,2018-06-09 04:05:34
e013zx2,testbug0,"I'm on the 62nd floor, if a fire breaks out I'm lying in bed and resigning to my fate.",Local life & places,-0.7717,2018-06-03 06:24:47
cjznvt9,Switchbak,Have driven around and not found the mythical Mums Dumplings. Where exactly is it? Google was no help.,Casual chat & reactions,-0.3732,2014-08-25 03:12:16
dkyhfca,onemoreclick,As soulless as Docklands?,Casual chat & reactions,0.0,2017-07-31 08:04:36
cwc001b,thril_hou,Well I think that /u/mukman12 knew more about the muck up than they are letting on...,Politics & traffic,0.2732,2015-10-25 07:57:59
dsr046q,gozieson,"Anyone know of any shops in Melb specialising in Electrical Components? 

I've been building a rhythm game controller and would like the peace of mind to get some spare parts in case something breaks down.","Cars, bikes & police",0.7184,2018-01-16 04:30:19
ce2u7ou,Hazz92,"Latching onto this, I would love to do some coding as well - I would love to learn some backend, but anything else like python, ruby, java would be awesome as well.",Politics & traffic,0.9538,2013-12-16 05:38:46
d91kg9d,punksneverdie,"Thanks, I am adding more data with time,so a lot of other places would be mapped shortly.",Trains & trams,0.4404,2016-10-21 10:04:30
d49irvo,atregent,"Registration transfer, number plate reassignment, government duty, registration for next year",Work hours & uni,0.0772,2016-06-15 00:03:13
cqr1ifi,azirale,"Actually the north half of Point Cook road is in the Hobson's Bay City Council area, which includes the suburb Seabrook. The entire resurfaced portion of the road was all in Hobson's Bay area.

The freeway is the major problem. It can't take cars off the feeder roads fast enough, causing a back up of traffic. It gets so severe that traffic backs up far enough to block other non-freeway exits from the feeder roads, which further compounds the problem as you get freeway, train, and suburban traffic all contributing to the standstill.",Casual chat & reactions,-0.8947,2015-04-28 02:53:46
e0rgrr8,DrBalance,I'm eating meat right now and that kind of vegan are still fuckwits. What sort of discussion exactly?,Politics & traffic,0.0,2018-06-16 08:07:52
chotnjo,Funkyalien,"I have one,  coffee number 8 is free,  but today is number 3 :(","Cars, bikes & police",-0.2732,2014-05-22 23:26:51
cuu5fpn,Meowgan88,Yay. Home time. I'm thinking of going to Chaddy on the way home. I'll decide when I'm there.,Local life & places,0.5267,2015-09-08 05:06:37
cnqmxe5,theduncan,"I thought they would start at the tram depot they are based at, that's where they end their shift.",Local life & places,0.0,2015-01-16 05:29:46
di8xs9k,Mortar_Art,"That doesn't have anything to do with the level of culpable driving involved. Fact is; despite how much of a dick he is, despite how utterly reckless and heartless he was, not only killing someone but fleeing the scene, this was not the worst demonstration of culpable driving.

In fact, that would be impossible on a vehicle like that. Somehow, he managed to do about the maximum amount of damage possible with it, and that's absolutely tragic, but the expectation I'd have is that maximum sentence is reserved for someone driving a vehicle capable of far more damage.",Work hours & uni,-0.5815,2017-05-30 23:06:49
c78ibmi,spoco2,"Well if that's the way you feel, don't go there. It's a truly rare theatre experience that should be cherished, and I'm glad they're strict with their rules",Jobs & money,0.8834,2012-11-29 09:20:35
dewipgc,Skeeball_Fanatic,Ahem. CF fucking A.,Politics & traffic,0.0,2017-03-14 04:45:46
d2hjt6r,ForgotMyPasswords2,I love Minneapolis. About 3hr drive. 4hrs to lake superior. Hmm. Maybe Fargo isn't so bad. Except the weather.,Politics & traffic,0.9059,2016-04-26 04:33:02
d7t2uku,Switchbak,Does this mean that we can have fiber nbn?,Work hours & uni,0.0,2016-09-19 13:20:41
3yrhbv,counterten,"Hi guys,

Is there a specific time frame for Christmas casuals' employments [retail]?

I'm currently a Christmas casual and just checked my roster for the week following Christmas. My hours go down heaps (from ~30 hours a week to ~8 hours a week).

So I've already started looking for a new job, but was wondering when the retail store will ""get rid of me""?

also what are your experiences as a christmas casual? did you get a permanent part time job after wards? or did you get put on as casual? or were you let go?",Local life & places,0.6966,2015-12-30 08:32:38
d7j2eof,scratchalot,"If I were in charge everyone would be my slaves and thus would work 15 hours, 7 days a week labouring for my greater glory.",Local life & places,0.7184,2016-09-12 02:28:52
cpztclr,faceless-woman,"In reading it, it's likely a preparation area, not a kitchen area. Lots of shelving, dingy little space. 

Source: science teacher.",Opinions & public issues,0.0,2015-04-03 09:29:43
d4pftjp,4more20years,"The roads are paved all the way to tidal river. I'm not sure if all the roads are paved but you will have no problem driving on the roads that you're allowed to drive on.
The entrance is always open, there's no gate but there is a booth sometimes manned. There's also Park leaflets at the entrance you should take",Casual chat & reactions,-0.1012,2016-06-27 04:00:40
d0cn9qa,atregent,"SpudBar? I had that yesterday, was pretty good

Or, for something a little lighter, Crisp make great salads (I recommend The Cuban)","Cars, bikes & police",0.9136,2016-02-25 00:17:21
31m5j6,ninjarama,"Wondering if anyone here has had experience dealing with the MFB in regards to false fire alarm fees?

Long story short my girlfriend burnt dinner and she inadvertently set off the apartment building's fire alarm. This triggered an automated response from the fire brigade and now she has been forwarded a $2000 fine from the building body corporate.

So I'm asking even if she accepts responsibility for triggering the alarm is there any hope for leniency such as a reduced fee? She's currently working casual hours so it's a pretty steep fine for an individual to bear.",Jobs & money,-0.1769,2015-04-06 10:39:49
cthdys7,Shes_the_Cheese,Further to our conversation on Saturday I've decided to go with obscure Disney characters and memorabilia instead.,Local life & places,0.0,2015-07-27 03:31:56
cdtxmh2,ditch_101,"Speaking from experience, I used these guys last weekend:

http://www.hanrob.com.au/

Just near the airport, and as I was only going away for 3 nights I thought that would be easier, and better than trusting a mate with my dog for that time. A little bit pricey, but I guess your paying for the convience also. 2 meals a day, some 'play time', and a bath on her pickup day.

I mean who really knows how it was for her, but she was pretty happy when I came to pick her up! 

But yes as mentioned, 5 weeks is too long IMO. I probably wouldn't go any longer than 4 or 5 days if I could avoid it.","Cars, bikes & police",0.9595,2013-12-05 04:06:45
d2uguei,TakeAPunt,"I grabbed some Pork Belly from Berties the other day. AMAZING!

... or perhaps that was my cooking skills",Local life & places,0.7027,2016-05-05 23:21:13
e31i2l0,Sheldonopolus,"What a dick, good on police to catch him.",Work hours & uni,-0.1027,2018-07-26 00:38:17
djhw0jc,thrml,When that happens you can refer to my first point about a lack of bins.,Work hours & uni,-0.3182,2017-06-28 03:58:59
cthdixt,atregent,nope nope nopey nope...,Trains & trams,0.0,2015-07-27 03:17:31
cucomcw,czander,No speed limit on the Nullarbor :O,Work hours & uni,-0.516,2015-08-23 09:50:42
ckwm4k0,Raptop,Yes. Humans have proven to be less faulty than myki.,Jobs & money,0.1761,2014-09-30 16:22:01
dfhwjn4,7182759,"That's not what I got from the article at all.

First; family 1 *chose* to live in an apartment. Second, they sounded much more satisfied in their suburb than the family in Mernda. 

The sprawl of Melbourne hasn't been backed up by infrastructure investment, and basic economics shows that a denser population is easier to service.",Opinions & public issues,0.7021,2017-03-28 02:33:35
dfpoobg,cld8,"Of course, but we still try to conserve it.  We encourage fuel-efficient vehicles, solar panels on rooftops, etc.  Why not conserve it in as many ways as possible?",Work hours & uni,0.6652,2017-04-02 01:25:29
diqw9e0,DrBalance,"What's the alternative?
If we're letting in hundreds of thousands of immigrants, they all have to live somewhere. So we have to allow development.

Of course banning non-skilled immigration would be the real solution, but we're racist hicks if we even go there so apparently that isn't an option. Open the floodgates boys.",Opinions & public issues,-0.6597,2017-06-11 06:49:23
czih2zc,tjsr,"Does it count if it's just random couple making use of the hotel for obvious reasons, or does it have to actually involve an affair going on?",Politics & traffic,0.0,2016-01-31 10:33:43
d10ilq0,Soan,Most likely yes. If something comes up I'll let you know. I'm thinking Brother Thomas near Flagstaff.,Jobs & money,0.4549,2016-03-15 12:17:49
3b0t0s,hanabanana10,Im looking for jobbys in basically anything asap. What's the best equivalent for construction jobs for women?I'm part time teaching ten hours a week efl and cant seem to get anything else. Ive been on restaurant trials but never anything else so far that led to a proper job and ive been here since march!,Local life & places,0.4389,2015-06-25 01:33:03
dlzmp9c,DickRice,"Wow, that fucking awesome. I lol'd on the train. Sharing with everyone!",Politics & traffic,0.9059,2017-08-22 22:29:37
cucqfiz,davidonformosa,It would be more accurate to say 1538 square metres of land in Glen Waverley sells for $6 million.,"Cars, bikes & police",0.0,2015-08-23 12:07:22
cfnumjg,halfpastlate,&gt; wondered if you had any suggestions for cheap non-murdery accommodation in the CBD.,"Cars, bikes & police",0.0,2014-02-25 00:31:45
ciu7kbq,jcbevns,"Well I got soles and heels done last time and it was about 60-80 dollars. Yours might be a bit different seeing as there will be a bit more material involved.

Although mine are leather soles so maybe it costs more or less the same!","Cars, bikes & police",0.3382,2014-07-11 04:26:44
ddmm2xq,Naysaya,Uhh I responded to the wrong person sirry,Work hours & uni,-0.4767,2017-02-11 22:28:04
e1bbwuu,ZoldyckR,just smack him one next time and tell him to find a job even if its maccas so he can fund his $2 himself. Usually they ask for coins to buy a cigarette off someone,Jobs & money,0.0,2018-06-26 12:03:37
d9mrtb8,kolki86,Gym is easy. It's outside of gym that is hard.,Trains & trams,0.3612,2016-11-05 12:16:59
ck60h54,squarishsphere,The whole point is that they do NOT purposely turn a blind eye to cash in hand jobs.,Work hours & uni,0.128,2014-09-01 04:37:36
dezycjp,dilbot4,"&gt; It's a very inefficient, bad idea dreamt up by ~~accountants economists~~ coal mining lobbyists.",Trains & trams,-0.5829,2017-03-16 08:46:41
cqkcg32,Jimbo762au,Noodle World on Bridge Rd in Richmond.,Casual chat & reactions,0.0,2015-04-22 01:44:42
c8evelw,OllieWillie,One only cats and small dogs could fit into??,"Cars, bikes & police",0.4329,2013-02-14 02:42:26
dt3r7zm,GreenTriple,Sounds good. I will send you a pm.,"Cars, bikes & police",0.4404,2018-01-23 07:08:09
d7avqwd,ciengclearly,do u wanna sheer some wool or something?,Casual chat & reactions,0.0,2016-09-06 00:15:56
dsy9amp,GeeSpee,"It's a hard one, I know. I think regardless of the consequence to whatever given crime e, the punishment needs to be feared. 

If there's no punishment for graffitiing people will do it. If there's no punishment for doing drugs people will do them. That is what's happening as we speak, so obviously *something* needs to change.",Work hours & uni,-0.7222,2018-01-20 02:32:56
dqj2vwq,OH1830L,Never thought I'd come across an MP on Reddit.,Jobs & money,0.0,2017-11-29 22:33:10
c78ih41,cinematographer,"I don't think so mate. This cinema prides itself on the experience of going to the movies, and if you're not willing to follow basic courtesies to your fellow movie goers, then the Jam Factory is right up the road. I frequent this place, probably twice a week, and they really do everything humanly possible to provide the best quality presentations. I saw a double of Akira &amp; Ghost in the Shell some time ago, and someone in the front row had the gall to take out his laptop and start playing Minecraft. During the finale. It's people like that, as an extreme example, that force the Astor to write blog posts like this. It's not hard, just turn your phone off, shut the fuck up, and watch the movie you paid to see. Enjoy it, too.",Local life & places,0.8269,2012-11-29 09:46:54
e4wnn8i,the_yank,"Maybe! Will give it some thought. While the Berlin ones are amazing, I see no reason why something similarly good can't be replicated in Melbourne.","Cars, bikes & police",0.6996,2018-08-27 08:41:23
e53fc0x,Thealco,I am 5 months smoke free thanks to Champix. Took it for about 15 weeks before getting off it. Dreams were fucked up but worth it. There were a few close moments where I almost slipped up but I've been good. Good luck and if you need support message me or post in /r/quitsmoking,"Cars, bikes & police",0.9631,2018-08-30 13:34:54
d6jlpjl,vishal885,"Just go nuts man, do whatever you like and get loose. Everybody else in the club will be too busy having a good time.","Cars, bikes & police",0.2023,2016-08-16 12:37:44
djhwnoc,SharksCantSwim,Only from people that can't use their brains and realise that everyone is an individual. That's some small minded thinking right there.,Work hours & uni,0.0,2017-06-28 04:15:41
cgdqgiv,MechanicalStig,"What will you be towing? e.g. small to medium trailer, car trailer, caravan?","Cars, bikes & police",0.0,2014-03-28 00:11:45
cly71ic,Nonchalant_Elephant,"There's some dodgy but ""okay for a casual hit"" courts [here](https://www.google.com.au/maps/place/58+Mount+Alexander+Rd,+Travancore+VIC+3032/@-37.7854699,144.9374557,17z/data=!3m1!4b1!4m2!3m1!1s0x6ad65ce071174d49:0xfe5b13e034599cce).",Work hours & uni,0.6449,2014-11-10 06:16:24
cz33r8q,parawolf,"Yeah. I didn't spell it out like that, but eluded to it. 

This whole process disappoints me.",Politics & traffic,-0.2617,2016-01-18 20:43:04
ctkufzu,Lichenic,Good morning reddit! Just wanted to say how much I enjoy reading all the lovely little things you all get up to each day. Makes me feel at home:~),Local life & places,0.8805,2015-07-29 22:23:23
c4dnddv,zfa,Reduce print costs... scribble project status on post-it notes and stick them on the wall.,Opinions & public issues,0.0,2012-04-18 07:19:11
d0d1teb,mario_sniffer,SO brought home a huge bunch of fresh basil for me. That's way better than flowers. I'm experimenting with a margherita frittata.,Casual chat & reactions,0.7579,2016-02-25 08:01:22
5dpumv,gbaroth,"I'm headed to Melbourne for the first time and will be there the 21-28th. I do digital media for a living, and happen to be bringing a pair of Snapchat Spectacles with me on the trip. Figured I'd see if there were any people that work with brands here or are also in digital media that would potentially want to make some cool content.

Sorry if this is against the posting rules for this /r",Jobs & money,0.3182,2016-11-19 00:23:14
4wpl6f,HoliShan,"Is there somewhere here for dj's to practice?
Not really after a band rehearsal space. Just interested in whether there is somewhere with gear, like CDJ's and turbtables that you can rent. My living arrangements have never made for good practice spaces .",Opinions & public issues,0.4203,2016-08-08 11:00:39
cuu1rzh,alannah_rose,"I'm great! How are you?? Yes! So much post holiday depression,  mostly related to the weather! And things with the boy are amazing :)",Politics & traffic,0.9337,2015-09-08 02:51:20
cgl6xx4,truantxoxo,Resource Hardware in Malvern. We use them a lot through work (IT support). They're very good at what they do.,"Cars, bikes & police",0.7089,2014-04-06 03:32:54
dcpkprl,ihadhands,Olinda falls in the dandenong ranges is good spot to chill at.,"Cars, bikes & police",0.4404,2017-01-21 10:43:39
dxi5rtc,browsingfromwork,"(text from article)

A veteran Liberal Party and property industry figure is expected to resign from the state's property development agency following revelations he promoted the alleged head of the Calabrian mafia to a prominent business body.

It is understood that on Tuesday Mr Tony De Domenico told the board of Development Victoria he planned to resign as deputy chairman. The move follows an emergency meeting of the agency’s board on Monday night.

The meeting was called after The Saturday Age revealed Mr De Domenico last October used his position as president of the Italian Chamber of Commerce and Industry to make alleged mafia boss Tony Madafferi a chamber member.

It is also understood the Development Victoria board discussed other concerns that were raised with Mr De Domenico.

Mr De Domenico’s nomination of Mr Madafferi for chamber membership prompted the intervention of the Italian embassy, The Saturday Age revealed.

Mr De Domenico push for Mr Madafferi's membership came just weeks after Opposition Leader Matthew Guy was enveloped in a public scandal over revelations he met Mr Madafferi at a lobster restaurant in April 2017.

In his former role as planning minister in the Baillieu/Napthine government, Mr Guy appointed Mr De Domenico to a three-year stint as chair of the state's property development agency Places Victoria (now Development Victoria) in 2014.

Labor saw Mr De Domenico's appointment as provocative so close to the election. Still, the Andrews government re-appointed him as deputy chairman in 2017.

Mr De Domenico is a former Liberal ACT deputy chief minister and more recently the head of the Victorian branch of the private sector development lobby, the Urban Development Institute of Australia.

He is, and has been, a member of a slew of semi-government boards and was formerly a deputy chancellor of La Trobe University. On Tuesday night his future in other state-endorsed roles was unclear.

Mr De Domenico is also the chair of the Australian Housing and Urban Research Institute (AHURI). He was appointed by Treasurer Scott Morrison in his former role as housing minister.

On Monday, Mr Morrison backed Mr De Domenico as AHURI chair. “The appointment of Mr De Domenico was made on merit, based on his vast experience in both the development industry and government, well prior to these reported events,” said a spokeswoman for Mr Morrison.

Mr De Domenico was, until last month, also the chairman of the Italian Chamber of Commerce and Industry, a committee part funded by the Italian government.
After eight years as chamber chairman, he was voted off the board in March partly, The Age understands, because of concerns over his support for Mr Madafferi.
Confidential chamber documents showed Mr De Domenico personally proposed chamber membership for Mr Madafferi.

The documents also show that the following month, the proposed membership was withdrawn after concerns were raised by Italian diplomats and some chamber members.

In an interview before the story ran, Mr De Domenico denied he had pushed for the alleged mafia figure to be given membership, describing the allegation as ""crap"".

He insisted he had ""no relationship whatsoever"", either personal or commercial, with Mr Madafferi: ""I know who he is, but I don't know him.""

But he then refused repeated requests for further comment

The nomination came just weeks after The Age's August revelation that Mr Guy secretly dined with Mr Madafferi and others at the Lobster Cave restaurant at Beaumaris in April 2017.

In an affidavit filed in court in June 2017 in support of Mr Madafferi's ban from Crown casino and race tracks, Detective Superintendent Peter Brigham said the police hold ""substantial intelligence"" indicating Mr Madafferi had ""substantial and close involvement with serious criminal conduct including drug importation, murder and extortion"".
Mr Madafferi, who also part owns the national pizza chain La Porchetta, has never been charged with any crime and denies any wrongdoing.

In the early 2000s, police intelligence linking Mr Madafferi to allegations of ""murder, gunshot wounding and arson"" was detailed in court but vehemently denied by Mr Madafferi.

The Age has sought comment from Mr De Domenico and the Andrews government.",Local life & places,-0.9785,2018-04-17 11:31:55
dqfeho2,designerjeans,"It's $49.95 for an unlimited ride pass at Luna Park. You could spend the whole day there, and I'm pretty sure they allow passouts, so you're not tied in to buying their food. The Maccas across the road was a brilliant idea, but it's well overdue for a reno.","Cars, bikes & police",0.7311,2017-11-27 22:48:07
e8pvcbc,SkinHairNails,"You'll notice that you paid tax to the Commonwealth, currently governed by the Coalition.",Opinions & public issues,0.0,2018-10-30 11:05:23
d05gbc1,ladeedaa30,"Yep!!! So many time I wanted to correct this misunderstanding, but was a bit challenging when they are in the other car =(",Trains & trams,-0.2734,2016-02-19 03:38:26
cnytxw7,Shes_the_Cheese,Some. Beatbox and Taco and North Indivan dont use it.,Casual chat & reactions,0.0,2015-01-23 23:23:53
d6bpj4g,ign1fy,Yesterday I tried to negotiate a zip-merge with one of these tradies. It seems he mixed up his brake pedal with his high beams. I can't believe some people fail so badly at a zip-merge.,Work hours & uni,-0.8172,2016-08-10 12:30:57
ds147hf,Burntbigtoe,Isn’t that the whole point of Darwinism? Who are we to mess with natural evolution?,Work hours & uni,0.0,2018-01-01 08:08:29
cfxskcy,Bjwebb1991,O_o god dam it! I only just renewed my contract last month!,Opinions & public issues,0.2924,2014-03-08 23:02:59
dtrgb6g,LeslieHughesLDP,"Your comment is satire, right?",Trains & trams,0.0,2018-02-05 08:34:47
c9lfnyr,toula_from_fat_pizza,"Sorry, can you tell me why we don't want asian money? I like money, and i'm not prejudiced about where it came from either. Building half empty towers sure as hell beats the shit out of destroying our water table to frack coal seam gas with all that clean white british money.",Jobs & money,-0.7364,2013-04-24 03:21:15
cbozthn,MaleFascistAdvice,"You record a street fight, and all you can think of is karma?  Yeah, your feelings aren't my highest concern.",Trains & trams,-0.1027,2013-08-16 14:10:35
dr8kp5g,EvolvingMeme,"Hmmm... If mainly white police and judges send black people to prison much more easily than they do with white people, then this says more about the Apartheid system in Australia than ethnic prevalence to crime.",Trains & trams,-0.6258,2017-12-14 13:33:46
di0p30p,SteveB00,I remember being at the airport in Paris in 98 and the police had high powered weapons then.,Trains & trams,-0.4404,2017-05-25 09:48:45
ck0oo97,eatlivemosh,2.5 weeks. I have no idea what I would study. Stuck in a bit of a rut.,Local life & places,-0.4939,2014-08-26 05:42:12
d106uuw,Hinxsey,"Nah, gave it a miss. Sat on the couch and played Division instead.

Glad I did, one of the blokes that *did* get roped into the crawl went on Sunday and looked seedy as hell.",Local life & places,-0.296,2016-03-15 02:50:57
dh0qpg6,olibird,But what happened to all the [pudding you promised](https://www.youtube.com/watch?v=1bOSpJjM0RE)? BROKEN PROMISE!!! WHERES MY PUDDING!?!??!,Jobs & money,-0.6517,2017-05-02 06:24:59
dfjjixl,executeorder66,Thanks - I contacted them and they didn't have black.,Politics & traffic,0.4404,2017-03-29 02:22:41
c5cq4ap,HugoWeaver,"Don't worry about it lol. The one thing I hate is when a girl tells me ""I look like a short arse"". Drives me nuts. Too many people put too much into height!",Trains & trams,0.2495,2012-07-12 00:20:24
d100db5,ruinawish,"I find your passivity most offensive, and I'm getting irrationally angry about it!",Work hours & uni,-0.8585,2016-03-15 00:04:05
cav14yu,ErgonomicDouchebag,"I'm about to leave IT support and go do something I actually like. I'm not quite sure what yet, but I'll work it out. IT has broken me after five years, and offices are fucking weird environments.",Local life & places,-0.6936,2013-07-03 05:58:30
d51zn93,mario_sniffer,Waiting for class timetabling to unlock then back to bed to rest my back. Thought it opened at 7am. Ughhhh.,Local life & places,0.0,2016-07-06 21:51:24
df1qzml,_gax_,"Good thinking thanks! I checked and they don't sell those but it would have never occur to me looking there. they do sell several magnetism kits, so close!","Cars, bikes & police",0.5399,2017-03-17 12:32:41
d408w43,soontobekate,"There is 2 surgeons in Australia that do it.

Source: Am trans, moderator of /r/transgenderau",Opinions & public issues,0.0,2016-06-08 01:04:24
e0avwvr,LookAtMe_ImHomerSimp,Agreed. It's really weird. Almost scary that people can be like that...,Politics & traffic,-0.144,2018-06-08 01:18:13
e846ct7,goater10,Afghani resturants in Thomas Strret Dandenong are pretty good.,"Cars, bikes & police",0.7269,2018-10-20 12:32:07
dmvm4sx,cayal3,"Because some people can't afford to take a day off work? Because it's a cold and most doctors wave it off with ""rest and here's a sick cert"" which in turns wastes time.",Local life & places,-0.5106,2017-09-11 23:15:53
dnjgrua,CosmicSpaceSlug,"One could say he is ""husking"" (I know there malamutes but come on you get it.)",Jobs & money,0.0,2017-09-26 17:28:38
dt378aw,jimothy3175,"thought it was a saturday, didnt wake up in my own bed so i decided i was very very sick",Local life & places,-0.5956,2018-01-23 00:13:32
d2zwysy,stfm,2 for 1 meals at Junction hotel in Preston. Decent quality too.,"Cars, bikes & police",0.0,2016-05-10 14:05:22
dz2so6u,drhussa,Hej from Poland! I woke up at 2am Poland time and still haven’t slept. It’s now 5.30pm *manic grin*,Local life & places,0.5255,2018-05-16 15:27:04
doc4uwb,_Enough_IS_ENOUGH_,big difference between the bottom of bridge rd right next to hawthorn and the shit hole ghetto that is north richmond.,Casual chat & reactions,0.6124,2017-10-13 23:51:25
cfscwpt,NoodleBox,No idea. Try the Student co-op bookshop. I accidentally signed up for it.,"Cars, bikes & police",-0.5574,2014-03-02 10:23:48
d52an3f,Rawr24dinosawr,I have one like that as my coworker. Dude does not shut up even if you dont respond at all. Just keeps jabbering on.,Politics & traffic,0.3612,2016-07-07 02:24:09
dt5wfs0,flora_poste_haste,Dirty bird! Let us know if you find it.,Politics & traffic,-0.4926,2018-01-24 12:59:42
dtr1lqp,Poundsy82,No problem. Good luck in getting it sorted.,"Cars, bikes & police",0.4314,2018-02-05 02:47:37
ci6i7ha,KagariY,without a loan would it be feasible?,Opinions & public issues,0.0,2014-06-13 12:49:18
e2pfbs0,genwhy,"What part of Fuck Off to Sydney don't they understand?

Edit: Hello Apple PR guys!",Trains & trams,-0.5848,2018-07-20 03:42:27
cz2g9ew,rdmarshman,"This comment was a bit of a piss take aimed at anyone that knows the suburb.

It's a suburb at the bottom of what would seem to be a crater. Surrounded by roads leading down to it. 

Nothing much of note there, unless you are captivated by roundabout design or the incredible amount of takeaway food shops in the area.",Opinions & public issues,-0.0258,2016-01-18 06:15:22
cb13irv,Kurayamino,Nando's comes on a real plate...,Work hours & uni,0.0,2013-07-12 10:38:32
dmjctqw,clomclom,"I had a similar experience once at a legal, but dodgy share house for let by an owner. When he heard I was Australian he wasn't interested in renting a room to me.",Jobs & money,-0.293,2017-09-04 05:08:07
cuw9eh5,minkerevolt,"That's awesome, thank you! Carlton and Fitzroy are definitely two of the areas that have caught my attention so far.",Casual chat & reactions,0.8622,2015-09-10 00:56:44
dvw27jx,Putnum,"It's not just ""bad drivers"" as most people are saying in their replies. You also need to remember two things: Half of everyone on the road has below average IQ. Also, people are garbage. A lot of the time it would be deliberate just because they're a cunt.",Jobs & money,-0.09,2018-03-18 13:10:59
d6usvul,jmelchio,"You have these birds just flying around the city in the land down under? That's awesome. 

-love from Toronto",Politics & traffic,0.8519,2016-08-24 16:04:56
ch9xqse,Quarterwit_85,"I'm with you mate. I've had a fair few and paid too much each time and left underwhelmed. Full, but underwhelmed.",Local life & places,0.1655,2014-05-05 09:34:19
cpa4mt2,gorgeous-george,ITT: No one with any practical experience.,Opinions & public issues,-0.296,2015-03-10 10:55:43
cthezmy,todp,I'm quite excited about it. Much more than I was about fat duck,Politics & traffic,0.4005,2015-07-27 04:06:43
di0ky0l,drunkill,"Germany has GSG9 which are mostly plain clothes until there is a big operation/situation when they put the bodyarmour on and grab the larger guns from the van.

So they exist you probably just didn't notice them.

Although yes, a special unit/force and not regular officer with rifles on patrol like France.",Work hours & uni,0.7845,2017-05-25 06:45:25
ct53bva,stanleymodest,"it'd smell better than takeaway from Lord Of The Fries
until it closed i copped that stinky smell on the way home on the 19 tram every day",Local life & places,0.1027,2015-07-16 06:15:58
ca2xcon,glowstatic,"still, considering that the incidence is that low, it's a bit strange that the first thing your mind jumps to is that it might be a false report considering that it is 97.9% more likely that it's is not a false report.",Work hours & uni,-0.4404,2013-05-21 08:51:52
drxyymv,jamesargh,You hate the company because fuckwits abuse the system?,Work hours & uni,-0.836,2017-12-30 05:45:20
cw4w6ym,superjaywars,I stand by Powershop.,Opinions & public issues,0.0,2015-10-19 05:42:51
dl34d23,ChiggenWingz,I remember some of those faces! No idea if theyre still about cause internet is more entertaining and informative now :P,Politics & traffic,0.6147,2017-08-02 23:52:32
cxvvoym,MelbMockOrange,Goon in Flagstaff Gardens,Casual chat & reactions,0.0,2015-12-11 22:58:59
ddkb8xe,Mortar_Art,"Let me guess, it was the same arsehole who went through the threads filled with witnesses to the attacks telling people not to seek counselling, because it's counter-productive?",Trains & trams,-0.4404,2017-02-10 05:34:22
cq6cnzh,Putnum,"As mentioned in the comments already, delivery was free for both.","Cars, bikes & police",0.5106,2015-04-09 08:32:59
dwygasm,ifoundcarmen,"Oh! That makes sense, I guess! We do something similar in California, but it's stuff on phone and power lines so helicopters don't hit them.",Work hours & uni,0.0,2018-04-07 06:36:55
dpqzp4c,HumanInMelbourne,Is it just Werribee in general. I did not think to check before signing a lease... is Telstra that much better?,Jobs & money,0.4404,2017-11-13 11:49:49
cfsatmz,mahler004,"You get 10% off with a student discount anyway.

Also, it's generally a better idea to buy directly from Apple, as it makes things much simpler if something goes wrong, in terms of replacement/repairs.",Opinions & public issues,-0.0516,2014-03-02 07:16:55
ctl3h8x,sahrey,"i looooove william shatner's [common people](https://www.youtube.com/watch?v=ainyK6fXku0) cover.

and i have a soft spot for the dan band doing [total eclipse of the heart](https://www.youtube.com/watch?v=cIRiZsDObrU).",Local life & places,0.0,2015-07-30 02:33:16
drgfxzr,DomesticApe23,"Check shops that cater to restaurants - hospitality supplies, commercial cookers etc. I recommend the ISI stainless steel for longevity.","Cars, bikes & police",0.3612,2017-12-19 03:54:14
dzldhg0,XSCR,yep that's what i just said! fuck laws and borders!!,Work hours & uni,-0.4898,2018-05-26 02:59:03
c760t38,registradus,I guess it was just an accident.,Work hours & uni,-0.4767,2012-11-24 14:20:00
cmhbvj4,Cam-I-Am,"+1 for meetup.com. I've met some cool people from the, and there are often recent migrants looking for friends :)",Trains & trams,0.8126,2014-11-30 22:30:56
czx8qrr,illeatyourheart,"How old are you? What are you into (sport, fashion, coffee, shopping, drinking, music, partying, history, art, nature, beaches, sightseeing, etc)? Are you male or female?",Opinions & public issues,0.4836,2016-02-12 13:11:06
c3dipyi,myusernamestaken,"Ahhh the elderly, so out of touch with reality. 

[braces for downvotes]",Jobs & money,0.0,2012-01-03 13:23:43
cofw8cy,flamedfuckface,"So instead of whining on reddit about this, maybe we should start a petition and write emails to key members of the state government? I'm going to write some emails linking this report.",Jobs & money,-0.2878,2015-02-09 11:53:08
clfi1n1,VicMG,Really? I don't think I've ever got any email spam from them just some stupid leaflets from time to time.,Jobs & money,-0.7096,2014-10-21 12:50:19
6evu40,goralph,Wanted to meet with someone and get some feedback/advice regarding personal finances.,Work hours & uni,0.0,2017-06-02 17:30:51
dkcv32s,argh1989,The Swiss Club on Flinders Lane does Rösti.,"Cars, bikes & police",0.0,2017-07-17 23:43:10
dxjb3v9,CommonMisspellingBot,"Hey, orangehues, just a quick heads-up:  
**accomodate** is actually spelled **accommodate**. You can remember it by **two cs, two ms**.  
Have a nice day!

^^^^The ^^^^parent ^^^^commenter ^^^^can ^^^^reply ^^^^with ^^^^'delete' ^^^^to ^^^^delete ^^^^this ^^^^comment.",Trains & trams,0.4753,2018-04-17 22:33:53
d49rtfp,7daystothewolves,"Mental capacity. To do anything.

I was joking though, it's just I've been really rundown. Can't tell if ill or just not taking care of myself.",Trains & trams,0.1541,2016-06-15 04:10:20
ce3rrhr,WogButter,"[Melbourne Tattoo Company](http://melbournetattoocompany.com/) -  CBD, 
[Blue Lady Tattoo](http://www.blueladytattoo.com/) - CBD, [Chapel Tattoo](http://www.chapeltattoo.com/) Pharan, [Tattoo Magic](http://www.tattoomagic.com.au/) Fiztroy, [Dynamic Tattoo](https://www.facebook.com/DynamicTattoo) Richmond",Politics & traffic,0.3818,2013-12-17 10:06:35
dsrd4sx,SEXPILUS,I've bought them from $2 shops before. Mostly ones from the art section.,"Cars, bikes & police",0.0,2018-01-16 11:44:34
d4ty2k5,99tomota,"I bought mine from a Japanese ebay seller... they are the best to deal with and your always getting something serviced and well tested! I went from a Leica M6 to a Contax G2.. the price isn't insane at all. Don't bother with a black one for the cost though, unless you get lucky!",Jobs & money,0.9182,2016-06-30 13:56:14
d2zld3u,just_a_prank_bro_420,Can't believe that deal is still happening. That was my local around 4 years ago and the prices were the same.,Jobs & money,0.0,2016-05-10 05:19:41
c6o717v,darsehole,How is the job market for you guys?,Opinions & public issues,0.0,2012-10-18 06:20:12
c2hpr5x,syl1985,"I would recommend private garbage collection, one of my mates was getting payed a fortune to get to the inner eastern suburbs and take bins out to the curb for apartment complexes and mansions.

Your on your own and you can plan your day accordingly.",Opinions & public issues,0.3612,2011-09-05 23:10:53
ck66h0g,Grantliveshere,"TPG have shit DNS. You will want to replace it with Google's 8.8.8.8 because the shit TPG have is abhorrent. It's also shit if you want to play games like league of legends. For some reason it'll just cut out/disconnect. There are huge issues with this that'll go unaddressed.  That said, it's cheap as fuck and some people hate off-shore tech support, but, if you're polite and not a complete bag of dickbutts they will actually follow up and call you back and really try to get your issue resolved, even if they are a bit limited in what they can effectively assist you with. Optus have congestion issues in a lot of exchanges, and the only real way to find out if it'll effect you is if you sign up. So that sucks. Telstra are fucking expensive and their customer service is pretty horrible but when the shit is working it works goooood. Especially the 125MBS capable HFC cable internet.",Work hours & uni,0.6682,2014-09-01 11:46:27
e6m7lsj,lumo1986,I wonder if the Hobby Shop and Hat store are there.,Politics & traffic,0.0,2018-09-25 16:07:39
dft4qia,ninkinpoops,"Well, if that's true.. I guess we can use porn to divide the rapists and.. non-rapists? Kinda useful.",Politics & traffic,0.2975,2017-04-04 09:25:47
ck0m6p1,Steve00,Im hoping its not goiing to cose an arm and a leg to fix,Work hours & uni,0.4215,2014-08-26 03:47:30
dqrrrmb,ch_rist,Pretty sure I'm gonna end up dropping out of uni before second year starts next year but I don't have a job and I have no idea what I want to do with my life :))) I feel soo lost lol,Local life & places,0.2846,2017-12-04 22:24:30
cvsyipx,zozozozozoz,I have already seen so many horrible shoes and feet this morning. If this is what summer's going to be like then I don't want it to happen.,Politics & traffic,-0.3612,2015-10-08 21:18:21
dw7bfs3,just_kitten,"&gt;humans who assess visa applications are more sympathetic towards people who studied in Australia

Firstly, that's not even what I claimed - that's not what anyone who seriously discusses the issue claims. It's about options within the immigration system and associated processes (including skills applications) that students benefit from, and non-students do not have access to.

Secondly - could you even disprove that point, anyway? I'd go one step ahead and say students can come under extra scrutiny from case officers because it's previously been used to extend a person's stay (again, I literally know people who have done this. It's not so easy now). But what experience do you have with the system?

&gt;485 visas are not permanent residency visas

Of course not. But they are a very important stepping stone should one decide to get permanent residency, which is definitively not available to an overseas applicant.


&gt;Australian professional standards being different to other countries has fuck all to do with the actual visa application process itself

I'll agree that it's not intrinsically tied to the visa application itself, but its role in gaining residency is certainly a big advantage for people trying to get a foot in the door.
If standards were more relaxed people would find it cheaper to get a degree from their home country and then apply, but I digress.


If you had an overseas graduate and Australian international graduate who were exactly the same in every other way, the latter has significantly greater access to Australian work experience and yes let me emphasise, TEMPORARY visa pathways. That the other DOES NOT AND WILL NOT receive.

Two things:

(a) these are most certainly demonstrable advantages - seriously, what do you want, a page of testimonies from students who used these advantages to gain employment and residency? What, to you, are these privileges then? Just nice bonuses for fun? Totally 100% irrelevant to fulfilling migration criteria?

(b) it is the ACCESS that is the privilege. Not some case officer getting soft-hearted. Not some special backdoor entry. Not any of the shit Hun readers like to imagine is how immigration works.


Now you might argue that it is only natural and fair that international graduates get advantages that let them work while studying and subsequently stay on in Australia even temporarily, and that it Isn't A Big Deal.


But it's not a given that student visas and post-study options have to be this way. 

* Canada has a similar setup to Australia's.
* the US F-1 OPT scheme (during and post-study) is far, far more restrictive than Australia's student and 485 scheme
* the UK allows work while studying (slightly less than Aus) but accords no immigration advantage to international graduates - it's a Tier 2 visa like every other mug
* Singapore allows 16h/week of work but doesn't have a post-study work visa


You can go browse my reddit history mate, I'm not part of some ""brigade"" - I've personally benefited from this scheme myself! But should it continue to be scrutinised and kept watch over? Absolutely, yes - that's what's led to some changes in the system, against the protests of education providers. And there are huge implications to the status quo including its contribution to the dumbing down of qualifications and the casual job market for Australians. 
And, more to the point of this article: congestion, housing, infrastructure...
I wouldn't get into a silly reddit stoush about it if I didn't think it mattered.


Though, I'm pretty much convinced nothing will convince *you* (where's your counterproof, BTW...?) - I'm writing all this for anyone else reading and asking the same questions.


Lastly, if I were making all this up, well... I leave it to you and the first page of google to find out how many damn educational and migration agencies promote Australian education because of the migration-related advantages. I sure hope *they're* not making it up!",Opinions & public issues,0.9984,2018-03-24 07:12:42
ck6jwgf,matthras,"Sure, your mum doesn't want to download less, but is it possible for her to leave some downloads to be done overnight? I'm not familiar with internet plans in general, but I do know some have separate data caps for on/off peak (on peak is like during the day, off peak is like during the night when everyone's asleep, loosely speaking).

The other alternative is capping her download speed - I know you can do this via certain routers or using other programs, but unfortunately not any more than that!

Apart from that, hopefully you can find some useful pointers on the [Whirlpool forums](http://whirlpool.net.au).",Casual chat & reactions,0.9323,2014-09-01 22:02:27
dh0v9hs,northboring,"I don't, will send 100,000 vehicles a day through my suburb (or someone else's if the other route gets chosen).",Casual chat & reactions,0.0,2017-05-02 10:12:02
dgl9g7v,TimN90,"People don't hate high density housing.  People hate shit high density housing and the way it completely fucks up neighbourhoods when it's an no-holds-barred development free-for-all which it is now.  You can't have a streets with houses turned into a street packed with units and apartments and not have community and infrastructure problems.  
All well and good to say regulations are improving but they're playing catch up by what, 10 years?",Opinions & public issues,-0.0252,2017-04-22 03:28:08
d5ywxbw,Radalict,Would be awesome if some of these were permanently flooded and you could scuba dive in them. Although it would be impossibly dangerous.,Trains & trams,0.25,2016-07-31 23:36:38
cav1do2,filtercore,"Conversely, a lot of business units within corporations get new budget to play with after July 1 and start hiring people towards the end of July/early August. Worth keeping an eye out for.",Local life & places,0.5106,2013-07-03 06:14:45
d49gvdr,zozozozozoz,"Or at least an orange, pineapple and ginger juice from a juice bar. With some lemon too if you want.",Politics & traffic,0.0772,2016-06-14 23:14:25
cnhdbe9,beasmith,Yes.  It's world class awful.,Jobs & money,-0.0772,2015-01-07 16:43:06
crn99us,way2loose,Whoops... watts not kilowatts. Was half asleep when writing this morning.,Local life & places,0.0,2015-05-28 03:02:58
dgwnnd9,fastjetjockey,I know right? I cannot seem to replicate those experiences as an adult. LAN parties were the best.,Politics & traffic,0.7845,2017-04-29 13:13:32
e5pok8x,mzlakspqow01,I've learnt that some men hear the term toxic masculinity and think that it means all men and displays of masculinity are being described as toxic.  It's a bit of a worry that the conversation can get so misconstrued.,Trains & trams,-0.4404,2018-09-10 08:12:48
cudrshx,WeirdWest,"I doubt all cars will be like this....that said, I hope you are still able to get a seat amongst everyone else that will jam the cars that still have seats.",Work hours & uni,0.4404,2015-08-24 11:09:35
cwrq0qo,pixie_anne,"I would dress like a man to see him. Hell, I'd wear almost anything","Cars, bikes & police",-0.4767,2015-11-07 11:52:00
dqo3uro,official_dogma,"Some agents.

I've had fantastic agents for the last few years - recently got switched to a new nice young lass who failed to send someone around to look at a leaking tap for over two months. Collapsing garden wall and other things which would cost the agent a fortune if not addressed.

She refused, told us to put it in writing, nothing happened.

Rang up her boss and said look - this is going to cost the land lord a fortune, the wall is now going to collapse and need replacing, and you will have to pay the water bill costing a massive amount.

Plumbers and handy men there within the hour. 

Honestly if its an agency its normally a shitty lazy agent.",Jobs & money,-0.601,2017-12-02 19:58:32
e1hzv45,zsumu,Thank you! My very first question.,Politics & traffic,0.4199,2018-06-29 14:35:22
e1cvvdk,saucypudding,But what were you saying about clitorises?,Jobs & money,0.0,2018-06-27 02:36:10
d0gtatv,scarybari,"It's my first year here... I haven't quite figured out the dual taxes thing yet. I lived in Macau for a while, I know the rule used to be you can't be taxed twice on the same income; or if you were out of the country for a certain amount of time. And only on money that sees the US? I don't remember. I haven't gotten that far here... not looking forward to it.",Opinions & public issues,0.2732,2016-02-28 12:35:07
d0gzxpk,Duckpress,I've seen Australians with a MAGA hat where do they get them from?,Politics & traffic,0.0,2016-02-28 16:56:23
d4dlkhy,pinatasenpai,"N'awwwww, pushed a button did I?",Jobs & money,0.0,2016-06-17 21:42:54
cuae8ex,bsatird,[Carpet bombing](http://new3.fjcdn.com/gifs/B+52+carpet+bombing_a8b41f_5120686.gif),Politics & traffic,0.0,2015-08-21 06:12:34
c2awxr7,randydisher,"&gt; -TPG offered a good deal, $59.99 for unlimited internet usage at ADSL2+ speeds plus home phone. However, I am 3km away from the exchange and don't know if it'll even make a difference speed-wise. Maybe I should just stick to cable? (haven't had too much troubles with it)

I'm on this plan. Not sure how far I am from exchange, is there some way I can check? Speeds range from 1.7 MB/s to 2.1 MB/s down, 110 KB/s up. I've had one or two bouts of downtime in around 18 months. I've done 4TB in a month before without any problems.

In the past I've used G-Node, iPrimus, and Supernerd.",Opinions & public issues,0.1421,2011-08-08 07:15:49
co3cert,theclumsygiraffe,"I go to Biba Academy on Johnson St, it's a teaching school and they do cheap and wonderful haircuts. It takes a bit longer because they are training students but I always get a good cut there! :)","Cars, bikes & police",0.8335,2015-01-28 08:49:57
dkypxng,EvolvingMeme,Have you tried shaking your fist angrily?,Trains & trams,-0.5423,2017-07-31 13:31:03
duwdkhh,Em1skies,Are you eligible for a low income healthcare card through centrelink? My friends doing postgrad have got these since postgrad = less time for work = low income. Might be worth looking into.,Opinions & public issues,0.2023,2018-02-27 09:54:27
cf5oe8u,Turkboy69,"Mcdonalds, Coles and target almost always has spots open :)",Casual chat & reactions,0.4588,2014-02-03 04:28:23
37y0j4,Showtime3073,"So I just started my new job as a armed security Gaurd, I get 25 a hour and with 40 hours it adds up to $1000 dollars, but I get taxed $304 so I get clear $696, can any please tell me if this is right I get taxed 30 percent, I don't think it's correct and the bosses say it is, am I getting hustled?",Local life & places,0.8149,2015-05-31 10:10:40
dxykfkv,Kvothe-kingkiller,There was a family in front of me wearing Australian flags as capes...,Local life & places,0.0,2018-04-25 19:29:34
difo6m3,MissAndersons,"You can argue that riding through a crossing when people are walking constitutes ""knowledge that one's action  would cause a crime to be committed""",Work hours & uni,-0.5859,2017-06-04 05:56:30
cylyw79,zozozozozoz,You really sure you want to go full time m8? You really don't seem to like this job...,Work hours & uni,0.2609,2016-01-04 21:24:45
cc6txf4,im_someone_else,Check the links on the side bar,"Cars, bikes & police",0.0,2013-09-12 13:06:53
dwuecf2,parawolf,They will have a front of house email address and each agent will have personal email address,Jobs & money,0.0,2018-04-05 09:26:42
dmvcaa3,RaptorsOnBikes,"[Well it was a valiant attempt,](https://i.imgur.com/MVSV3Bb.jpg) but it didn't *quite* make it.

Is there a Subreddit for failed Swastikas?

Also, Wtf are these constant Apex/Nazi tags?",Trains & trams,-0.8875,2017-09-11 19:59:22
dz9fmhn,Kozij,"I do, and have never been involved in an at fault accident. Bad luck, try again.",Work hours & uni,-0.743,2018-05-20 00:38:22
dqrpjtk,continental-drift,[This](http://www.christmaslightsearch.com.au/Melbourne/) is usually a good resource. Also the Boulevard in Ivanhoe is apparently really good.,"Cars, bikes & police",0.7264,2017-12-04 21:46:42
dqslsqf,Walter_Ego,"yeah, i pat dry too, but also put it on a cooling rack, and keep patting it dry every time i am near it.  i am usually preparing sides while this happens.","Cars, bikes & police",0.1531,2017-12-05 09:55:42
dfc054v,lemondrop__,"😂😂

Subtle edit.",Jobs & money,0.7003,2017-03-24 01:25:00
e7hxhir,wyyyxx,"Oh man, good to know that. Now im full of hope again lol. This really frastrut me. I will keep trying and wait for my luck.","Cars, bikes & police",0.891,2018-10-10 05:22:51
d8wxpzx,youtook2much,"I went with OKCupid- 3 years and counting with my partner.

Gotta separate the wheat from the chaff whatever the medium. Majority of people being Chaff.

I cant even comprehend sending a photo of my dong to anyone, why do some guys think this is a legitimate strategy to getting laid.",Jobs & money,0.0,2016-10-18 07:24:45
c63kla9,saicreek,Maybe they're that way on purpose so they last longer? :S,Work hours & uni,-0.4466,2012-09-05 01:42:31
dmw2hlg,1luv8008135,"I just realised ""been there, choked on that"" can sound so wrong",Work hours & uni,-0.7959,2017-09-12 05:24:21
dqs4zml,Setrakus_Ra,"Lego building. Live helping the niece and nephew build there kits. Last one was a little train that my niece was gladly showing everyone ""look what uncle Setrakus helped me build"" she also hugged it while she took her nap.

2. No. I'm extremely self conscious and nervous. I just don't feel good when I try to dance.",Local life & places,0.4203,2017-12-05 02:27:08
cvdg9yo,whacknal,Its not leave as such. It is time owed that is worked.,Local life & places,0.0382,2015-09-25 04:51:13
5no1kd,entirelyUnoriginal,"Was just reading through this thread and saw [this comment discussion](https://www.reddit.com/r/melbourne/comments/5nmtq1/saw_an_accident_waiting_to_happen_this_morning/dccr6d8/). 

He describes two seperate situations

1.
&gt;several times i have nearly had idiots run into me when i start moving (even when we were both stopped at the lights). a few times i've had to hold down the horn to stop shit tons of cyclists all riding together from passing me on the left whilst i am indicating left and trying to move.


2.
&gt;just yesterday i was turning left [...] and waiting for pedestrians to skedaddle so i could go, and as i moved off a cyclist coming up behind me (i'm not perfectly straight, slightly turned, so i cant see him in my mirrors) nearly rode right the fuck into me because he decided to pass me on the left.

It's got quite a few upvotes and different people citing regulations, but I was hoping to bring this particular topic to its own thread to get clear advice on the correct behaviour as a cyclist.

From my point of view in #1 the cyclist has right of way. If stopped at an intersection with a cyclist on the left the driver should wait for the cyclist to push off.

However in #2 the cyclist is definitely in the wrong as the driver is highly unlikely to be aware of the approaching cyclist.

Thoughts? I was just surprised the comment was so upboated as it seems to opine that cars always have right of way when turning, even when stopped waiting to turn.
  
  

^(edit: Just realised the title of this post is pretty stupid. I meant going straight at lights as a cyclist, or turning left at lights as a driver... Not turning left at lights as a cyclist haha.)",Work hours & uni,0.4737,2017-01-13 03:00:25
ck5zquc,Shes_the_Cheese,"Every job that offers you less than award wages should be reported immediately to [Fair Work Australia] (http://www.fairwork.gov.au/contact-us). There's a reason you get paid on the books, you deserve superannuation, work cover and a decent wage for a decent days work. Do not take cash in hand jobs, please, your perpetuating an unsustainable culture, doing yourself a disservice and creating worse working conditions for everybody. 

If an employer or potential employer threatens your, your friends or your colleagues job security then report this as well. It is very difficult to fire/let go of someone using the proper channels, it's too easy to get rid of someone if you pay them cash.

As an employer and an employee I can't stand this exploitative culture offered by unscrupulous business owners. Hang in there, keep trying, before I was lucky enough the start the cheese shop I had been actively looking for a job for 14 months.",Work hours & uni,0.9511,2014-09-01 04:03:45
dfzlw10,emmaisabellaa,Did you guys know it's raining?,Politics & traffic,0.0,2017-04-08 06:17:56
ci21zr8,rasqash,I'm up for a brazilian. If you fuck it up I'm 9 months pregnant so I wont see it. And you couldnt do any worse than the baby is going to do on it's way out. I'm not seeing a downside here.,Politics & traffic,-0.0531,2014-06-08 07:51:00
d33mqby,YakshaNZ,Portlandia is based off this game. It's just got a really abstract way of telling the story.,Jobs & money,0.0,2016-05-13 03:52:22
ce4bfdw,Migwelion,The Coast trail from Blairgowrie to Sorrento is amazing.,Casual chat & reactions,0.5859,2013-12-18 01:07:26
ck69l5o,lzoro,"You'd prefer they don't have a job, right?

Why can't you let people work for the wages they agree to?",Opinions & public issues,0.4329,2014-09-01 14:56:14
d0n4jtn,Supersnazz,"No, cartels operate on fixed prices. That's the point of a cartel. If it was a cartel the prices would just stay at 1.24 the whole time, the fact it got down to 94 shows that there is competition.",Opinions & public issues,0.0,2016-03-04 07:45:33
d6gfynx,DontMentionWombats,"No matter how I try and interpret it, this comment confuses me.",Jobs & money,-0.3343,2016-08-13 23:32:01
clfh5p2,xJeansx,How though? What if the car is under your father's name with you as second driver on insurance? Could this be a bypass? I don't necessarily want to do it. Im just confused as to how they enforce this.,Work hours & uni,-0.47,2014-10-21 11:58:38
dg0u2uh,Deetrz,"Awww
This is f*cking awesome. This is why I love living in Melbourne.
 :')",Politics & traffic,0.9118,2017-04-09 04:28:20
cho68zu,Vertikar,Thanks for the most amusing thing I've seen all day!,Politics & traffic,0.7257,2014-05-22 05:06:41
dwaobdo,qemist,"Gee, for decades the left told us that any questioning of immigration was racist dog-whistling. What happened?",Jobs & money,-0.6597,2018-03-26 06:00:32
e235na4,Huvvertanks,"&gt; As well as tolls for using CityLink, Transurban charges its Victorian customers fees for a range of services including pursuing unpaid tolls, matching images of cars without a valid tolling device, and replacing eTags. 

Aren't all of these fees down to the particular motorist not following the rules that every other person on the road is following?",Opinions & public issues,0.0,2018-07-09 22:18:37
e5ivqxo,miraj753,"How did you get started?

And how much did you make per year etc if you don't mind answering?",Jobs & money,0.0,2018-09-06 23:12:25
ct50vuf,T1bbers,Cute! Trust cats to work together in the name of EVIL. My cat would drive anyone batty if he was confined to the house.,Politics & traffic,0.1177,2015-07-16 04:35:44
ddh97t5,johnmelb,"in terms of cost and practicality used car is the way to go, that meaning it gets you from A to B for 1/2 the price of a brand new car. However, if you are after Luxury and comfort, by that I mean brand new everything and being free of worry about maintenance issue within the short term, then go for the brand new car.",Opinions & public issues,0.4404,2017-02-08 07:22:41
cv6rdot,sahrey,whyyyy would you go anywhere near a bird?!,Politics & traffic,0.0,2015-09-19 08:11:19
dj6tag5,Doogles1234,"8-bit, Fat Bobs(Moorabbn) and Easey's are all pretty good","Cars, bikes & police",0.7269,2017-06-21 05:29:16
clff8yf,Deceptichum,"VicMG said it was an inbound in that message I replied too.

Also if its anything like what our system is, we have all the information in front of us and know who we're calling but not who answered the phone; hence needing to get the person speaking to prove it's actually who we think it is before we start disclosing their personal information to a potential whoever.",Jobs & money,0.1901,2014-10-21 09:15:59
e0wvi9v,Bluebird_83,Upvote because of the aussie bird pun,Trains & trams,0.0,2018-06-19 04:54:32
ck5cq11,pressbutton,Aww. Where does T work these days? Also add me on snapchat damn it!,Politics & traffic,-0.4574,2014-08-31 11:37:37
e18fv0j,nicholasmelbourne,"They had to venture forth to get more steroids too, so they made a day out of it.",Local life & places,0.0,2018-06-24 23:07:01
cejrsgw,lenjet,What is your actual field?,Opinions & public issues,0.0,2014-01-07 19:36:19
d8lok9i,smithyofmysoul,"Nah man, despite their overt affiliation and identification with Nazi groups and practices, they are totes not Nazi themselves.",Trains & trams,-0.1027,2016-10-10 09:41:43
e0d4kyq,harkoninoz,"Oh, for an occasion I would definitely say something like Conservatory, posh buffet is one of my favourites.

Personally I prefer places where I can get a half tail with noodles for $25 for day to day eating but yeah.

When I think special occasion Japanese, it is either $220+ fish stuff or $80 wagyu teppanyaki. 

Someone jokingly mentioned Lobster Cave, if you want to see how they ate in 1980, get a Groupon. Paying $70 a head for retro dining is better than paying $240...",Politics & traffic,0.9224,2018-06-09 02:54:44
dsqqugx,nicholt,Don't you feel less shitty in the mornings? And not knocked out tired by 9 pm? That's what reducing caffeine did to me. I stopped for 2 weeks (plenty) then went back to just a cup a day. It's much better this way imo.,Local life & places,0.1177,2018-01-16 01:30:29
c1lb7vp,Renpatsu,"Or alternatively post it on the [Melbourne freecycle network](http://groups.freecycle.org/MelbourneOzFreecycle/description), everyone loves a free TV.",Opinions & public issues,0.7906,2011-03-19 00:07:20
cpq1jcc,lightpole-erector,Fraud?  There is much more going on then simply termination of trains. Andrew is doing here what he done in the UK.,Work hours & uni,-0.5859,2015-03-25 08:20:04
cgd1qk1,goindrains,The people standing around the edge clearly don't know how sinkholes work (or that they can get bigger).,Work hours & uni,0.4019,2014-03-27 05:06:44
d6gmsk2,momoster96,didnt even begin &lt;/3,Local life & places,0.0,2016-08-14 02:46:19
cawyulu,thepaleblue,Sucks for those of us who are allergic to egg...,Politics & traffic,-0.5719,2013-07-06 12:11:09
cw5txtx,wholemealbread,"I still find it amazing that LNP elected Matthew Guy as leader, I always thought he was a major contributor to them losing the election.",Local life & places,0.296,2015-10-20 00:54:00
drxs05f,FuckingAustralians,"I live in st kilda. They're parked like cunts in albert park lake or on three occasions up a fucking tree.

I hate that company","Cars, bikes & police",-0.7479,2017-12-30 03:01:34
e23id83,canyouhearme,"Would it not be much smarter to improve Avalon, where adding a fast rail link would be much, much easier and quicker?

Trying to double passenger numbers in site that already can't cope with what it has, and shows no sign of being able to manage to get a rail link, seems more than a little strange.",Casual chat & reactions,0.1313,2018-07-10 01:01:13
e2vfzuj,fortalyst,Learning to Google something like this will be favourably looked upon - you may even be able to add it to your resume...,Jobs & money,0.3612,2018-07-23 06:54:44
dazs7ux,amysoyka,I'm curious. How would that work?,Local life & places,0.3182,2016-12-09 18:56:51
d0zwt2u,grahampaige,isnt St Andrews near healsville?,Local life & places,0.0,2016-03-14 22:32:20
dxqnjw0,-_-Edit_Deleted-_-,Someone told them that and it fits their narrative. Cling on tight!,Politics & traffic,0.0,2018-04-21 17:37:17
e7dsmx2,Jam0864,"I hope so, that oil is a terrible colour",Politics & traffic,-0.0516,2018-10-08 09:02:45
cjvbdy5,typewritertrew,Balwyn is as bad as Canterbury - essentially a large retirement village. DRY ZONE.,Casual chat & reactions,-0.5423,2014-08-20 05:34:51
dbgcrrw,antaresiac,"I'm all about the Cetaphil Suntivity stuff now. It's the only sunscreen I've found that doesn't stink or do the aforementioned greasefest

https://www.suntivity.com.au/productdetails/suntivity/suntivity-spf-50-ultra-light-lotion.html
https://www.suntivity.com.au/productdetails/suntivity/suntivity-spf-30-hydrating-lotion.html","Cars, bikes & police",0.3089,2016-12-21 05:22:47
dy6msqa,kurapika91,That makes sense!,Work hours & uni,0.0,2018-04-29 22:23:22
crb11o9,row-zee,"If you're one of the many bartenders I've pestered while being a drunk mess on a regular basis while being at Ding Dong, I give you both my sincerest apology and also a thank you for being rad :)",Jobs & money,0.5859,2015-05-16 14:26:51
cpg07dx,vinhhieu,"Today I woke up at 7 to go uni to help one of my professors run her class on ecology. It's mainly Excel work which is why I volunteered to help, I remember how clueless like 80% of the class is to using Excel to go through tables of data and how there are always more questions than the tutors can handle. Hopefully I can be useful today.",Local life & places,0.9432,2015-03-15 22:50:04
doylegh,thrml,I ~~hate~~ love you. Wait what?,Politics & traffic,0.128,2017-10-27 11:10:46
d0zvb42,cameronm,Cackling under my breath like a crazy person... I need to pause my podcast til I get to work I reckon...,Local life & places,0.0258,2016-03-14 21:54:49
do9ad4f,it_fell_off_a_truck,"Hard labour, building the next train line, we'd get it done in no time!",Casual chat & reactions,-0.4389,2017-10-12 08:38:37
csy58fc,TomasTTEngin,"woah. there are bigger injustices going on in the world, you know.",Jobs & money,0.0,2015-07-10 02:12:05
e7hru7z,Hypo_Mix,No one does that. you would be hard pressed to find an entry level position in Melbourne with less than 100 applicants if it's advertised on seek.,Opinions & public issues,-0.3818,2018-10-10 03:26:27
cthfwdl,Shes_the_Cheese,"There's people at our box with all sorts of maladies, bad backs, bung shoulders, dodgy hips. They came to CrossFit with those injuries and work within their abilities.",Politics & traffic,-0.5574,2015-07-27 04:38:50
d053cqz,Nighthawk_1,"The photo isn't that good, but I did see he hit the quarter panel and the wheel, the wheel section is pretty badly damaged. Driver side seemed OK",Work hours & uni,-0.1289,2016-02-18 22:17:14
c5cg19i,yoghurt_ninja,"oh yes.. an oldie, but a goodie ;)",Politics & traffic,0.4939,2012-07-11 13:00:29
dmvx9b7,zfa,Who said nerds had style or taste?,Trains & trams,0.0,2017-09-12 03:10:30
dc45al1,shockfuel,"Fuck this oppression, I'm sleeping naked tonight",Local life & places,-0.5423,2017-01-07 11:17:51
c4lvehw,Shilberite,Provided they can prove that. The Employee travel pass should be carried on their person all the time.,Work hours & uni,0.0,2012-05-09 05:44:10
czddltp,Lukiz7,Internet speed is capped at around 300k. The lock on the bathroom doesn't work. Other than that I love the 30 inch screens.,Work hours & uni,0.6369,2016-01-27 02:33:48
ck0b70j,pressbutton,"Time to start ""having to"" stay back late at work!",Local life & places,0.0,2014-08-25 21:20:34
d2qdhdf,amysoyka,If your going to chuck them out - can I have one of the really old fashioned wooden seats please?,Politics & traffic,0.3182,2016-05-03 00:16:13
dt3kk30,DomesticApe23,"Safe to drink but it'll be godawful. All the water froze, squeezing the alcohol out. So you'll have a lovely muddle of cold-distilled fermented alcohol and decayed grape juice. Might even get some floaters depending on the wine, from crystalised tartrates.",Trains & trams,0.5789,2018-01-23 04:15:04
dt33tq6,flora_poste_haste,Go to Birrarung Marr. Free live site. Grounds pass is only worth the money if you can actually go during the day.,Jobs & money,0.6369,2018-01-22 23:12:16
c6obcdp,evalina2004,"I always think that as a black person, I probably do better than white Americans travelling outside of the country. People automatically assume I can't be representative of the govt back home!",Trains & trams,0.4926,2012-10-18 15:09:54
e2rzarg,destiper,"I made it through the whole main quest, the Dragonborn DLC and a ton of (maybe 45?) side quests on minimal graphics, no mods and no cheating. After that, modding is fun. 10/10 recommend you play through the main quest. As for the side quests, it's only a game. Delvin Mallory can wait for his alto wine, he isn't going anywhere.",Local life & places,0.837,2018-07-21 11:42:24
cdo4uoy,mactier,"Try Beer Deluxe in Fed Sq, or Acland St cellars. You wont have to travel far to get to either of them, both have a huge range of imported beers. Hope you find what you're looking for!","Cars, bikes & police",0.6696,2013-11-27 13:04:28
cnqxpo8,lolsail,"No, fuck this stupid shitposting, and fuck you too for good measure.",Work hours & uni,-0.8442,2015-01-16 15:25:14
dsqdrfx,eilif__,Can not stop listening to 3 Libras by APC! Such an oldie but finding it timeless!,Local life & places,0.2565,2018-01-15 21:36:55
cc5h7z9,tinybabycat,"What kind of farmland? Werribee South has fields of lettuce or whatever if you want that kind of farm. If you need endless plains of golden grass waving in the light or something*, take Melton Hwy just outside of Hillside.  There are also farms in Keilor on Arundel Rd too. 

*If you're after this kind of thing but it doesn't need to look strictly like a farm (just a plains grassland kind of thing) let me know/send me a message on here and I can give you some directions to a great place.",Casual chat & reactions,0.8765,2013-09-10 14:05:02
dz4gq49,cayal3,You'll get money off of it's [smeared](https://frinkiac.com/img/S05E09/659458.jpg),Opinions & public issues,0.0,2018-05-17 10:50:24
dc2kp28,MyNamesJuuddge,"Muthafucka it's Friday. Ain't no accountant know where his briefcase is, they all just want to get home to their wife that hates them and masturbate to some weird hentai at this point..",Local life & places,-0.3425,2017-01-06 10:21:03
d1hjzgc,dashingtomars,"We actually desperately need more hotels. Melbourne us probably the most under supplied market in Australia.

Not too sure about the current supply of office space, but they'd have no trouble leasing this building (high quality design and Collins St address).

I haven't heard anything to suggest that the apartments will be ""shoebox"" sized. The council is generally pretty critical of projects where the apartments are small or lack enough natural light, so their support indicates the apartments are probably good quality.",Opinions & public issues,0.9016,2016-03-29 12:03:57
d520que,PM_ME_YOUR_CHESTHAMS,Pffft downvote me. It's almost Friday and I don't give a fuck!,Jobs & money,0.484,2016-07-06 22:16:53
e420vil,PinkyNoise,"He might be called a young man though. Not exactly the same, but it's not completely bizarre either.",Politics & traffic,0.4153,2018-08-12 12:05:45
ca2vcpq,energy4anarchy,"Dude, will you go away? You're reading way, way too much into a random strangers comments I made. Its da interwebs man... chill out!",Local life & places,0.0,2013-05-21 05:35:01
cm10qdw,LineNoise,"Hear, hear.

Unfortunately it's not a message heeded by a very significant slice of the electorate.",Trains & trams,-0.079,2014-11-13 02:50:06
e6d44fi,Reynbou,Nothing will ever be perfect of course. But I'd also meet up in front of a Police Station next time.,Work hours & uni,0.3291,2018-09-21 05:25:13
dyw35yc,R4Raussie,"I always think of him as Danny in The Big Steal..lol  

Movie is better than the trailer portrays..

https://www.youtube.com/watch?v=ZF4zsEsAVl4",Politics & traffic,0.4404,2018-05-13 02:26:26
5ku14f,throwingupgoats,"I get threatened quote regularly because I work in retail, and everyone's got some sort of snowflake syndrome these days and looses their shut if your not massaging their balls the minute they walk in the door. 

Anyway, it's usually in the form of ""you're a fucken dog, I'm going to... ""

Some reason people think the minute they call you a dog they've some how got you with an aggressive slur, unaware it only works on other Australians. 

To me dogs represent loyalty, man's best friend, generally noble creatures. 

Why is it considered such a slur in Melbourne?",Jobs & money,0.836,2016-12-29 01:31:47
dcplnli,acherion,"Not sure about the engraving bit, but you could try Ekselman on Elizabeth Street near corner of Lt Bourke St",Casual chat & reactions,-0.1232,2017-01-21 11:36:05
cu80dxw,voidcirc,"&gt;If you ever find yourself in this situation, just scream ""AM I BEING DETAINED"" over and over again, and they'll let you go.

[Confirmed](https://www.youtube.com/watch?v=XDxWJERxH0U)",Local life & places,-0.7297,2015-08-19 06:45:00
e0aru54,zfa,"Nah, on-ears go on your ears and squash them down onto your head, over-ear pads sit completely around the ears, enclosing them. As a glasses wearer I find on-ears pretty uncomfortable as they squash the ears flat onto the arms. Actually I'd find them uncomfortable regardless but I'm a picky fucker.

Design aside, those JBLs are pretty sweet.",Politics & traffic,0.1655,2018-06-08 00:05:38
d41w9ai,SirLixir,"At the moment I've got a Dell Latitude E7250, second hand... It works well for work, works well playing movies and other media and it can run most games that aren't too demanding on specs... Like I said earlier I got mine second hand but new they come in the 1.5-2k price range.","Cars, bikes & police",0.7772,2016-06-09 04:09:52
e1amoek,cl3ft,Interesting Concept,Trains & trams,0.4019,2018-06-26 01:10:20
e641d4q,fist4j,Try alma or westgate parks at night.,Casual chat & reactions,0.0,2018-09-17 02:37:32
cyg5v3x,Oceanmyst,"Hahaha I swear it's legit...  no, really... go ahead and try it... ¬_¬",Politics & traffic,0.5267,2015-12-30 15:03:47
csie9tu,The-Doctor-94,"I feel weird, because I see thus building very, very often, and I've never noticed the face.",Politics & traffic,-0.1779,2015-06-25 16:48:01
dxdko1j,haveyoubeenhereb4,"I would disagree. As an entry level, I would Apply for anything and everything you find remotely interesting. Entry level positions are about learning, doing the hard yards, being the 'yes wo(man)'. Regardless of which sub field you decide to go into or are aiming for, every position you gain will teach you relevant skills. The last thing you need is additional pressure to have to ""decide"" what field. This will happen organically.",Opinions & public issues,0.5574,2018-04-14 23:40:00
dwsxueu,Filthy_Ramhole,"Frankston

Decent beaches, decent public transport, big shopping centre and things to do/restaurants, reasonable traffic, reasonable prices, close to the peninsula for getaways.

/thread",Casual chat & reactions,0.0,2018-04-04 17:18:32
ck63fq2,Kasuist,"Wow. 10 years ago, same age, working at McDonald's for 8.50 an hour.",Jobs & money,0.5859,2014-09-01 07:24:37
e1b9q1v,Generic_Esoteric,No doubt sour kraut.,Work hours & uni,0.2755,2018-06-26 11:02:52
d522h36,makesyoumoist,"https://twitter.com/bazmanFTW/status/750667646295695360

I did post it here before but you asked. I don't mind doxxing my twitter or youtube accounts because I'm more involved in reddit than those places. My youtube thing is frink1984, it is nothing but drum solos.",Jobs & money,0.0,2016-07-06 22:57:47
cqyvdhp,dewso,"It was just so surreal, he was dressed in sorta nice clothes and was probably around late 30's. Clean shaven and looked like a very respectable guy. Was probably off his face on coke or something after a business meeting haha.",Local life & places,0.9169,2015-05-05 07:04:48
cpuq85q,mtfreestyler,"I got some shots of Eta C at Snake Valley the other week but you may have outdone me

[Link](https://www.flickr.com/photos/40735568@N06/16888572826/)

I like to think I did alright for a beginner with just a NEQ6 and 8"" Newt :)",Local life & places,0.8674,2015-03-29 19:32:03
dab4cu2,knick007,"The fake emergency call is one thing and it's pretty minor to be honest....Pay a fine for wasting emergency services time, no record and move on.

Telling a passenger jet to abort landing or causing it to abort its landing, that isn't on. You are messing with hundreds of other people's lives. There easily could have been a mid air collision. Sorry but he should go to jail for that. 

By the way it doesn't say anywhere that he is autistic. I don't think that's true.",Work hours & uni,-0.7781,2016-11-22 16:29:47
cmkjalf,chuck_cunningham,Port of Hastings Authority.,Casual chat & reactions,0.0772,2014-12-04 01:55:34
cifwdlu,hillbillypolenta,"Yeah but I like how goofy it looks when someone does it in Melbourne because you might get only a 15 metre stretch where it's possible to kayak, and it's not even worth it but some clever idiot has to try it anyway. http://images.theage.com.au/2010/03/06/1199750/wbSTORMpaddle-200x0.jpg",Politics & traffic,0.3402,2014-06-24 17:24:49
d6ceuar,bren_gunner,Funny how i commented last night and we have had complaints about drivers for decades. My comment cannot be a reason for this issue.,Work hours & uni,0.0516,2016-08-10 21:53:53
cn7p1dg,Power_Engineer,"Not sure. We pay $130 for 200gb, 100mbit, and and unlimited fixed phone line.

I know you can do cheaper elsewhere with ADSL.",Opinions & public issues,-0.1695,2014-12-28 21:48:39
cyg2jg3,Leadback,Cover charge attracts plenty of idiots who think money = class or quality.,Trains & trams,0.4019,2015-12-30 12:37:23
dewl3mf,djdefekt,"Hmm the 2016 state budget included funding for the highest spend on infrastructure in regional Victoria on record, with project funding for rail, roads and new schools.

Perhaps you could provide some data or a reference to back up your claim?",Opinions & public issues,0.0,2017-03-14 06:03:51
dz3o4xf,Huvvertanks,"It was OK.  I didn't really like any of the characters so wasn't overly concerned when they were all getting killed at the end. 

I am hoping for a film with more in-depth characters so I can get more involved in the story! 

What did you think of Rogue One?",Trains & trams,-0.6507,2018-05-16 23:16:30
d49w7v1,bionicbuns,"&gt; dietitian 

Make sure you got an accredited one (http://daa.asn.au/for-the-public/find-an-apd/).

Definitely do not go to anyone who calls themselves a Nutritionist because that's a title that does not require any study whatsoever and anyone can use that title.",Jobs & money,0.6124,2016-06-15 07:00:11
e2tbrso,EvolvingMeme,"Only on the Dark Web, and with MyHealthRecord.","Cars, bikes & police",0.0,2018-07-22 03:15:48
c30sam7,klystron,"I had to drive home to Fitzroy from Boronia. The thunderstorm started 30 seconds before I exited my workplace door. Got soaked walking to my car and dried out through the long slow drive home.

I was astonished. A mass outbreak of common sense occurred. Everybody drove at a reasonable speed with their lights on all the way home along Eastlink and the Eastern Freeway",Casual chat & reactions,0.4215,2011-11-18 09:42:31
dt9kj3k,FreakySpook,That probably explains why so many bouncers were also dealers. So easy to get a legitimate job at the clubs you could move your stuff.,"Cars, bikes & police",0.5777,2018-01-26 10:00:41
dj6jw4u,Siriacus,"Ever notice when ticket inspectors get on board, your heart rate jumps up even if you've paid your fare?

I wouldn't be surprised if this bloke had a mini heart attack.",Work hours & uni,0.6842,2017-06-21 01:50:43
c58nk5n,SharksCantSwim,Hanging Rock is a good day out. Don't forget to have a picnic while you're there.,"Cars, bikes & police",0.5523,2012-07-03 00:09:23
c78kw4r,Mr_Fahrenhe1t,"Yeah, I keep it on my spare desk next to my spare car and safe filled with spare money.","Cars, bikes & police",0.6249,2012-11-29 14:48:49
cv8o5r2,autotom,"Yeah that doesn't add up!

You could buy stuff and try to return it for cash.. wouldn't be easy though / lot of effort for small $",Jobs & money,-0.1275,2015-09-21 03:26:44
cngxrzk,HORSECUNT,Then you get the next lot of thieves to clean that up.,Trains & trams,-0.1531,2015-01-07 04:02:21
crauaku,jrozek,I'll leave the designing to Labor's PR team,Local life & places,-0.0516,2015-05-16 07:00:36
daxb4d0,tobtoh,"Hmmm ... wasn't Victoria in a major financial crisis around the time CityLink? IIRC (I lived interstate at the time), that's partly what drove Kennetts huge cost cutting/privatisation drive to pay down Victoria's debt, and Transurban building CityLink was seen as the best option to build needed infrastructure and provide jobs without costing the Victoria upfront.

Edit: Just brushed up on my history ... the 1990s was when Australia had the worst recession since the Great Depression. The Pyramid Building Society collapsed as did the State Bank of Victoria! It was a severe financial crisis and economic/job security fears is what swept Kennett into power.",Opinions & public issues,-0.9499,2016-12-08 02:26:56
d0czoqw,pressbutton,"That sucks man! 

Having said that, being out of your depth is a great opportunity to learn. I've often been in your situation, things seems so mind bogglingly complex and unsolveable. Break your problems down into simpler ones and you'll get there. Definitely talk to boss man of course. Can /u/Soan help? Any other QAs here on the reddits?",Work hours & uni,0.8295,2016-02-25 06:16:35
d0g9g0d,Ballacon,Using the bodies of failed immigrants!,Work hours & uni,-0.5562,2016-02-27 23:01:22
cv6q1yc,zozozozozoz,It's peanut butter. We'll pay what we must.,"Cars, bikes & police",-0.1027,2015-09-19 06:39:58
cz07c00,MelbMockOrange,Another one.  Running into the same mobile beggar multiple times within a short time frame.  Just no.  Not in the mood for it today.,Jobs & money,0.0,2016-01-16 07:23:01
df8x7yd,CakeFaceKoala,How does he look like a dick head?,Politics & traffic,-0.2023,2017-03-22 03:34:34
e4wl8f7,antaresiac,Which is exactly ehat you should be doing. Modern antihistamines are most effective as a preventative rather than for treating acute symptoms.,Trains & trams,0.5256,2018-08-27 07:12:56
dtk71bm,SepDot,"Your point is not the one I was arguing:

&gt; The idea that it would slice &amp; dice motorcyclists is largely a myth. They have been tested (and there have been incidents) and this is certainly not the case.

This most certainly DID slice and dice.",Work hours & uni,0.2716,2018-02-01 06:19:18
cwzss5h,sausagesizzle,"Revolver if you want to dance and get dodgy.

The Quiet Man if you want to listen to Irish ex-pats whinge over a few pints.",Politics & traffic,-0.0772,2015-11-14 09:04:13
c4donct,dev86,"All good things to hear. :) We work pretty closely with our Kiwi partners to deliver in NZ. I hope you enjoy Melbourne as much as we all do at PaperCut. :)

Be sure to apply soon; it won't be horribly long before we'll need to start considering scheduling first round interviews given the interest we're getting.  Submitting an application via our website should only take 15-20 minutes tops.",Work hours & uni,0.981,2012-04-18 11:48:00
chzngz6,raybal5,"&gt; across the world????

* UK have black cabs
* Thailand taxi are in various colour including single-colour, bi-colour and single-colour with strip. The single-colour are a company taxi, personal taxi in cooperation or alliance and rental company taxi. These colour including bright green, bright sky blue, red, orange, yellow, blue, pink, purple, violet and tan. The bi-colour are in 3 kinds including yellow+green, red+blue and yellow+orange. The yellow+green are the personal private taxi. The red+blue are the rental taxi. The yellow+orange are the company taxi.
* Malaysia has all sorts of colours
* Egypt navy blue and white  or yellow and black
* Turkey has different colours and usually old USA vehicles
* Germany has no colour requirements.
* Hong Kong Red taxi serves throughout Hong Kong Island and Kowloon. Green taxis serve the New Territories and Blue taxis serve Lantau Island.
* Indonesia most taxicabs are blue, some also painted in any color depending on the operators
* Japan various colors
I could go on but I won't",Politics & traffic,0.504,2014-06-05 07:22:25
d2pbozr,KamikazeSexPilot,"cool. Well I called telstra again to ask about FTTB, and the guy reckons there's not even an estimate on his end so he says when that happens its generally a year or more before it will happen.

So I'm definitely even more intrigued with what these guys are selling in my lobby.",Politics & traffic,0.7564,2016-05-02 05:16:12
3fk0ex,daisyq89,Seems expensive to make a lane and every open it.,"Cars, bikes & police",0.0,2015-08-02 22:52:56
d3ir5d6,an_ill_mallard,"Ha that happened with me once, except I didn't leave a note and I'd shit on the seat.",Work hours & uni,-0.2621,2016-05-25 05:38:41
cthfuhk,zozozozozoz,"Yes I am aware but sometimes it's just handy to have something in your drawer to eat when you've forgotten to bring lunch and don't want to spend money. Usually I bring in leftovers, however there was nothing in the fridge this morning. SHEESH.",Politics & traffic,-0.2103,2015-07-27 04:36:52
e7tae4o,ssvee,"Can you not see the lightning? I'm in Richmond and fuck it's loud, just woke me up.",Casual chat & reactions,-0.5423,2018-10-15 15:56:55
cq0m8pt,Unrelated_Trivia,Why not just get any one of the dozens of actual houses that people are giving away?,Opinions & public issues,0.34,2015-04-04 02:35:28
dqno42w,coldSocks,"I mean it's not so much practice but just common sense. You don't need practice to just drive slower, watch your mirrors and not tailgate other cars.",Work hours & uni,0.0,2017-12-02 14:38:40
e41t7bt,Awaythrewn,"Good strategy really. The release of the photo means they are going for public support to solve. If that's my relative or friend fuck being PC with terms, say the thing to catch the baddie.",Work hours & uni,0.7269,2018-08-12 07:35:32
cgqf8q3,eekstreet,"Wow you're amazing, thank you! I have a friend I can probably use in Richmond if it comes to it, but otherwise will certainly msg you. Many thanks! People like you make the internet great!",Politics & traffic,0.9718,2014-04-12 06:01:38
dfarwnj,NoveltyCards,Hey we already have stuff in common. How about we sink bevs together and talk shit about everyone that isn't antisocial,Trains & trams,-0.5574,2017-03-23 08:15:51
5ginhg,bullshidomojito,"Or has population increasesed wildly?

The trains seem to be rather full even if its 11am or 2pm, and shopping centres have carparks full and people walking around. This was before the school holidays aswell.","Cars, bikes & police",0.3818,2016-12-05 00:02:11
e317o24,divaddivad,"Nails were found on the same Moonee Ponds path last week, so still some low-life out there.

Good outcome regardless, kudos to police for investigating and not ignoring it.",Work hours & uni,0.8155,2018-07-25 21:54:33
d438j76,acinod,"I haven't seen my high school friend for 6 years so this would be a good way to catch up!

Would make both our days if you picked us :D","Cars, bikes & police",0.8866,2016-06-10 03:47:45
e31jlvk,Fullonski,That would be something if this guy turns out to be the 'Boulie Tacker' as well.,Work hours & uni,0.2732,2018-07-26 01:03:12
dsram33,sanginnn,No they are not better than Nikos and they regularly make stuff shit,Jobs & money,-0.8023,2018-01-16 10:01:11
d0rx1vv,mrgtjke,"You could try a post office. I don't think all of them do it, but you could google it. From memory they don't charge commission, making it slightly cheaper for you (unless they have changed it since I last did it that way)",Jobs & money,0.0,2016-03-08 10:51:06
dzdfofr,3amsnacktime,They charged ongoing fees to an investment account of several financial planning client even though CBA knew they were dead because they were handling other parts of the estate (probably a life insurance claim).,Opinions & public issues,-0.7269,2018-05-22 05:17:20
dabkh6v,ttquola,"In addition to the other explanations, there's also the cost factor to aviation. New encrypted radios for *every* airframe, retrofitting, compliance, possible training, it all adds up. Getting ADS-B mandated is hard enough.",Jobs & money,-0.1027,2016-11-22 21:48:06
d2ue1gx,bigdaddy3057,"As you know it's a very tough cut of meat hence the need to cook it for a long and slow time.
If you can control the temperature around 110c the better off you'll be.
Are you using a rub? S and P?",Work hours & uni,-0.1609,2016-05-05 22:07:09
db981qr,analjunkie,they had one today about how the rebels were all heroes against the reigime (not including the rebels colapsed in 2014 and are now mainly al nursa knockoffs) al nursa are a terror group,Trains & trams,-0.0793,2016-12-16 03:29:43
dk7fxlh,LeslieHughesLDP,"The government own the trains, the train tracks, the signals, everything.

All that is ""privatised"" is the day-to-day operations.

This is simply a cup and shell game, meant to trick the public into blaming the private operator rather than the government for the shortcomings.

It was never meant to save money, that's a myth.",Opinions & public issues,-0.7208,2017-07-14 10:07:31
c4rrlq8,twistworld,he's probably a terrorist,Work hours & uni,-0.6908,2012-05-24 09:28:15
e7zevzk,little_beanpole,"Harry, Meghan, William and Kate all seem like nice people. I respect what they do for charity, particularly Harry with the Invictus Games. Don’t give enough of a shit to watch their weddings or go and stand around waiting for them to arrive somewhere though.",Local life & places,0.765,2018-10-18 05:29:56
de9dc3x,recta1anarchy,Good luck on your SAC!,"Cars, bikes & police",0.7345,2017-02-27 02:29:40
d5aalom,DontMentionWombats,You're obviously a fascist and kick kittens.  Die.,Trains & trams,-0.8176,2016-07-13 06:44:08
cq0xzt0,faithlessdisciple,"If it wasn't kitted out to be a drug lab, I'd grab it for a great games room ( as in dnd etc) and room for my daughter to practice drums.",Local life & places,0.6249,2015-04-04 14:06:23
cujkssf,urban_kid,yeah i'm curious too!,Politics & traffic,0.5848,2015-08-29 08:50:39
cu5tfto,f8trix,"&gt; I shouldn't have been f'n with it in the first place 

messing with an elders lockbox?",Trains & trams,0.0,2015-08-17 12:56:56
djjomkz,wongm,"Rollout of PSOs was driven by a promise by then-Opposition Leader Ted Baillieu in the leadup to the 2010 state election. He said ""two PSOs on each station between 6pm and last train"" and after his party took government, he got the police to do just that. Cost or effectiveness had nothing to do with in.",Local life & places,0.6124,2017-06-29 05:57:14
duwcxj2,denny31415926,"Apparently, not for grad/postgrad students","Cars, bikes & police",0.0,2018-02-27 09:27:30
cq2uthv,Grantliveshere,"Get your girlfriend to see a solicitor. The amount of money in question warrants actually getting proper legal advice. If she cannot afford one, get her to go to a community legal center, though, hiring your own solicitor is better.

You'll want to bring all of the documents that you can if you do decide to go, such as:

* A copy of the invoice
* A copy of the lease
* A copy of the body corporate rules, if applicable
* A copy of any correspondence sent to your girlfriend about this",Jobs & money,0.6369,2015-04-06 12:00:46
ctbnstx,thesuperevilclown,"so, from that, i'm guessing you don't have any more bullshit claims to make? or stupid assumptions about train travel speeds?",Work hours & uni,-0.834,2015-07-22 02:22:29
d52i29t,MermaidMouse,Finishing work in an hour.. Waiting to go home and play WoW,Local life & places,0.7351,2016-07-07 06:08:37
dbd44cc,clomjompsonjim,"It's one thing to not tip, but being AGAINST tipping is just bizarre and slightly cruel",Jobs & money,-0.8276,2016-12-19 01:30:53
dc53l42,420alldayson,"Oh Christ. The original article clearly isn't working, so there's the alternative.",Work hours & uni,0.6124,2017-01-08 02:19:18
djy1j25,neccessarygirl,"I just looked it up and this looks really cool, thank you so much!",Politics & traffic,0.6872,2017-07-08 13:24:01
cuknkid,Hussard,Did you leave your sense of humour at home today?,Work hours & uni,0.4404,2015-08-30 11:31:04
d49iwwi,atregent,"I know. 

I had planned for it in the overall cost of the car though.",Casual chat & reactions,0.0,2016-06-15 00:06:54
dek2e9y,hoptis,More teeth than some of the people that hang out at Southern Cross all day :),Casual chat & reactions,0.4588,2017-03-06 01:30:13
cym3shx,zozozozozoz,Not really sure I trust your opinion on such matters.,Work hours & uni,0.358,2016-01-04 23:22:32
do27e8v,lemondrop__,"No 😫 I think she's under the house though. I put some food out and some of it was gone later in the day. She won't come out for me though, she's too much of a chicken, so I think I'll have to wait for my grandma to come back on Tuesday and hope the idiot creature stays under the house 😰😰",Local life & places,-0.2486,2017-10-08 02:28:51
d8wwg2n,everdeen-malfoy,"Because I have found majority ask for photos, send unwarranted nudes of themselves or only want to talk about sex. Sex is great, don't get me wrong but it's hard to get to know anyone when they're only thinking with their dick and not able or willing to have a decent conversation.",Work hours & uni,-0.3763,2016-10-18 06:24:35
d9evjnx,Firebadtreepretti,The best cycling approach to the city is along Gardiners creek trail. This follows the Monash freeway and Glen Waverley train lines. Toorak or Kooyong would give you a good distance to ride plus easy access to the train.,Casual chat & reactions,0.8807,2016-10-31 03:09:16
d49yfgz,mac-87,"Eeeewwwww. 

But no, turned out they were stolen from a sex shop anyway, haha.",Local life & places,-0.0772,2016-06-15 08:59:25
cbzyk7q,Blargh_Blargh,I will let you know after I get someone.  I just kinda wanna keep it on the downlow for a bit.,Jobs & money,0.0,2013-09-02 02:10:52
e2xq370,lycheeandaloe,Sounds like a line by George Carlin,Casual chat & reactions,0.3612,2018-07-24 09:55:53
ct50hdf,Shes_the_Cheese,"Do we make it super serious like a sniff, swirl, sip and nibble, but on goon and shitty block cheese?",Politics & traffic,-0.7717,2015-07-16 04:21:43
cpfvxsu,Zombink,Today I have to be an adult. Going for a driving lesson because at 21 I've decided I probably need my license. And then off to see a finance broker and possibly putting a holding deposit on a house. Scary stuff.,Local life & places,-0.4939,2015-03-15 20:40:50
dmo4hf7,ftjlster,There's a food truck outside the Arts Center (usually) that does acai bowls.,"Cars, bikes & police",0.0,2017-09-07 03:29:23
e36gq89,chicken_dinnner,"Tried both, no luck. Before you accuse me of being too shy, I asked for help",Trains & trams,-0.3777,2018-07-28 10:01:18
cthibpg,Shes_the_Cheese,"It does, thanks for sharing.",Jobs & money,0.6908,2015-07-27 06:22:46
dezwpcp,CyberBlaed,"havent seen the show but looks funny,

i googled it and came up with this, dunno where it fits in the story.

https://youtube.com/watch?v=n1TMpXhwcQw",Politics & traffic,0.5927,2017-03-16 07:28:50
dpb7bet,EvolvingMeme,"Looks like the Hun staff doesn't Reddit anymore, poor chicks are probably already decomposed.",Work hours & uni,0.6192,2017-11-03 22:21:29
ciie7gj,post_rock0,"Oh right, I thought you meant those clove ciggies. I've no doubt there are some places that sell contraband in the same way as forged DVDs and other knock-off stuff is.",Trains & trams,0.2755,2014-06-27 10:48:00
dewjxbs,cjak,"Fun fact...it takes 1 megajoule (MJ) of energy to raise one million ""average-sized"" apples to a height of one metre.  If this is achieved in one second, then 1 megawatt (MW) of power is required.  One megawatt-hour (MWh) is the total energy required to lift these apples once-per-second repeatedly for one hour.

How do you like them apples?",Opinions & public issues,0.8516,2017-03-14 05:22:45
d057wx7,pressbutton,Terrible design. Make that shit obvious yo,Politics & traffic,-0.7717,2016-02-19 00:06:47
e02d2rk,saxMachine,“I don’t feel so good” - building,"Cars, bikes & police",0.0,2018-06-03 23:50:42
cgl95f6,_silica_,"Thanks a bunch, will keep them in mind",Jobs & money,0.4404,2014-04-06 05:24:48
dbk5hrd,7daystothewolves,"Haha no probs, Merry Christmas.",Local life & places,-0.2617,2016-12-23 21:33:51
ciod7u2,globaltourist,"Those shoes are hideous, have you considered your bike ran away?","Cars, bikes & police",0.0,2014-07-04 13:00:48
dmj1ab3,CoolNiceMike,"&gt; will mean it is either a brother,

more reasons to never trust your siblings",Work hours & uni,-0.4023,2017-09-04 00:21:52
cy4sr6v,pongomostest,"No, to many dead bodies in the ones at the town hall. It is on the corner and near the front of the Town Hall where the have the mobile needle exchange. I would think one of the fast food joints might be the go but they are a bit dodgy too.",Casual chat & reactions,-0.6124,2015-12-19 20:52:57
dvtrooy,thisisrumourcontrol,Doesn't this make all the votes cast there invalid?,Trains & trams,0.0,2018-03-17 01:07:18
c59awxx,Hussard,"Yes, work had Maccas for lunch. I had 5 pieces of chicken nuggets.",Politics & traffic,0.4019,2012-07-04 12:38:53
e1zms0h,jagarciag,None. Architecture is crap in Melbourne.,Opinions & public issues,0.2924,2018-07-08 05:01:29
cmhpgt2,Khalexus,DHS or DOJ. These are what I plan to get into from my degree. I've got a particular interest in policy development.,Opinions & public issues,0.4588,2014-12-01 06:31:33
e7drg7o,Nick_Tanner,Bet it’s single origin from Brazil too,Casual chat & reactions,0.0,2018-10-08 08:18:08
cxe9pkc,hostilepenguin,Your version of God sounds nasty and scared,Politics & traffic,-0.6597,2015-11-27 01:25:39
cdtucfi,chanwa,"Vern Ryan's Pet Resort is meant to be good. My dog did puppy school &amp; obedience training with him &amp; his son, they were both excellent &amp; know a lot about dogs, so I would trust sending animals there. They are in Ballan though.",Jobs & money,0.8797,2013-12-05 02:03:29
cdsruur,thingamabobby,"Well in the ambulance field, we have code 1, signal 1 or priority 0. All those warranty lights and sirens. You *can* just use your lights, but I've never heard using your sirens without lights. 

Without these in place, we can be fined just like you if we run red lights etc. The codes are registered with our dispatch and Vicroads can access them when assessing speeding and traffic violations.

I know this because I have been pinged and fined while driving an ambulance. Police should be no exception, though I know they have different code systems than us.",Work hours & uni,-0.5574,2013-12-03 20:55:18
d0m0tiw,DrBalance,"I was with them and due to their error (sending the bill to a different email to what I gave them - since when has gmail offered .com.au emails you fucking idiots) I was late paying, and thus permanently ineligible for their 'on time' discount.  Then later they cut my power off days before I'd told them I was moving out.

They're probably all the same though.

Just go with whoever is cheaper, they'll all be a similar price and you can easily change. No point showing any loyalty to any of the pack of cunts.",Work hours & uni,-0.6124,2016-03-03 14:34:53
dn5n12u,boringsuburbanite,"&gt; do the right thing

The right thing is not huge fines for an inconsequential crime. For that to hold, the offense would need to not be such a total joke. 

Anyway, my eyes have rolled so far back I'm now blind. Thanks.",Work hours & uni,-0.5816,2017-09-18 04:22:08
d7oqazt,SheepShaggerNZ,I live in Oakleigh and can tell you you'd be hard pressed to find anything like that with your budget.,"Cars, bikes & police",0.2732,2016-09-16 02:31:27
dnfknl9,rauland,if buying in Geelong look out for a house with neighbourhood/iinet cable and you can enjoy [these speeds.](http://beta.speedtest.net/result/6635805638.png),Politics & traffic,0.4939,2017-09-24 08:48:56
daaphav,fortalyst,Ah yes thank you for the correction.,Politics & traffic,0.6369,2016-11-22 07:07:07
dyse4i1,PM_ME_YOUR_NACHOS,"Oh, is that the bridge on Napier St?",Casual chat & reactions,0.0,2018-05-11 01:43:56
duvbvn5,flora_poste_haste,"Wait until summer hits: London is a whole different city. Everyone comes out of hibernation, and it's great fun.

Also, check out Gordon's wine bar.",Local life & places,0.8126,2018-02-26 20:40:35
dopt99u,mattel-inc,Do you live around the heavy delivery area? Or do you ride a train in?,Casual chat & reactions,0.0,2017-10-22 10:16:45
dd804tv,im_buhwheat,"I think it is actually quite a cool thing they are doing. Instead of going after the musical (like scientology would for example) they embraced it and all its pisstaking. They can see it is all in good fun,  and the creators (Trey Parker and Matt Stone) have done their homework and it is not a direct hit piece, just satire.

Source(s):
https://www.google.com.au/webhp?sourceid=chrome-instant&amp;ion=1&amp;espv=2&amp;ie=UTF-8#q=mormons+love+the+book+of+mormon",Work hours & uni,0.8828,2017-02-02 04:07:10
ds17lau,Clovergendered,"Africa is tipped to hit a population of 3 BILLION by 2050, a large majority of which will be trying to get the fuck out of that coming hellhole. How many of them are you going to put up in your house?",Opinions & public issues,-0.5423,2018-01-01 11:02:10
csqf84d,Rod750,"How about........ MSY?  In Queensberry street, Carlton!

Also CPL (as per u/silentligtning).","Cars, bikes & police",0.0,2015-07-02 23:13:53
dnkp8p9,SiameseQuark,"Plenty around the poop farm, nice and romantic.","Cars, bikes & police",0.6705,2017-09-27 11:47:31
dkzwm8q,OldBertieDastard,How much to follow me around giving me nice comments like this?,Jobs & money,0.7717,2017-08-01 03:19:21
dsac7zj,mooningyou,WTF! The jack is lying on the road.,Work hours & uni,-0.8491,2018-01-06 19:52:44
dekcnvv,Yoko_Bono,Whose threatening who? White crime is far more prevalent in the west than minority crime.,Trains & trams,-0.886,2017-03-06 05:52:40
9an317,rhyleyrey,"Because all the Metro workers were busy chatting about their weekends!
There were about 4 of them and all of them watch this poor man try and find his way out.

So I brought him over to the fence and tried to get their attention politely (excuse me) and they ignored me. One physically turned his back to me. They were busy talking about Tony with his stupid glasses and the stupid shit he does on the weekend.

If this was anywhere else, their asses would have been in trouble but they continued until I had enough (bless the blind man and his patient heart) and got loud and pushed my way in front of them.

I asked them to open the gate and they grumbled and did... then walked off and told the dude to hurry. HE CAN'T SEE and bumped into the fence until I grabbed him.
So I walked him out arms linked and he was very grateful for it.

I am so mad about those Metro guys. The man was bumping into everything and was getting frustrated. They saw him and did nothing.
What happened to customer service?",Work hours & uni,-0.8604,2018-08-27 07:59:50
dqscefr,That1WithTheFace,Is pinterest impossible to use productively or am I just stupid?,Work hours & uni,-0.5267,2017-12-05 04:44:51
d7m6txr,SparkyRobinson,Head up my friend. All you can do is put the other 5 days to good use and try to find somewhere else that'll hire you :),"Cars, bikes & police",0.8442,2016-09-14 09:20:52
cqbmjn6,TimN90,"Yeh not sure if Northcote will lose the more laid back vibe that you don't get in the inner east.  
  
Gentrification hasn't jumped the shark until the food prices start doubling for exactly the same shit you used eat but on bigger plates.  Northcote isn't there yet I don't think.",Casual chat & reactions,-0.5619,2015-04-14 03:37:41
ds9ct9q,Mortar_Art,Address my points. Stay on topic.,Jobs & money,0.0,2018-01-06 03:08:29
dmeljtg,myne,"As I said below. 

That's classic Stockholm syndrome.

Don't fear the death of your captor.",Trains & trams,0.6979,2017-09-01 01:19:51
cvdmwm6,flobbycobb,"you admit that you were wrong... and then just repeat yourself.

it's not a zero-sum game mate. these jobs should all be guaranteed and paid well.",Jobs & money,-0.0516,2015-09-25 11:42:47
cgd63oi,Endless_Candy,The gumboots and blue hard yakka pants often wore by plumbers would also point to this.,Politics & traffic,-0.1027,2014-03-27 11:40:48
dgxdrb0,Lamont-Cranston,"Hospitality industry has a lot of people with more dollars than sense, easy to be heavily leveraged or have too much income and try to go and open a restaurant or bar thinking you'll be a superflash restauranteur (and then underpay the staff/expect them to work longer than they're paid naturally)

And that area is notorious for those flash in a pans, anyone remember mana bar - too expensive for videogame players, too grubby for people with money to burn","Cars, bikes & police",0.0,2017-04-29 23:43:12
dvwtnaz,amiadog483,"Thanks for the recommendation mate. Living at home right now, my budget app is telling me that I'm saving quite a bit in my emergency fund so hopefully it can still increase once moving out.",Opinions & public issues,0.6801,2018-03-18 22:05:15
diqty5r,45884op04,"Well these days people seem to be buried in their devices, so i would say a 50 minute train trip these days would be nothing and all that time be spent looking at something on your phone. 

Its not like the old days where it was read a book, newspaper or stare out the window contemplating life.",Jobs & money,-0.0026,2017-06-11 05:18:58
ctl4hjf,Aileerose,"Shocked and sad but mostly concerned for my friends, it's pretty tough for them. One lives in the UK I wish I could give her a hug.
She was well known and loved.",Local life & places,0.9709,2015-07-30 03:02:22
cvtdwsj,cayal3,"Oh FFS, a solution has been found and you won't believe what it is

/buzzfeed",Work hours & uni,-0.4995,2015-10-09 04:38:20
dtqwnjz,Skeeball_Fanatic,I think somebody thought you were being serious.,Jobs & money,-0.0772,2018-02-05 01:23:16
ck58zbk,OboesBleat,"There's a botanical gardens at sovereign hill?

And yup, bowling was also so fun! I miss those times :(",Casual chat & reactions,0.1949,2014-08-31 06:05:08
18th7f,binarysmurf,"To keep things concise, I'm looking at moving to Melbourne from Perth at the end of the year to reboot my life. I will have some current IT skills (and a long IT related CV), an iPhone, a bag of clothes and about $5K of savings. I will be 45.

Can my fellow redditors suggest things like cheap accommodation options, and cool places to live, so I can stretch my money as far as possible until I get work? I love food, and music and I've already 'done' Sydney and Canberra - hence Melbourne. I really need a fresh start. Perth is not for me.

Really hoping to get some input from some Melbournites. :)

Basically, if you were landing in a strange city with not much money, what knowledge would you like to have under your belt? :)

I probably won't check this post until tomorrow night WA time. I'll answer any questions that anyone has when next I'm on.",Opinions & public issues,0.9671,2013-02-19 14:29:06
du65aku,ballmanbalmain,"A government agency isn't going to do that? I don't mean to be callous but of course they do. Surely you've seen all the reports across the world, including the big NSA ones in the US and things like that.",Work hours & uni,0.7964,2018-02-13 07:14:52
cn9uqbu,Adzmodean,"Carry a needle and thread. When the fly lands on you, slap a position roughly 5 to 10cm in front of it. It'll take off at a 45 degree angle and get swatted.

Use the needle and thread to make a necklace from its corpse as a warning to other flies.",Jobs & money,-0.6705,2014-12-31 00:33:31
cvtfb8s,atregent,That's fucking hilarious!,Politics & traffic,0.5081,2015-10-09 05:39:58
dewgmbc,DustinFletcher,"At least they are consistent with it. 

All units on the Department of Land, Water and Planning energy storage page are in MW, not MWh. 

http://www.delwp.vic.gov.au/energy/energy-storage",Opinions & public issues,0.2732,2017-03-14 03:50:16
cvz8x6k,99trunkpops,"Car Next Door is great if you live in the inner suburbs, it allows you to rent private cars from people in the neighbourhood. You use an app to book and you access the car key via a lockbox attached to the car itself. I think prices start at around $5/hr and $0.33/km, petrol is included and you can pay a little extra to reduce the excess to $500. I don't work for them btw, I'm just a customer of theirs.",Casual chat & reactions,0.5719,2015-10-14 10:18:14
dt47jnl,dippet,I’ll post a video tomorrow.,Jobs & money,0.0,2018-01-23 15:27:56
d6br77r,spacelama,"Upvoting you for ""timorous hamplanet"".

But I've also used my horn for drivers approaching an intersection with no apparent desire to slow down.  They by definition though, are not intending to blow through the intersection at walking pace.  One assumes you're walking when they honk at you?",Work hours & uni,-0.7259,2016-08-10 13:23:59
cvd3qrs,timetotom,"Trying to put some predictability in an incredibly unpredictable situation doesn't sound like it requires a pay rise - possibly a reassessment of procedures and/or staffing?

Just my 2 cents, anyway. Best luck.",Work hours & uni,0.6898,2015-09-24 22:28:39
ct4uceo,pressbutton,"Good comment from that same thread on the issue of ""SJW""

https://www.reddit.com/r/announcements/comments/3dautm/content_policy_update_ama_thursday_july_16th_1pm/ct3wf08?context=1

Anyway, sorry, didn't meant to drag /r/all drama in here so much. 

deaddove.jpg",Jobs & money,0.505,2015-07-16 01:10:55
d0cu9hm,cameronm,Might be worth calling and being honest about what happened. See if there's anything they *can* do even though they don't have to.,Jobs & money,0.6369,2016-02-25 03:20:09
ck6ly4u,neko_loliighoul,Minimum wage laws are in place for a reason.,Jobs & money,0.0,2014-09-01 23:20:03
dkztw9r,acurrantafair,"This is fantastic, smoking is a HUGE drain on the economy in terms of lost manpower and wasted $. Plus it makes pubs smell like shit.",Politics & traffic,0.0085,2017-08-01 02:16:46
dh0rutc,dfbowen,Parliament is sitting today. http://www.parliament.vic.gov.au/about/daily-calendar/day?date=2017-05-02,Local life & places,0.0,2017-05-02 07:14:37
d0gfwxh,Leadback,Deportations? Wouldn't it be better to... build the wall?,Opinions & public issues,-0.4149,2016-02-28 02:09:54
d49ll2q,Wizard_of_Ozzy,Yeah it's absolutely crazy.,Politics & traffic,-0.1263,2016-06-15 01:18:00
ctbnuo6,crakening,And it's not really that much of a downgrade - they're getting a big boost that in some ways makes up for that. Let alone that fact that it is probably the best served line on the network now anyway.,Work hours & uni,0.7096,2015-07-22 02:23:57
cqqald9,celerym,"It is a work of genius. If they truly break away the government will have to build infrastructure to even get there.

To be serious. I think some blame lies on the semi-retarded local councils that side of town.",Opinions & public issues,-0.3818,2015-04-27 15:18:39
cg0k46m,Brunswick3056,"Green's Refractory on Sydney Road, Brunswick. Lovely coffee, amazing cakes.",Casual chat & reactions,0.8225,2014-03-12 07:56:56
cauwg90,Jbirdhj,Jewellery manufacturing - Business is slow but this always happens on a election year.,Opinions & public issues,0.0,2013-07-03 01:51:34
d369f70,MelbourneCheapskate,"My mate runs this site that has a whole bunch that are awesome. Here's his list of the best.

&gt; [Burgers of Melbourne](http://www.burgersofmelbourne.com.au/ultimate-burger-list/)

And if you want some of the best burgers for the best price then check my list out here. It's amazing what you can get for under $15.

&gt; [The Melbourne Cheapskate](http://www.themelbournecheapskate.com.au/top-list/best-burger-specials-melbourne/)","Cars, bikes & police",0.9712,2016-05-15 13:00:46
dsqdcwe,That1WithTheFace,"I'm hoping to buy in the next day or so, just waiting for the funds to clear into the trading site. Frustratingly slow :(",Opinions & public issues,-0.128,2018-01-15 21:30:35
d7ip4ww,knick007,"Relax. You'll be fine!! Go take a walk around the block to relax you and maybe grab a coffee. 

In the test drive just like you have been doing for last however many months. Remember indicate, headcheck, check mirrors constantly etc. 

DON'T speed! 

Where are you doing your test?",Work hours & uni,0.795,2016-09-11 21:17:08
e1cwsu3,Jacob_Mango,It's been happening for about a fortnight now. Last Monday friends were attacked by similar people outside Melbourne Central. They asked for $2 and were some what rich looking (apparently).,Local life & places,0.5719,2018-06-27 02:57:30
dxngnbk,frawks24,"I was referring more to the earlier dispute a few years ago where people were making stuff up about how the EBA would force the CFA to watch your house burn down until career firefighters arrived. Specifically the CFA EBA.

The more recent over the last few months I've reserved judgement on because it's not publicly available yet. Not sure why people would be surprised about a union wanting more power in the workplace though.

https://www.reddit.com/r/melbourne/comments/82azm1/ama_anything_about_the_mfb_eba

This was also an interesting resource if nothing else.",Local life & places,-0.016,2018-04-19 22:37:02
e6pz1d7,ClementineFjord,Because the fans are feral dogs. Hang out in the city on saturday and the stereotypes will be confirmed.,Local life & places,0.0,2018-09-27 07:27:45
cimi8ji,Vashakira,"Forces beyond my control have forced me to move. If I had known I would have to move at this point when I got the cat, I wouldn't of gotten it.",Jobs & money,-0.4588,2014-07-02 10:17:12
dzsykyy,EarlChop,"Man, Thor got old and fat.",Politics & traffic,0.0,2018-05-30 03:47:21
dq0yd0a,Sico01,"Ok for the sake of being helpful, I found [this page](https://m.yelp.com.au/search?cflt=tobaccoshops&amp;find_loc=Melbourne+Victoria)
 Listing some of the tobacco shops in Melbourne maybe you can contact them -starting from the one nearest to you- and ask if they have what you need :)",Jobs & money,0.7906,2017-11-19 01:03:01
dc293ju,fuckoffchelsea,"Start shitty.
Just have a 12 month lease in the outer suburbs. Pay your rent on time, leave the place looking nice. Get a reference. Upgrade.",Opinions & public issues,-0.34,2017-01-06 03:39:29
dz3qdmp,Largebrickwall,"call an ambulance, tell them you're suicidal",Jobs & money,-0.6705,2018-05-16 23:57:00
dtqxsab,frawks24,I was like 8 when they came to my school so I can't really say I kept up with the politics of the day,Local life & places,0.3612,2018-02-05 01:43:46
d107sqo,raybal5,Did you know that maybe your practice dummy is modelled on a [real person?](http://www.cultureofsafety.com/2011/12/the-story-of-cpr-dummy-resusci-anne/),Jobs & money,0.0,2016-03-15 03:17:16
dqg5l16,emmaisabellaa,Saw some at cellarbrations in stkilda yesterday,Local life & places,0.0,2017-11-28 09:29:20
e31avps,bequietanddrivefaraw,"I wondered if they would ever catch those responsible. You can't be too smart to repeatedly vandalise/booby trap the same spot over and over, all you need is someone to setup a hidden camera. Now he can pay the dental bill for that poor girl who lost her front teeth",Work hours & uni,-0.794,2018-07-25 22:44:27
c8d5993,Princess_of_Darkness,"I'm hoping under $100 but I realise that is incredibly unlikely, but I'd prefer under $150",Opinions & public issues,0.2263,2013-02-11 08:42:42
d5grbu0,blunderland,I'm hoping to get a tattoo of a wedge tailed eagle similar to the one in the photo. Can anyone recommend a good Melbourne based tattoo artist who is good at wildlife or bird tattoos?,"Cars, bikes & police",0.8779,2016-07-18 13:23:29
clddm1r,joonix,Is there video from inside the place?,Politics & traffic,0.0,2014-10-19 01:58:27
daschb3,jujuM,"Actually, according to the article the more expensive fares are probably paying for the cheaper long-distance fares and free CBD trams.",Casual chat & reactions,0.5106,2016-12-04 21:39:41
dl1rvnz,eshaman,"A quick look at the research not wiki reveals that $19bn of that  is ""intangible costs"" aka ""bullshit""",Opinions & public issues,-0.5859,2017-08-02 05:52:45
dz4bp75,acurrantafair,"Booked tickets to Courtney Barnett, baby! Loved her stuff for years, so psyched to finally see her live.",Local life & places,0.636,2018-05-17 07:39:16
c7lgwkl,Jawks,"They get a fair bit bigger then that, [here](http://sphotos-e.ak.fbcdn.net/hphotos-ak-ash3/148293_1732100784156_160603_n.jpg) are some of them in grub form I found when a tree collapsed next to our campsite.",Local life & places,0.0516,2012-12-24 13:25:18
dhnz2qa,DMmiaekoP,Surprised it wasn't the 57 instead,Jobs & money,0.2263,2017-05-17 06:52:24
cohzay6,NoodleBox,"i've been on twitter for 5 years now.


in that 5 years i've made a few friends

one i can like

one i can add, but don't wanna (odd dude. odd. freakin odd.)

two i have added - sweeties



^(HE'S OLD!!!!!1 I DON'T WANNA ADD HIM)

and etc.",Jobs & money,0.6869,2015-02-11 08:42:09
d0clg3u,Steve00,Sounds like a great plan,Local life & places,0.765,2016-02-24 23:30:25
e7zom1m,Supersnazz,"&gt; It'd still be murder in the second degree wouldn't it?

No, that is not a concept in Victorian law.",Work hours & uni,-0.6908,2018-10-18 10:37:53
cvd6zd4,pdunky,Doesn't look like they've even given it a chance yet. The main reason there is resistance to this technology is that it increases accountability.,Work hours & uni,-0.0284,2015-09-25 00:03:00
dm4yual,bot92a,Sex joke inserted here *blowjob,Trains & trams,0.296,2017-08-26 02:19:44
c8feejd,anothermartini,"You can download it at http://www.abandonia.com/en/games/73 - you'll probably have to mess around with a DOS emulator to get it to run well. Also, just Googling around, someone in the Netherlands is rewriting it for modern gaming: http://www.ultimatestunts.nl/",Trains & trams,-0.1027,2013-02-15 00:14:16
cxe7v82,raybal5,Your name reminds me of a funny story..,Trains & trams,0.4404,2015-11-27 00:18:47
dj8htd8,Peromaniac,Bad Boys and Burgerlove are the best imo. Coming from someone who has tried em all. Don't fall for the 8-bit trap - it's pretty average in comparison to most and not very cheap.,Trains & trams,0.3818,2017-06-22 05:00:19
ddlhui9,Timewasting14,Why? He tried being generous and having pets and got burned. Why should he not protect his financial interests?,Opinions & public issues,0.5386,2017-02-11 00:47:39
crdi49m,melbournite1,"It is free in the city now and your ticket is a reminder of the bad old days. Sorry mate, your ticket is not valid and has not been for over ten years but it is good to keep it anyway :)","Cars, bikes & police",0.8225,2015-05-18 23:51:09
e754e7b,dfbowen,"Some trains run through from Gippsland to the west of the state.

But yeah, it's a mess. Inconsistent and confusing - and that's before they go and spontaneously change platforms.",Casual chat & reactions,-0.4215,2018-10-04 08:45:43
dmw3bu1,Rawr24dinosawr,Just teasing. Never seen one that small,"Cars, bikes & police",-0.0772,2017-09-12 05:51:33
dsqubrp,nihilistdenialist,If I had a dog sitting next to me while actually working I'd get no work done tbh.,Local life & places,-0.296,2018-01-16 02:34:40
d08ucmf,nineteen999,"I got punched and robbed once after walking away from an ATM there, on Fitzroy street. In general I'd say its pretty safe, but it does have its odd moments. There are some real shitholes down there filled with scumbags (looking at you, Vineyard).",Casual chat & reactions,0.0258,2016-02-22 02:55:47
dfvupc0,m00nh34d,"Or, just pasteurise the eggs before using them raw?",Politics & traffic,0.0,2017-04-05 22:43:11
d2la98a,bigdaddy3057,The worst thing to happen to humanity is religion.,Politics & traffic,-0.6249,2016-04-28 22:09:26
dmw2yw8,TotesNotAStarfish,"A psychologist? Yeah I've been thinking that. I have to admit though, I hate the feeling of medication. It makes life a weird blur.",Politics & traffic,-0.2263,2017-09-12 05:39:29
dsqxnl8,dippet,"I boiled them. Salt roasted, eh?",Casual chat & reactions,0.0,2018-01-16 03:39:01
e7eh95k,therealflinchy,"How burnt do your tastebuds have to be to rate Starbucks?

Where's zaraffas?",Jobs & money,0.0,2018-10-08 17:18:12
dalgcez,cuchulain84au,Great little place next to the subway on swanston (Flinders St end) that does 4.50 bacon and brie baguettes.,"Cars, bikes & police",0.6249,2016-11-30 02:12:04
cw4ofb1,Goatse_Wan_Kenobi,"Yep. How many people have lived in that place over the last 5 years?  
How many keys did they cut for themselves/friends/family?  
How many of those keys are with people you trust?  

It's not common (that I'm aware of), for a previous tenant to revisit, but we do see it a couple of times a year. 

Even if it's a Registered key, it should have an issue number. Unless you have 3 keys stamped with issue 1, 2, and 3, get the place rekeyed.",Local life & places,0.4922,2015-10-19 01:40:18
dz4fi70,mirkinhat,Take a sneaky pic then get his face printed on a t-shirt then wear that t-shirt on the train.,Politics & traffic,-0.2263,2018-05-17 10:08:23
cyzp805,FellGlint,I did a course on using plant operators a few years ago. They're so much fun.,Jobs & money,0.5542,2016-01-15 21:42:19
dqe29ns,adam3121,"It's only like $10 more than it used to be, and isn't there supposed to be heaps more things available?","Cars, bikes & police",0.3612,2017-11-27 03:48:57
db9630f,LaxSagacity,"Don't forget the entirely agenda driven, misleading and often fake reporting on the Syrian conflict.",Work hours & uni,-0.7716,2016-12-16 02:42:19
duw9ui8,born2boop_,"Hahaha thanks, and yes definitely planning to look into it!",Politics & traffic,0.9041,2018-02-27 07:27:03
c1gk01j,propsero,"Thanks a lot for your help. Just wanted to let you know I updated my OP with an edit detailing what I've found so far, if you're interested.",Trains & trams,0.8074,2011-02-12 23:53:54
duv8whs,sahrey,I am still thinking about the Lamington m&amp;m's!,Politics & traffic,0.0,2018-02-26 19:57:30
cjv8ota,stfm,You also just described Fairfield plus we have A1 bakery now and a river,Casual chat & reactions,0.0,2014-08-20 03:37:56
dxq9gh2,wisie,"Was around 9.5km return according to my watch. If you get there before 5pm, you can drive to the last carpark which would shave 2-3km off the trip. Unfortunately we arrived a bit late. It's a great place to go at night but I definitely wouldn't be in a rush to go on my own.",Local life & places,0.6597,2018-04-21 12:33:30
cthfgnp,SEXPILUS,Just subscribed to hear more about Noma!,Local life & places,0.0,2015-07-27 04:22:58
cq8tuti,mykelbal,Just got home from seeing It Follows. Holy crap. Best horror I've seen in a long long time!,Local life & places,-0.3382,2015-04-11 14:37:56
d4hq46z,DeCoburgeois,Not sure if this thread is full of powershop shills or if they really are that good.,"Cars, bikes & police",0.2963,2016-06-21 07:15:06
dl0fl8i,lIllIllIlIIlll,"its probably the only thing going for your boring, isolated state.",Casual chat & reactions,-0.5574,2017-08-01 13:53:03
chx23ac,Freddie_AppsHero,"""Pot of Draught? That'll be $27.50.""",Politics & traffic,0.0,2014-06-02 09:24:47
ck0hvxb,Steve00,"Thats ok, at least you did it. Never know until you give it shot!!",Politics & traffic,0.0,2014-08-26 01:12:21
cyzp5yh,atregent,He's not just a rail enthusiast?,Casual chat & reactions,0.3612,2016-01-15 21:40:56
c330iw0,chocorange,"If the recipient really knows and loves good beer, a couple of bottles of something like Russian River's Damnation or Salvation, or Sierra Nevada's Bigfoot.",Local life & places,0.6969,2011-11-27 02:19:41
dmq73u7,teapeach,"Unfortunately, I do know..... ah, Adelaide.",Casual chat & reactions,-0.34,2017-09-08 12:30:15
e8mkuqd,Big-White-Dog,"Lots of black smoke on the monash near warrigal road.

Someone's monday sucks. Hope they're ok

[\(Edit\)](https://i.imgur.com/gaWE8ll.jpg)","Cars, bikes & police",0.3818,2018-10-28 21:48:37
ca18fb0,melbournezur,"South East seems to be a pretty prominent area.

My favourite spots (not that detailed :P );
* Rowville - schools and parks... so so so much here.
* Hampton Park - Cairns rd park
* Dandenong - Kriegal way park just off Outlook Dr, there's a big park there with HEAPS growing near the creek. Follow the path near the toilets about 100m up.

All of these places are pretty common and I've seen other pickers here on occasion. In saying that there always seems to be plenty to find! :)

It's up to you to find your secret spots ;)","Cars, bikes & police",0.9064,2013-05-18 16:32:07
ckndd93,NoodleBox,"Still is, come up to Bendigo and Mildura!",Local life & places,0.0,2014-09-20 03:57:57
dsr3h4h,row-zee,Last night was the first night in my new place and it was so bloody good. Tried the highly rated burger place around the corner for dinner as a 'this went well' treat and managed to unpack all but 1 bag so I'd say thats a success! Now at work wishing I could have had the day off to relax but I've got Friday and all weekend so can't complain too much.,Local life & places,0.9497,2018-01-16 05:53:04
d0vr7bf,farqueue2,They are pretty good. Had my 30th birthday cake made up there. I could dig up a photo if you want to pm me,"Cars, bikes & police",0.7506,2016-03-11 07:41:40
e44ysk3,fundieInAChainWax,"The fact that I have to play Russian roulette every time I ride my pushbike to work. Melbourne is designed to be hostile toward cyclists, compared to many European cities that I worked at.",Work hours & uni,-0.0516,2018-08-13 21:40:16
ceao7ec,high-up-in-the-trees,"Survivor can be good depending on the crowd but I've had some amazing nights there
Cgrade this weekend you say? It is mighty tempting although I should be saving my brain for new years day (animals dancing)",Local life & places,0.836,2013-12-26 20:38:44
cc5xvgp,turkeyspit,for closest farmland i'd be saying greenvale area and anywhere north from there,Casual chat & reactions,0.0,2013-09-11 02:52:54
e6dcd5b,jessicaaalz,This bitch almost hit me merging out of her stationary lane into my moving lane on Greensborough Hwy a few weeks ago.,Work hours & uni,-0.5859,2018-09-21 09:56:42
e2f8flt,EvolvingMeme,"There's this magic thing called recycling, which could at least provide material for roads. Intact ecosystems have a large value in itself, and unlike other bits of manmade infrastructure, can only be preserved, not just simply build from scratch. Last but not least, lots of newly developed buildings are still empty, at least partly. 

Instead of exploiting nature by destroying it for resources, we might as well support creating tourism opportunities in some of the remaining pearls of nature. And instead of supplanting greed based development with easy options, we might as well consider raising building standards. It's pretty anachronistic, and environmentally irresponsible to allow the constructions of dwellings with an average lifespan of 2 or 3 decades, which consume during their lifetime many times the energy needed for their construction.",Opinions & public issues,0.8846,2018-07-15 11:42:04
dtv5vmm,AztecGod,"Jfc what is with your username

Feds watching.",Politics & traffic,0.0,2018-02-07 06:26:02
dbg0puf,Big-White-Dog,"&amp;nbsp;

&amp;nbsp;

&amp;nbsp;

&amp;nbsp;

&amp;nbsp;",Trains & trams,0.0,2016-12-21 00:02:42
cqh967m,hatwearer777,Altona meadows is fine at night... It's a quiet middle class family area... Where one dude got shot by some gangster last night.,Casual chat & reactions,0.2023,2015-04-19 06:17:35
d6l4xy1,Jonnoofcarltonnorth,"From my experience, the longest time comes from waiting for a free slot to take your tests. If it wasn't for this, you could theoretically get it done in less than 2 weeks, including the 2-3 days for them to mail you your learners license.

1) The theory test. I was able to get a slot the day after registering online.
2) The hazard perception (computer) test. About 2-3 days waiting. Took a few online lessons to familiarise myself with the system.
3) Practical drive. This is the longest. Had to book 3 weeks in advance",Local life & places,0.5106,2016-08-17 14:16:54
dt14d16,angrypotato1,"&gt; Fewer indigenous people in everyday life :-(

What does this even mean",Work hours & uni,-0.3612,2018-01-21 22:28:57
e4hw64u,lovele55,"I recommend Triplet Falls and Little Aire Falls in the Otways too! Two and a half hour drive from Melbourne. Triplet Falls is a fairly easy walk for anyone, kids included, and is insanely beautiful. Little Aire Falls is a mild - moderate hike, 5km round trip which might be harder for some people.","Cars, bikes & police",0.8622,2018-08-20 02:41:59
e23k3q3,frawks24,"Sustainable Australia is about the closest.

But no one will actually do it because the immigration props up our economy",Opinions & public issues,-0.4215,2018-07-10 01:22:26
dtsfbdi,Mortar_Art,"Oh c'mon. We both know you're completely humourless, and that you sincerely believe this.",Trains & trams,0.4767,2018-02-05 21:17:32
cukax4p,Tonkie,hey /u/Steve00 save me going through back comments and give me a run down of your trip to the Redwood Forest?  where'd you stay? and would you recommend?  THANK YOU,"Cars, bikes & police",0.8581,2015-08-30 01:29:27
coc8t5w,Rip_Purr,"Oh, most Australian performers need work almost constantly.",Work hours & uni,0.0,2015-02-05 18:39:02
chtgh1l,NoodleBox,Nope. I'll buy one online I think. Along with a Cadence watch - need it for GAT.,"Cars, bikes & police",0.0,2014-05-28 21:28:02
dcu0ze8,campo123456789,yeah? more spots? do you think its going to be pretty easy to get a spot?,Politics & traffic,0.8334,2017-01-24 07:38:28
d4a0379,gccmelb,I had a half a Mexican pizza and half a Capriciosa.  Bloody full now.,Casual chat & reactions,-0.4404,2016-06-15 10:36:14
ciribnk,fecal_brunch,"Wouldn't the opposite causal relationship be a more logical fit there?

I think you'd need to consider the results of changing the laws in one city, rather than comparing different cities. There are far too many variables otherwise.",Work hours & uni,0.4173,2014-07-08 12:10:45
di8u7ng,qemist,The lynchmob mentality is strong in this thread.,Jobs & money,0.5106,2017-05-30 21:52:36
dt3kkbw,foxythang2000,[My unfit puggo](https://imgur.com/a/o8EnL) is making use of the extra water being put outside for wildlife during these hot weeks!,Casual chat & reactions,0.0,2018-01-23 04:15:12
e6lwaxw,sweetandmalty,"Yeah everyone is fussy, it’s not necessarily a bad thing. We just fuss over who want to spend time with, making sure they’re what we want etc...

I mean defs get some good pictures taken and see your matches climb!",Work hours & uni,0.8791,2018-09-25 13:20:08
duvtxpo,thisbitchsays,White is actually easier to clean though - bleach ftw,Jobs & money,0.8176,2018-02-27 01:40:46
e7du664,Bikeological,"Mate, I think you’ve got a blown head gasket. There’s not supposed to be any coolant in the oil",Local life & places,0.0,2018-10-08 10:01:11
czqcslw,seraph321,"Well if you're comparing the distances to those in London, don't worry, it takes maybe a fifth of the time to travel the same distance in Melbourne (on average). Being close to trams and/or trains is all you need. 

I live in docklands, which is probably not what you want, though I love it. I won't try to speculate on the best suburb for your demographic. Pretty sure you'll find something you like though.",Casual chat & reactions,0.9622,2016-02-06 21:24:55
csy24bu,grungypoo,"Yeah.. it's the one thing that people don't consider, especially if they're not in the ""arts,"" as I said it's understandable as we tend to put a low value on non-physical commodities.",Work hours & uni,0.3612,2015-07-10 00:34:54
cwcs1r5,cosmicr,"I often wonder if Huxtaburger took a hit after the Bill Cosby scandal.

Although there's a lot of competition now. A couple of years ago it seemed Huxtaburger was the only decent burger place in Melbourne.",Local life & places,-0.4404,2015-10-25 23:55:18
cada65n,mazatta,"It's not super close to the city, but the #86 tram is a 5 minute walk from there and it's maybe a 10 minute walk to a train station (if memory serves).  It's in zone 1, which is $3.80 each way.",Casual chat & reactions,-0.267,2013-06-06 11:54:32
dgwl3hr,420alldayson,"Dump her, hit the gym, lawyer up.",Local life & places,-0.3818,2017-04-29 11:32:24
d4gjapy,JustLearningToReddit,first thing that popped into my mind. lol,Jobs & money,0.4215,2016-06-20 12:14:48
c760srn,registradus,only 'grizzly' in the url...,Jobs & money,0.0,2012-11-24 14:18:50
dalb0r4,hdfb,I'm down that end of Chapel weekly... have never spotted it.,"Cars, bikes & police",0.0,2016-11-30 00:13:35
c7kpekz,jimmybook,My friends doing an IT degree at Swinburne currently and has generally only good things to great things to say about it. He's currently doing a bit of research during the holidays and is being paid for it.,Local life & places,0.9136,2012-12-22 20:31:35
cthj2yj,Shes_the_Cheese,"I got 55. I froze, I don't copy text ever so I suck at it.",Jobs & money,-0.4902,2015-07-27 07:03:23
cyu34xk,CaptainTelos,Dandenong Lunar Drive-In?,Casual chat & reactions,0.0,2016-01-11 15:25:11
cpkvdjv,Goatse_Wan_Kenobi,"Not a reddit meetup, as such, just a meetup that was organised in the daily thread.",Jobs & money,0.0,2015-03-20 10:44:58
cp51h6m,nekmint,i just said there're out loud and then laughed like an idiot.,Work hours & uni,0.296,2015-03-05 10:15:01
c1ixvp4,invadercee,"And all the Sidewaves.
Most importantly, THE BRONX!","Cars, bikes & police",0.4376,2011-03-02 04:12:47
e6eiqxm,dumblederp,At least its a clear sign that the driver is a fuckwit and extra caution should be used around them.,Work hours & uni,0.3818,2018-09-21 21:22:26
djhhlmb,Steve00,Havent tried their Vegan/Vego fare yet but their standard menu is unreal :),Politics & traffic,0.6124,2017-06-27 22:45:02
cpva13p,HalpTheFan,i tweeted it to him to see if its legit,Politics & traffic,0.0,2015-03-30 05:45:13
d0ckqli,Fumanchui,"I just got peanut butter shamed in the kitchen at work. So what if I want my toast an inch thick with PB. And butter. tasty, tasty butter.","Cars, bikes & police",-0.5106,2016-02-24 23:12:35
8icxxp,your_godammn_right,"i just finished watching the 2008 Underbelly on stan and was fascinated. the acting and show was absolutely amazing. i know that the taskforce Purana put a stop to it and i know most of the Carlton crew was obliterated by Carl Williams &amp; his associates according to the show. my question here is: have you ever interacted or had an experience with one of these people when they were alive back in 1997-2003, the real ones? have you ever been to the restaurant they used to frequent? ever met Gangitano? . haha promise i'm not a cop, i just binged Underbelly and was extremely fascinated by the whole story and especially because it all happened in my city.",Local life & places,0.929,2018-05-10 06:57:33
dj582xo,youmakemeuncomfy,"Forgot to update, car and dog had moved on a few hours ago, all good.",Local life & places,0.4404,2017-06-20 08:55:20
dvwqddn,cayal3,"Noticed this a lot, same with turning left (and not even at a right angle turn but just an on-ramp/45 degree kind) people just turn from the right lane/middle of both lanes.",Work hours & uni,0.6808,2018-03-18 21:07:25
cymhelo,_the_story_bot_,"It's especially depressing when the end of your lease is next week :/ (not including the notice period, however)",Local life & places,-0.6478,2016-01-05 05:35:40
dz8bsae,IShatJR,"I condemn *Bunnophobia*. You are just jealous that a woman scientist can be smart AND attractive. If the Bureau was at 9 and Jane at 5, it's clear that the Bureau realised that Jane was right and they were way out.

Misogyny, sexism, *Bunnophobia* #bunnistheone",Work hours & uni,0.3818,2018-05-19 10:19:31
e4uxzfc,The_Allosaurus,If smoking a dart and wearing a hat makes you cool then call me Miles Davis,Politics & traffic,0.3182,2018-08-26 12:29:18
cl6vdtz,bearsaresweet,"I spent $50 in taxi fares getting to/from the Melbourne Marathon today. Fucks sake .. someone. (to be fair $20 could have been avoided if I waited *35 minutes* for the train)

Does anyone know who I should be getting angry at? Metro? City of Melbourne? Marathon organisers?

Either way, wah.",Casual chat & reactions,-0.8156,2014-10-11 22:52:04
d0zgis3,pressbutton,"Can't sleep. That's what I get for going to sleep early 

Just read Radiohead are doing a world tour, no Australia dates yet, might be festival ones. 2017 for solo shows perhaps.",Local life & places,0.25,2016-03-14 16:14:32
dq7wmvz,Sindarfin,thousands steps saturday morning or any evening with the eastern suburbs bogans,Casual chat & reactions,0.0,2017-11-23 02:33:04
dtnxlia,WikiTextBot,"**Charles Darwin**

Charles Robert Darwin,  (; 12 February 1809 – 19 April 1882) was an English naturalist, geologist and biologist, best known for his contributions to the science of evolution. He established that all species of life have descended over time from common ancestors and, in a joint publication with Alfred Russel Wallace, introduced his scientific theory that this branching pattern of evolution resulted from a process that he called natural selection, in which the struggle for existence has a similar effect to the artificial selection involved in selective breeding.

Darwin published his theory of evolution with compelling evidence in his 1859 book On the Origin of Species, overcoming scientific rejection of earlier concepts of transmutation of species. By the 1870s, the scientific community and much of the general public had accepted evolution as a fact.

***

^[ [^PM](https://www.reddit.com/message/compose?to=kittens_from_space) ^| [^Exclude ^me](https://reddit.com/message/compose?to=WikiTextBot&amp;message=Excludeme&amp;subject=Excludeme) ^| [^Exclude ^from ^subreddit](https://np.reddit.com/r/melbourne/about/banned) ^| [^FAQ ^/ ^Information](https://np.reddit.com/r/WikiTextBot/wiki/index) ^| [^Source](https://github.com/kittenswolf/WikiTextBot) ^| [^Donate](https://www.reddit.com/r/WikiTextBot/wiki/donate)   ^]
^Downvote ^to ^remove ^| ^v0.28",Opinions & public issues,0.5514,2018-02-03 05:30:16
dst2qhl,shitdrummer,"This post isn't ""crime"" locked but [this](https://www.reddit.com/r/melbourne/comments/7qzfke/coalition_crackdown_plan_against_violent/) post, that is clearly political and not crime, is locked?

Could it be any clearer that this crime posting policy is about politics and not about crime or racism or any other bullshit the mods want to claim it's about?

Are the mods serious that in a State Election year they won't allow any political posts that mention the crime policies of the political parties?

This has gone beyond a joke!

Will political posts about Labor or Green crime policies be allowed?

I'm no LNP voter but this smacks of pure politics from the mods and I think every subscriber here should be concerned about this.

Edit: And nearly an hour after this was posted, the mods realised their political agenda was showing and finally decided to lock this post. Although they haven't unlocked the political post I linked.

I stand by my claim that the mods are politically motivated and are modding the sub along a political line.

As a large and general city sub, this is extremely concerning and I wonder if it's time to get the Admins involved.",Work hours & uni,-0.9138,2018-01-17 08:07:32
dkzv74k,Carls_Agan,"Um no. You only had one choice and that was with the first cigarette. Now, the only choice you are making is to stay addicted like any other junkie who needs their next fix. I also know you will probably lash out at this comment - that's perfectly natural, you're protecting your pride and addiction that you are so hopelessly enslaved to. I know.. i was a 30 to 40 a day smoker for nearly 20 years. One day you may realise this..one day.. until then though you will scorn at the non-smokers for taking your 'rights' away and berate the 'reformed smokers' for betraying the clique that all smokers belong to...",Politics & traffic,-0.4009,2017-08-01 02:46:04
chgguhk,grahampaige,"I dont know packing is exciting.  All those things you find that you forgot you had, or lost. :)",Politics & traffic,0.5994,2014-05-13 01:32:12
dfca92y,brunettesandbacon,"I adulted very well that evening :)

I ditched Tinder and only about 3 days ago joined OKC which is ummm ok 😋 over 70 messages in the first 2 days - don't get excited, 70% are VERY undesirable characters, 15% just testing to see if you'll say yes please to their oh so romantic scribe simply stating ""DTF?""

It's interesting 😂😂😂",Local life & places,0.9613,2017-03-24 06:09:22
dc3klys,TruthAboutTithing,"Must have been a slow day on twitter and reddit for them, went outside looked for the news",Local life & places,0.0,2017-01-07 00:08:00
dvx5dap,superrelavantay,"In rally driving it's called the scandanavian flick, it's about transferring the weight of the car around approaching a corner. Doesn't really apply to turning into a side street at 10k an hour though...

I put it down to self centered fuck heads who don't give a shit about anyone else in the road, probably distracted too.",Work hours & uni,-0.4545,2018-03-19 01:47:19
e2s7se1,SkyCharm147,"The left behind rubbish is actually lovely. Makes me want to drink tea, eat a jaffle and chew away with mild disgust.",Politics & traffic,0.0516,2018-07-21 15:01:43
e8qyt03,Lueron_,"You don’t have to wait, you can take your myki as soon as it says “waiting for receipt” and you’ll be fine. The more you know!",Jobs & money,0.2714,2018-10-30 20:48:51
duwauak,prime_pt,"I’ve never ridden to work before I need to think about the logistics of leaving my suit at work, bringing in fresh ones etc... they need a beginners guide to cycling to work haha!

I go through Richmond and the like, so it’s biker friendly.",Local life & places,0.8899,2018-02-27 08:03:26
c5ch9nu,bitterz,omg this is hilarious! definitely worth posting in /r/funny for some delicious karma :),Politics & traffic,0.923,2012-07-11 14:50:35
cxs51y3,Wizard_of_Ozzy,Awesome. Yeah we're going to do the banquet tonight (Me and the lady) It's apparently expensive but totally worth it.,Politics & traffic,0.7131,2015-12-08 23:07:22
db6gnjh,BakerNator77,Check their website but you're looking at a starting rate of $41k plus shift penalties.,Opinions & public issues,0.0,2016-12-14 09:15:31
dfbtrp4,Big-White-Dog,"CHEESE DAY!

i think...

I wonder what will be in the box this time!",Politics & traffic,0.0,2017-03-23 23:10:49
e0xdnut,Ibatheinavacados,"Look at the difference in face chubbiness. I guess anti psychotics are basically the exact opposite of ice, huh?",Work hours & uni,-0.3182,2018-06-19 13:26:27
e3gkp58,FuDogAU,Beating traffic on Manningham road at peak hour isn't much of an achievement.,Casual chat & reactions,-0.4588,2018-08-02 06:41:27
di30m73,Quarterwit_85,"There was a move towards your last point a few years ago in the US. Many police forces were getting into pistol calibre carbines - lightweight, polymer rifles that fired the same ammunition as their handguns from the same magazine. That kinda went by the wayside as AR training and equipment is incredibly universal and cheap in the US.

The US has moved away from shotguns in recent years and towards the AR platform. They're able to do this for a number of reasons - in the first instance the threat to American police from firearms is many times greater than that in Australia and it's more necessary and secondly the firearms they use are legal. So whereas we'd need all sorts of careful transport, training and an expensive logistical setups in the US they can buy magazines, bolts and incredible training locally. To a lesser extent, this also helps the NZ police force use AR's as well.

You did see VicPol with submachine guns, but they were semi-automatic only. CIRT use the H&amp;K UMP, but that is being replaced by the M4 in .300 Blackout. They also use shotguns. There are a fair few of these guys floating around Melbourne at any one point in time and would be able to do an excellent job of containing any immediate threat.

Remember that a large reason why the UK deploys the military in the wake of terrorist attacks is because they only have a finite amount of armed police that can do active patrols. French police have a large reserve of Ruger Mini 14's which are cheap, simple to use and easy to train people on.

At the end of the day the overwhelming consensus in police circles at the moment is to [respond immediately with whatever police are on scene](http://www.theage.com.au/victoria/how-victoria-police-plan-to-stop-mass-killers-20170518-gw7x8q.html) as seen during the Bataclan shooting, when [one terrorist was killed by the first police officer on scene, a very senior commander](http://www.telegraph.co.uk/news/worldnews/europe/france/12000822/Paris-attacks-policeman-gives-first-account-of-Dantes-Inferno-scene-at-Bataclan-concert-hall.html) before retreating and setting up a cordon.

I'm not convinced by the whole routine of soldiers walking around in full kit in the wake of an attack. But apparently the Brits, the French and [the Belgians](https://i1.wp.com/sanderdewilde.files.wordpress.com/2015/11/151121terror-alert-brussels029.jpg?w=616&amp;h=616&amp;crop=1&amp;ssl=1) think so.",Work hours & uni,-0.9724,2017-05-26 19:15:24
d6fnhoh,pressbutton,Maybe the government is shorting the barket,Opinions & public issues,0.0,2016-08-13 07:05:37
dvnavx4,KualityFur,And you just want to post about millennial stereotypes. Shrug,Jobs & money,0.0772,2018-03-13 20:05:29
ci6a78m,pskipw,"Depending on your driving needs, Flexicar may suit you. You pay a small annual fee, and they have cars parked around town which you can book and rent short-term. http://www.flexicar.com.au",Opinions & public issues,-0.1027,2014-06-13 03:28:58
dalohih,PcisT,Vue de Monde usually.  I find their ingredients excellent.,"Cars, bikes & police",0.5719,2016-11-30 05:27:24
dxjgo2i,geo_log_88,"We're lucky to have you on our side Daniel. Your comments and observations are always spot-on, but I don't share your optimism.
&gt;if we plan and invest the right way

Whilst the Metro tunnel is a great project, I fear what might happen to it if there was a change in govt. It's so deeply tied to DAndrews that Guy and his mob would be simply unable to stop themselves from sabotaging it if they got into office. Same for WG tunnel. It would go and we'd be looking at EW link again. All that will cost us time and money.

&gt;Re-frame the argument away from congestion, to one of access. If you drive your car in the inner-city, you will face delays. The question is, is there a quick efficient alternative to get you where you need to be.

The ""access"" concept is an excellent way to think about this. But I don't see evidence that this is being addressed across the system (both public and personal transport). Govts love big ticket projects, whereas access issues can be sorted at a much smaller and less visible level. Do you have examples where govt planning has embraced ""access"" in the way you describe it?",Opinions & public issues,0.8245,2018-04-18 00:09:09
d4p32fi,thisisgibbo,Because it's absolutely not necessary to have your headlights on 24/7,Work hours & uni,0.0,2016-06-26 22:14:24
c7avltf,Dirty_30,"Fitzroy (and all Australian) skate parks can be found via. this [link](http://www.skateboard.com.au/v2/index.cfm?smithgrind=view&amp;id=235).

I pass [this spot](http://www.skatespots.com.au/spot/lincoln-square) a lot and it is ALWAYS packed with skaters!",Casual chat & reactions,0.0,2012-12-04 04:37:32
d0ckbzs,Cheese_the_Cheese,"Every Christmas, but enotecca sileno on Lygon St probably has it.",Local life & places,0.0,2016-02-24 23:02:38
cvt6jz6,Shes_the_Cheese,I genuinely have no idea.,Trains & trams,-0.296,2015-10-09 01:01:56
dmw2wqx,asilentsoliloquy,Just took a break from marking assignments and took the mutts for a walk: was lovely!,Local life & places,0.6239,2017-09-12 05:37:27
dnjvna7,gccmelb,Is the owner a student?,Opinions & public issues,0.0,2017-09-26 21:40:00
cw1gbdj,IvoryInanity,Not what I was told 15 years ago. They said I couldn't get any payments without an address.,Jobs & money,0.0,2015-10-16 03:02:03
d34zon9,MechanicalStig,"1. Parkville
2. Ringwood
3. Blackburn
4. Selby
5. Gruyere
6. Scoresby
7. Belgrave
8. Black Rock
9. Healesville
10. Officer
11. Somerville
12. Park Orchards
13. Beveridge
14. Three Bridges
15. Kings Park or Princes Park
16. Eaglemont
17. Bangholme
18. Christmas Hills
19. Bunyip
20. Keysborough
21. Fishermans Bend
22. Portsea
23. Airport West
24. Rosebud
25. Research
26. Guys Hill
27. Balwyn
28. Hallam
29. Bayswater
30. Safety Beach
31. Southbank
32. Box Hill
33. Ardeer
34. Diggers Rest
35. Forest Hill
36. St Kilda?
37. Hastings
38. Hoppers Crossing
39. Red Hill
40. Elwood
41. Deer Park
42. Gardenvale
43. Prince's Hill
44. Bundoora
45. Chatham?
46. Rowville
47. Montrose
48. Moonee Ponds
49. Yellingbo
50. Werribee","Cars, bikes & police",0.4871,2016-05-14 05:41:34
ch7ddyv,olibird,"&gt;Caroline Springs to finally get a railway station to go with that railway station access road that they built 

Let me fix that for you.

Caroline Springs **promised** to finally get a railway station to go with that railway station access road that they built.",Casual chat & reactions,0.3612,2014-05-02 01:25:20
ck4y943,Astro_nauts_mum,The one time I never listen to 774. Never liked him.,Local life & places,-0.3252,2014-08-30 22:13:49
dskavwo,Tanduvanwinkle,Yeah I'd normally agree but I really struggled last night. That was an awful night's sleep . Can't wait to crash out soon!,Local life & places,-0.5566,2018-01-12 08:46:27
ctxta1s,Jersey11,Binario on springvale rd very near nunawading station. Abit far from you but it's worth trying :-),Casual chat & reactions,0.6486,2015-08-10 10:14:46
e2p9lwj,CoeusLoki,"The Apple store runs training sessions as well, so, technically a public service (and before you argue it's not, all sorts of public services run similar training programs for people).",Opinions & public issues,-0.0772,2018-07-20 01:57:30
ddik6f1,megablast,Then it is just about cruelty to animals.,Jobs & money,-0.5994,2017-02-09 02:40:15
ct2imi1,Hussard,Chef Leganda/Laksa King are very dependable but there's this new place on Lt Bourke called Golden Orchards that pretty good. A little on the sweet side but they got the nice fresh spices to make it fragrant. I will need a couple more tastings to see how reliable they are though.,"Cars, bikes & police",0.9607,2015-07-14 03:10:14
d7j6876,mac-87,This really necessary? Kind of seems exactly like what u/Armagizmo is talking about...,Work hours & uni,0.3612,2016-09-12 04:12:05
cnm8vbk,spaiydz,And these days a dozen ppl will be taking pictures of you and no one will offer to help!,Jobs & money,0.2003,2015-01-12 05:42:50
dto1x2m,raresaturn,Weird that they have the same design then,Politics & traffic,-0.1779,2018-02-03 07:59:27
ck0f8r3,Soan,Will try it tonight. I've also discovered I feel worse after taking panadiene forte. Codeine is clearly not my thing.,Work hours & uni,-0.1027,2014-08-25 23:38:56
clcsjjc,branded,"No way. They are done, just watch. I'm getting my popcorn ready for this one.",Local life & places,0.0772,2014-10-18 08:52:07
clrx3rv,argh1989,That would explain why I couldn't find much info on it.,Jobs & money,0.0,2014-11-03 19:12:11
ck68cpe,shakeyourpeaches,"Look for work via you uni's 'Jobs Network'. I advertise for my business' Christmas Casuals etc through the nearest 2 x universities student job websites, and to advertise with them you must list the hourly pay on offer (they check every listing before approving for publication and will not accept ads where the rate is below minimum wage).",Jobs & money,-0.3786,2014-09-01 13:55:29
cwy1wnq,opayuonam,"Tram 75, don't remember exactly where but around the vicinity of Hawthorn station.
I was laughing too hard, in fact I was even late to take the photo. I have zoomed in so much lol.",Jobs & money,0.8324,2015-11-12 20:07:16
e300rbb,Daemonicus,"&gt; If you want me to believe that you genuinely care about issues affecting men, then don’t use them as a bludgeon against women.

So you have chosen to abandon arguing in good faith. That didn't take long.

&gt;It’s not like caring about violence against women and violence against men is mutually exclusive. There’s no reason for it to be a competition.

Exactly. So why do people like you make it into a competition? That's literally what you just did. And then when I give you a counter point, you pull out the ""it's not a competition"" card.

&gt;You don’t give a single shit about vulnerable men. You just want everyone to shut up about women.

Predictable.

&gt;You’re response is the definition of a bad faith argument. You can fuck right off, because I’m not interested in wasting my time with you.

How quaint. 

Not once did you actually address *any* of my points. Instead you resorted to childish behaviour.",Work hours & uni,-0.968,2018-07-25 11:22:54
cw4yofk,superbekz,I would go back to AGL to ask for compensation since churning a provider need an authority letter or AGL notified you that there is a request for provider switch on your meter or what not,Work hours & uni,0.0772,2015-10-19 08:11:20
dt59pn9,arrivesInSwarms,Well aren't you just friendly,"Cars, bikes & police",-0.1351,2018-01-24 01:55:02
e6cbgka,monkeyatcomputer,"Applications are now open so have applied for ours with 5kW of solar due to be installed 3rd week of October.

Getting the solar rebate now will exclude us from the battery rebate post-labor-election-victory  ¯\\\_(ツ)\_/¯",Opinions & public issues,-0.2263,2018-09-20 21:24:16
d0co7yh,Fumanchui,Gahhhhhhhhh audible mastication! I'm not sure I could do that to anyone. That shit brings me to my knees. I do like the cigar suggestion though.,Politics & traffic,-0.5194,2016-02-25 00:42:06
c6gqwqg,xaphody,"Cielo pizza in McKinnon, I work there but the pizza is amazing and after you work in a pizza shop for a long Time, you end up not wanting to eat pizza.",Local life & places,0.7351,2012-10-03 00:27:44
cpwbpcw,mmm_caramels,"""Paying up to $1bn to avoid doing something that needs to be done? Not great."" No - I agree with this and I can't believe that more people aren't more angry about the way in which the previous government acted incredibly inappropriately to sign contracts and side letters to attempt to force US as taxpayers into a specific way of progressing forward with development that we elected as a Bad Idea. We've had over the past 20 years in Melbourne a substantial number of road projects - Citylink, Eastlink, the Northern Ring Road to name some. These have been aimed at connecting major roads and aiding the movement of vehicles both large and small. What we haven't had in basically a generation are many substantive projects aimed at easing the congestion by providing a true replacement that goes FAR enough out into the growth corridor suburbs to have a material effect. This is what I certainly believe needs to be done now, not yet ANOTHER bloody road. At a point in the future, when a proportion of the vehicular traffic headed into the city in the mornings in peak hour traffic is removed from the Eastern Freeway by better public transport, we can re-evaluate the need for a road connection through for Industry - and see if the business case stacks up any less badly than it did recently!

But making the tough choice to do what's needed to end the attempt at arm-wrestling brought in by the previous government, in order to be able to prioritise what's really needed at THIS point in time for Melbourne? I applaud our new government and hope they maintain their stance. I ALSO hope they DO follow this action with real investment into public transport so that they can not only justify their pre-election stance but deliver something of substantive value for Melbourne over the next few decades.",Opinions & public issues,0.9646,2015-03-31 03:44:26
clfha0f,rdmarshman,I can't see the link but if that's dunyazad I found it terribly underwhelming.,Jobs & money,-0.7096,2014-10-21 12:06:32
dfzik57,Cheese_the_Cheese,"Playing Civ 6. 

I have 11 thermonuclear warheads, have made it through 2000 years without a war outside my borders. One flight away from a science victory. Always armed, never the aggressor. 

Brazil, with cavalry on horseback decides it's time to declare war. 

Their first strike, attach a builder in my most isolated and northernmost city. 

My first attack, thermonuclear weapon over Rio, helicopter in and claim their capital. 

Since victory mid war.",Opinions & public issues,-0.8923,2017-04-08 04:19:23
cthgbmh,Kar98,I just came from canberra and today in melbourne it was canberra like weather haha. Just be glad it's only -1/-2 instead of the week we had -7/-6,Local life & places,0.8176,2015-07-27 04:55:03
1m3m0t,Shux,"Hey Melbourne Redditors.

For a short film I'm looking for rural farmland (or farmland looking) that's close to the CBD (max an hour away) to save on travel time.

It just needs to look rural. Sound isn't an issue so it can be next to a highway or a Bovine Metal Festival.
 
I'm not to familiar with Melbourne besides the CBD and inner city suburbs so any help with where I could start looking would be great. Hell, if you live on a farm and don't mind 4 or 5 people loitering about your property for a day playing pretend I would be eternally grateful.

Thanks for reading.

EDIT: Thanks everyone for your help. I really appreciate it. I have a lot of places to check out now that I didn't even know existed. If you think of any others I loved to hear about them. Thanks again.",Casual chat & reactions,0.9827,2013-09-10 12:04:59
dtjrcy8,JustaBenny,Yea I did look but doesn’t seem to have it unless I’m wrong.,Politics & traffic,-0.631,2018-02-01 00:53:35
c25f3c6,kerrypacker,"When Kennett was in power they did a study to see what the best solution was for the so-called drug problem.  It was called the Pennington report, and recommended that pot be decriminalised.  Of course the Herald-Sun and all the other crappy media outlets started jumping up and down and playing this up as the beginning of the end, so they stopped talking about decriminalising it and changed the law on the side.  You can have up to 50 grams on you, which is a hell of a lot and enough to stop police harrassing you unless you are being a knob in another way.",Jobs & money,-0.7334,2011-07-13 19:09:53
d729nt2,banginlikea,"It's got nothing to do with anything.  The person you are replying to is a fuckwit troll.

Edit: As you can see below.",Jobs & money,0.0,2016-08-30 05:26:39
drzk4xh,ZanyDelaney,Actually it is compulsory for all primary kids to go and *to put their finger onto the waterwall*.,Work hours & uni,0.0,2017-12-31 06:31:27
c69t3u4,stfm,Everyone gets a mullet,Trains & trams,0.0,2012-09-18 06:07:38
e074yd7,drunkill,They'd need the help though. Brisbane Lions and Gold Coast Suns players combining would not beat a Victorian all star lineup.,Opinions & public issues,0.4019,2018-06-06 08:10:46
d0ckjlg,Steve00,"Hit a PB of 3 x 130kg deadlifts last night :) benchmark week next week, hoping for 140-150 1RM :) well on my way to 2x body weight :)",Local life & places,0.9169,2016-02-24 23:07:42
dvnvgmw,just_kitten,"OP is probably British or something. 

In which case I say: don't be ashamed of your relatives at the Ordnance Survey, it's a reputable agency!",Jobs & money,0.4303,2018-03-14 01:43:02
cv6tj4g,Danog123,"Is there a website? 

It's not like I'm out of work. I'd just like to make myself the best I can be.",Opinions & public issues,0.6798,2015-09-19 11:02:59
dlwewo2,Rod750,"I believe Sanctuary Lakes has reasonably strict guidelines for house design.  I don't think you could build a castle there.  But if you're in Point Cook, Seabrook or North Altona then fill your boots!",Casual chat & reactions,0.0,2017-08-20 22:52:05
dx7zo08,lepi_red,Dropping bombs I see haha.,Politics & traffic,0.4588,2018-04-12 02:22:01
dw70acp,Quesnay_J,"&gt;(China Business District)

I'm ethnic Chinese and found this pretty funny. 

I agree with you - local governments are silly to change the ethnic composition of a society excessively or too abruptly.",Trains & trams,0.85,2018-03-24 02:17:15
cz2jsdt,Melb_Owl,"did you tell the police that the old lady could be injured or worse?  Ask them if they can do a welfare check. Do it through 000, not the locals.  At least then it's guaranteed to be logged as well.",Jobs & money,-0.5719,2016-01-18 09:08:43
cudnslq,usersame,I read a Parliamentary Report that said they didn't keep statistics on it. I'm going to guess that that has something to do with it.,Work hours & uni,0.0,2015-08-24 06:39:20
dj56fac,pigferret,It's a novelty account.,Jobs & money,0.0,2017-06-20 07:39:30
dlvsbzx,Flukecake,"Tacky, like most things in the suburbs..",Casual chat & reactions,0.3612,2017-08-20 14:45:11
ca2u7fg,skinnywhitemale,why was a 16 year old girl in a nightclub in the first place?,Local life & places,0.0,2013-05-21 04:24:20
c9ksnoq,ggggbabybabybaby,I think it's easier for them to take routing instructions from Apple Maps than it is for them to format all their timetable data and regularly output it to Google.,Jobs & money,0.4215,2013-04-23 05:52:10
e1tnpox,papsie,"Reducing the amount of homeless is primarily an issue with inadequate resources into mental health and addiction services to help homeless actually re-integrate into society, which is different to something like increasing the amount of commission housing for homeless/refugees.",Opinions & public issues,0.3612,2018-07-05 09:30:41
dj8q6ty,icyflakes,Somerville Road Yarraville :),Casual chat & reactions,0.4588,2017-06-22 10:38:07
d3p60td,burritobattlefield,Second equinox. $13 cider jugs if you don't like beer but equinox lager is tolerable at $9/jug. They also have $11 Carlton jugs.,Politics & traffic,-0.1419,2016-05-30 14:30:57
dt3sue1,whackadoodle_cracked,Watching a show that premiered last night called Britannia. About the Roman invasion of Britain. It's.... weird. So far.,Local life & places,-0.1779,2018-01-23 08:06:34
cymdhz8,zozozozozoz,How much do you eat for it to cost nearly $20?! I think the most i've ever spent there is $12.,Opinions & public issues,0.0,2016-01-05 03:40:06
cvdez6v,000dispatcher,"if you work in a call centre environment, join you local union, I believe it is CWU which is the union we are with. They fight for our workers when management try to stuff us around and because of that we have been fairly compensated. If that is something you want then join your union as they come with experience and and wisdom of maters relation to industrial relations.","Cars, bikes & police",0.6705,2015-09-25 04:00:08
e6dgfgm,smeego78,Surely a driving hazard,Work hours & uni,0.4404,2018-09-21 11:53:25
dfjaosi,-theuser-,"The constraint people show is absolutely remarkable.  Let's see how many sunset photos we get tonight.

EDIT: Protip - there is a whole subreddit dedicated to Melbourne photography.  It's call /r/melbournephotography and is listed in the sidebar under 'Victorian subreddits'.",Jobs & money,0.7841,2017-03-28 23:19:21
cnh5g2n,bbhertz,"Trams are fast, and move lots of people. The problem is we let cars in the same lanes!",Work hours & uni,-0.4574,2015-01-07 10:46:20
e7zs20b,EvolvingMeme,"You obviously never read ""The man in the high castle"", or travelled to Asia. Many Asian cultures domesticated their people similar to Europeans, so their cattle has learned as European descent cattle to look like good cattle.",Trains & trams,0.6597,2018-10-18 12:07:11
dn5ps61,123yousee,Having a greater number of officers to block exits does not equal justifying physical violence.  Whether it is 1 or 100 inspectors on a tram or train it is out of order for them to be violent towards you and anybody with brain knows that.  How you can jump to the conclusion that enforcing on the spot fines automatically means violence is acceptable beggars belief.  It's the type of thinking you would expect from something who thinks fare evaders involved in physical confrontations are never at fault in any circumstance.,Work hours & uni,-0.903,2017-09-18 05:54:59
ctl83in,Soan,"Any of the board games for iPad should do. Ticket to ride, Lords of Waterdeep, Catan etc.",Local life & places,0.0,2015-07-30 05:03:30
ctk39u1,sysadmin_guy,I can't believe I missed this thread.  You've got to try [El Chino](http://www.elchino.com.au/) in Fitzroy North.  Far superior to Trippy Taco or Mamasita!,Casual chat & reactions,0.6888,2015-07-29 10:02:19
cgy1iau,pongomostest,Did he get the weed as well? Now that would be just awful.,Jobs & money,-0.2263,2014-04-21 12:35:54
dejx152,Taleya,So live in it yourself.  Already got a house? Then why the fuck do you need two?,Jobs & money,-0.594,2017-03-05 23:20:37
cvte5qh,Xtian84,So standard Sahrey? &lt;3,Opinions & public issues,0.0,2015-10-09 04:48:25
d10ig6w,The_Real_JS,Ouch...them facebook feels...,Local life & places,0.0,2016-03-15 12:10:54
dd9w5w5,salutnomo,"The correct answer is [""up yours, kid""](https://youtu.be/UeHcZnvUIeE).",Trains & trams,0.0,2017-02-03 09:39:35
crevbq9,werdan,How much engineering work would really be needed if the thing was designed to support the weight of two fully loaded steam trains?,Work hours & uni,0.4019,2015-05-20 03:52:31
cohreod,zozozozozoz,"I don't have FB! Sorry!

I'm in Brunswick and work West Melbourne (soon to be City).",Casual chat & reactions,0.2037,2015-02-11 03:06:21
de9m4ik,freeriderau,"No - thank whoever makes slow traffic (cyclists) mix with fast traffic (cars).

Need mode seperation.",Work hours & uni,-0.5122,2017-02-27 06:19:14
e1wfqyu,Coz131,Don't get why they need to make a new font. What a waste of money.,Jobs & money,-0.4215,2018-07-06 16:59:28
e6rdwq4,dumblederp,Does launched from your room mean screen printed in China and drop shipped to customers?,"Cars, bikes & police",-0.1531,2018-09-27 21:50:27
dmeku8o,McSquiggly,"Well, it is the exact opposite of the attitude that got us into this problem ""I hope the price keeps going up so I can keep making money and fuck anyone else""",Work hours & uni,-0.3869,2017-09-01 01:05:18
chgl1p9,grahampaige,That next week you will realise you really needed,Opinions & public issues,0.0,2014-05-13 04:08:36
d42foqr,rdmarshman,"EARLY PLANNING AND ENGINEERING ASSESSMENTS UNDERWAY 

(We've done fuck all) I'll check the rest tomorrow. All of these seats with the exception of Brunswick would require a ~10% swing to change, after preferences. I'm looking forward to doing the rest. 

CLYDE ROAD

BERWICK

Train line: Pakenham

Safe Labor


MORELAND ROAD

BRUNSWICK

Train line: Upfield

Labor, Greens closing gap


CAMP ROAD

CAMPBELLFIELD

Train line: Upfield

Safe Labor


BELL STREET

COBURG

Train line: Upfield

Safe Labor


SOUTH GIPPSLAND HIGHWAY

DANDENONG

Train line: Pakenham

BUCKLEY STREET

ESSENDON

Train line: Craigieburn

Safe Labor

GLENROY ROAD

GLENROY

Train line: Craigieburn

Safe Labor

HALLAM ROAD

HALLAM

Safe Labor

Train line: Pakenham

TOORAK ROAD

KOOYONG

Train line: Glen Waverley

Safe Liberal

AVIATION ROAD

LAVERTON

Train line: Werribee

Safe Labor

MAROONDAH HIGHWAY

LILYDALE

Train line: Lilydale

Safe Liberal

MANCHESTER ROAD

MOOROOLBARK

Train line: Lilydale

Safe Liberal

CHERRY STREET

WERRIBEE

Train line: Werribee

Safe Labor

WERRIBEE STREET

WERRIBEE

Train line: Werribee

Safe Labor

FERGUSON STREET

WILLIAMSTOWN

Train line: Williamstown

Safe Labor",Casual chat & reactions,0.9851,2016-06-09 16:11:11
d39lasb,klynkitty,You may have to venture somewhere further out from the cbd like Box Hill or around Preston market.,Casual chat & reactions,0.3612,2016-05-18 00:48:59
d33jq90,raybal5,I know you did write Portland OR but you may need to know that we do have a Portland here in Victoria (a medium sized regional seaside town) and not too many people in Melbourne Victoria are familiar with USA state abbreviations. The key to good communications is to avoid jargon and consider your audience.,Opinions & public issues,0.2617,2016-05-13 02:30:45
c29jokx,energy4anarchy,Ignorant here: What do we expect we'll get once the snow melts?,Local life & places,-0.2732,2011-08-02 06:49:32
chja27n,blahblahbush,[Mathews Timber](http://mathewstimber.com.au) in Mitcham have a decent range.,"Cars, bikes & police",0.0,2014-05-16 04:46:07
duvgjje,dinosaur_underling,"I live 10k's out and it takes me 15-20 mins on the train to get to the CBD general or about 30 mins door to door.

are you going across suburbs? or into the CBD?",Casual chat & reactions,0.0,2018-02-26 21:50:35
cv8sggw,farqueue2,"on a side note, if it was me, i'd be hoping the car wasn't recovered (assuming insurance is involved) 

You do not want a stolen vehicle returned if the alternative of an insurance payout is available. 


You do not know what they've done with that car - let me assure you it hasn't been driven in a careful manner, and well maintained in the time it was gone.",Work hours & uni,0.8521,2015-09-21 06:36:57
dc40ees,Joshtopher_Biggins,"&gt; Forecast issued at 4:20 pm

Nice",Politics & traffic,0.4215,2017-01-07 07:11:21
e2poz59,CoeusLoki,"Ok dude, it's a Friday night.  Go have a drink and chill out.",Local life & places,0.296,2018-07-20 07:43:10
cofj914,thesilverliningisnow,"I totally agree, a serious amount of corruption happens here from local to federal.

I think that the huge rate of approvals in Mr Guys time has more to do with the property boom timing as it became more profitable to build them.

I just get sick of the blame the libs attitude when both sides are as bad as each other!",Work hours & uni,-0.4156,2015-02-09 01:38:02
db3amt4,lucidlunch,"Love yr music taste but I have no musical talent whatsoever to contribute 😂. Please update if u guys get a gig somewhere, will come to support.",Local life & places,0.7993,2016-12-12 07:42:21
dr2w3gz,thrml,"Yeah, I get it, I'm not getting any.",Jobs & money,0.296,2017-12-11 10:18:55
ddrbfi8,EarlChop,"Fines are issued by the police, not CityLink. 

Having a monthly statement would be irrelevant here.",Jobs & money,0.0,2017-02-15 02:06:54
duw99py,chesserder,U think uni is bad? Try working 9-5 and raising two kids who play sports.,Local life & places,-0.2732,2018-02-27 07:07:06
e1s31qa,fuckoffchelsea,So downvote them. Sort by Top and you won’t see it.,Work hours & uni,0.2023,2018-07-04 14:46:43
dx6h8ef,everysaturday,"PM'd, not a recruiter but a senior hiring manager for a high end IT service provider. We are going to have a coffee. Email me back.",Work hours & uni,0.0,2018-04-11 12:04:04
e8nfk5n,lemondrop__,Hehehe so cute 🐱,Politics & traffic,0.5095,2018-10-29 06:50:55
cdttt5d,energy4anarchy,"Ahh come to think of it, he wasn't that bad! Good on him I guess.",Politics & traffic,0.1867,2013-12-05 01:42:58
d7b7okp,J0rdz,Make sure you book ahead if you're planning to head down. It can sell out on the weekends.,Politics & traffic,0.3182,2016-09-06 06:24:16
cirgkqg,m00nh34d,"Ninja bike riders, you can't see them.

AAAAAANNNNNYYYYYYYWWWAAAYYYYY, it is the law to have front and rear lights at night (front being white, and rear being red, specifically). Not that it really helps much here, dickheads will be dickheads.

Also of note, I have seen ""blitzes"" taken place on these kind of things before in various areas. So if they're regular riders they'll likely get caught out sooner or later.",Work hours & uni,0.4391,2014-07-08 09:37:19
cvdm6jp,whacknal,"Yep some one will surely snapchat police with a knife in them "" lololol just got stabbed. Search find my iphone for my location""",Jobs & money,0.296,2015-09-25 11:02:02
db9tbb3,IzDatU,I was at Blackburn Station this morning and I didn't get my croissant,Casual chat & reactions,0.0,2016-12-16 15:51:08
cfyp4be,Funkyalien,"I haven't been, but have a friend who swears by trotters on Lygon street. I usually just head to yarraville and pick somewhere cute",Casual chat & reactions,0.8625,2014-03-10 03:12:32
cv8wnpp,tpgprice,"There's some great canola fields between Sunbury &amp; Clarkfield (still in zone 2) that look pretty [amazing](https://www.google.com.au/search?q=clarkfield+canola&amp;client=ubuntu&amp;hs=Uqg&amp;channel=fs&amp;source=lnms&amp;tbm=isch&amp;sa=X&amp;ved=0CAcQ_AUoAWoVChMIqrLL_YSIyAIVlRCSCh3esAwy&amp;biw=773&amp;bih=410#channel=fs&amp;tbm=isch&amp;q=sunbury++canola) - but not for a month or so.

Further, in the same direction, you can go to Mt Macedon, no Public Transport to the top of the mountain, but great views from Riddels Creek (zone 2) or further Gisborne or Macedon stations (Vline, past zone 2 &amp; much more expensive).",Casual chat & reactions,0.8658,2015-09-21 11:44:24
d32aqv4,aleks93,"It depends man, depends on the days, depends what time the venue shuts. For example, on Saturdays I work from 4pm to 1am.",Local life & places,0.0,2016-05-12 04:12:57
d7iuc02,Wizard_of_Ozzy,"I also watched the Big Short last night, how good is it?",Local life & places,0.4404,2016-09-11 23:16:28
cem1mub,Pierce325,"Its all relative I think, New South Welshians and Queenslanders couldn't cope with it ;)",Casual chat & reactions,0.2263,2014-01-10 10:11:56
d108n8o,continental-drift,"Nope. I usually have more energy to do stuff. However I usually end up doing a little bit of house work, and then snacking and playing FIFA for the rest of the day.",Local life & places,0.4927,2016-03-15 03:43:06
d32ddej,Phallic,"Closing time of the venue + anywhere from 30 minutes to 2 hours depending on how much cleaning/pack down the bar staff are expected to do, which varies venue by venue.

If you're the ""new kid"" expect to be closing on weekends, too.

24 hour public transport on weekends is an absolute Godsend for hospitality staff.","Cars, bikes & police",0.5859,2016-05-12 05:49:04
dkztot5,nnikol1,Glad I quit smoking...,Politics & traffic,0.4588,2017-08-01 02:12:12
cbydjam,e-jammer,"Thank you for proving my point far better than any scientific study could.

We have to fix your brain after you fry it moron.

Don't worry though, its clear we have lost nothing :)",Work hours & uni,0.3455,2013-08-30 13:50:35
dv1v5b0,randoacc11,did you take it back? they must have just waved it near the heat and then served it up!,Casual chat & reactions,0.0,2018-03-02 02:41:48
cuu7rhi,atregent,"It's BWD's birthday today! 

EDIT: Correction, today is the anniversary of his adoption (7 years today!). His birthday is in December (he'll be 9 this year)",Local life & places,0.0,2015-09-08 07:10:32
cgqh371,PinkyNoise,"Alamein doesn't terminate at Camberwell, but it does start there. You can go direct from Alamein to Flinders but you can't go direct from Flinders to Alamein, most of the time.",Casual chat & reactions,0.0,2014-04-12 08:42:07
cnqm5dw,lolsail,"THAT WAS A LE EPIC MAY MAY FRIEND

EVEN THAT SHITTY ORPHAN WORD ON THE BOTTOM LINE

MASTERFUL WORK",Local life & places,-0.1027,2015-01-16 05:01:16
e5l22yw,Rosasome,Muslims arnt racist?,Trains & trams,-0.6124,2018-09-07 23:25:53
e6d7jm9,Reynbou,"Absolutely I would! Of course I would. Why the fuck wouldn't I? 

That's like PART 1 of how you describe someone. Skin colour first, eliminates a large part of the population from your search.

How retarded would you be to not try to remember their skin colour and race?

That's like witnessing a hit and run and not looking at the colour of the car. Are you stupid?",Work hours & uni,-0.901,2018-09-21 07:03:19
dfzn0ik,jointhedots-,I just bought shoes and the store put the wrong size shoes in the box. Eugh :( Have to go back tomorrow.,Politics & traffic,-0.7184,2017-04-08 07:06:57
e1l0m3w,flora_poste_haste,"Have decamped from my study to my garden to work, as it's so nice. Mildly considering lighting the fire, though, as it's a wee bit chilly and the dogs won't sit on my feet when we are outside :(",Politics & traffic,-0.1739,2018-07-01 02:39:25
den9ztv,Rosasome,Crazy.  Don't they realise if they legalise recreational cannabis then people won't go anywhere near synthetic Cannabis again?,Trains & trams,-0.34,2017-03-08 02:22:36
dfzhz6t,amy__4321,Don't forget to ask how often the blinker fluid has to be changed!! It can be pretty hard to get hold of and pricey so you don't want a rubbish car that needs it changed weekly.,Jobs & money,0.5521,2017-04-08 04:01:45
dtk7kf7,sealandair,That's good thinking! I need to figure out how to do that.,Jobs & money,0.4926,2018-02-01 06:35:27
dbg7e78,dinosaur_overlord,"one of the beauty youtubers i follow was *sent one* for **free.**

I'm so resentful.",Jobs & money,0.5729,2016-12-21 02:37:00
cxrxch0,PM_ME_YOUR_CHESTHAMS,"There may have been some kisses and a lot of cuddling! But yeah, we just sat there talking and watching the lights.",Local life & places,0.6419,2015-12-08 20:16:41
d1f4473,karlosvonawesome,"Tastes exactly like you'd expect coffee from cheap beans made by a machine. Little bland, slightly stale taste, but better than instant. By no means ""good"", but if you need the caffeine...

Used to drink them while studying when I couldn't afford to go to the cafe.

I find it's more economical to just have your own espresso machine at home and just have the occasional coffee at a cafe. Very frivolous habit buying coffees every/multiple times a day from cafes.",Casual chat & reactions,-0.0795,2016-03-27 10:14:48
ck0j6sd,Steve00,"My friend and i have decided to move to Europe next year! Still not 100% sure on where yet, will depend on his visa restrictions etc. Pretty excited though, i kept making excuses as to why i couldnt commit to going and realised how stupid they all sounded!! Still be here for about a year but then its off out into the big wide world!",Local life & places,0.4484,2014-08-26 01:58:01
dz3ype1,sahrey,How generous of you to grace us with your presence! There's less dickheads overall.,"Cars, bikes & police",0.75,2018-05-17 02:25:04
chyhnx7,Rabid_goat,"Or he could eat the grub AND get a refund.

Think of the value!",Jobs & money,0.4003,2014-06-03 23:49:28
duw0ynn,Slayer_Tip,"hurr durr no shit cuntlock, i never said it wasnt.",Jobs & money,0.4449,2018-02-27 03:45:06
djhvp0u,K300Ninja,"Haha, righto mate. Ever driven your car with the window down in the city?",Politics & traffic,0.4588,2017-06-28 03:50:56
dsq5eyf,Puddlette,"Ugh. Why haven’t I won lotto yet. One powerball.......


 (Side note: do not buy lotto)",Opinions & public issues,0.2263,2018-01-15 19:25:04
d5a7nhh,zozozozozoz,HAHAHAHAAAAAAAA. no. i'm bored.,Local life & places,-0.2732,2016-07-13 04:46:43
e7jvlv5,Kevrulezz,"&gt; They said they can only guarantee 9mbs.

The thing with the nbn and ISP's is that they got into a lot of trouble for advertising X speed but due to congestion only being able to deliver Y speed, so here they are saying you can get a guaranteed 9mbs but it will probably be higher...at less congested times.

A lot of the major ISP's (Telstra, Optus, iinet/TPG) offer lower costs because they don't buy enough capacity on the nbn to give everyone 50 (or the max speed your paying for) down all the time, especially when kids come home from school and jump on Youtube and adults get home from work and jump on netflix.

So you have two choices really, go with a major ISP and get slower speeds then the max you pay for on weekday evenings and weekends (basically when you are probably home and wanting to use it) or fork out a bit more for a smaller ISP like Aussie Broadband (who I'm with) who do purchase the right amount of capacity and get the speeds you pay for.

As I said I'm with Aussie Broadband, they are good, haven't had any significant problem that was their fault and you can customize your plan to get what you want, but you will be paying more.",Work hours & uni,-0.6992,2018-10-11 02:20:56
d7iikch,universe93,I dare you to end the official ceremony by yelling SUCK IT BITCHES WE WERE ALREADY MARRIED and run out screaming to your honeymoon with all the presents in tow,Local life & places,-0.8971,2016-09-11 19:02:06
cnm58ta,name_censored,Looks like they couldn't decide whether their car was a bicycle or a tram so they went halfway.,Work hours & uni,0.3612,2015-01-12 03:30:45
cckraxw,daniterida,"Sadly he passed away last year.

http://www.theage.com.au/victoria/last-spin-for-dancing-man-20120601-1zmvk.html",Local life & places,-0.4215,2013-10-04 05:09:35
2c7i5s,tikithehooka,"Hi Melbourners!

I'm producing a 5 minute student film entitled 'Delusive' - we are looking for 2 male actors and 1 female actress. Expenses will be paid for actors that are selected.

----------

Synopsis

With just minutes left, the magician still has doubts about performing his final trick. However, with the arrival of an older man from his past, the magician realises that magic may certainly be all around him.

MAGICIAN: Male, aged 20-30
ASSISTANT: Female, aged 18-25
OLD MAN: Male, aged 50-70

We have posted a casting call on Starnow - you can view it [here](http://www.starnow.com/Casting-Calls/Actors-wanted/Short-film/actors_actresses_needed_for_5_minute_short_film_based_in_melbourne.htm)

If you have any questions about the project please click the link for further information. Please PM me for my e-mail if needed. Thankyou!",Opinions & public issues,0.7418,2014-07-31 03:41:38
d34tu1g,Supersnazz,"Awesome work. 1. Is a good answer, but wasn't what I had in mind.","Cars, bikes & police",0.5423,2016-05-14 02:06:29
d49lgsg,Cheese_the_Cheese,"Nice. That's going to be one epic night out. 

Edit: Holy shit, have you seen the Bennies touring schedule through October, that's twice to the UK this year, those boys are machines, party machines.",Local life & places,0.2263,2016-06-15 01:14:55
d0cn88o,Miles_Prowler,Anyone have any recommendations for a sub $15 lunch in the cbd? Getting sick of 8bit and pizza...,Local life & places,-0.5106,2016-02-25 00:16:20
cnh2hgc,autowikibot,"#####&amp;#009;

######&amp;#009;

####&amp;#009;
 [**Trams in Sydney**](https://en.wikipedia.org/wiki/Trams%20in%20Sydney): [](#sfw) 

---

&gt;

&gt;&gt;*This is an historical article about the now-closed tramways of Sydney. For the current network, see [Light rail in Sydney](https://en.wikipedia.org/wiki/Light_rail_in_Sydney).*

&gt;The __Sydney tramway network__ once served [Sydney](https://en.wikipedia.org/wiki/Sydney), the [capital city](https://en.wikipedia.org/wiki/Capital_city) of [New South Wales](https://en.wikipedia.org/wiki/New_South_Wales), [Australia](https://en.wikipedia.org/wiki/Australia). In its heyday, it was the largest in Australia, the second largest in the [Commonwealth of Nations](https://en.wikipedia.org/wiki/Commonwealth_of_Nations) (after [London](https://en.wikipedia.org/wiki/London)), and one of the largest in the world. It was extremely intensively worked, with about 1,600 cars in service at any one time at its peak during the 1930s (cf. about 500 [trams in Melbourne](https://en.wikipedia.org/wiki/Trams_in_Melbourne) today).

&gt;Throughout the first half of the twentieth century, an average of more than one tram journey per day was made in Sydney by every man and woman, infant and child in the city. Patronage peaked in 1945 at 405 million passenger journeys. The system was in place from 1879 until its winding down in the 1950s and closure in 1961 (a single horse-car line operated from 1861 to 1866). It had a maximum street mileage of 181 miles (291 km), in 1923.

&gt;====

&gt;[**Image**](https://i.imgur.com/sO3FXwC.jpg) [^(i)](https://commons.wikimedia.org/wiki/File:Trams_on_George_Street_in_front_of_the_QVB.jpg)

---

^Interesting: [^Rushcutters ^Bay ^Tram ^Depot](https://en.wikipedia.org/wiki/Rushcutters_Bay_Tram_Depot) ^| [^Sydney ^Steam ^Motor ^Tram](https://en.wikipedia.org/wiki/Sydney_Steam_Motor_Tram) ^| [^Sydney ^F-Class ^Tram](https://en.wikipedia.org/wiki/Sydney_F-Class_Tram) ^| [^Sydney ^H-Class ^Tram](https://en.wikipedia.org/wiki/Sydney_H-Class_Tram) 

^Parent ^commenter ^can [^toggle ^NSFW](/message/compose?to=autowikibot&amp;subject=AutoWikibot NSFW toggle&amp;message=%2Btoggle-nsfw+cnh2hgc) ^or[](#or) [^delete](/message/compose?to=autowikibot&amp;subject=AutoWikibot Deletion&amp;message=%2Bdelete+cnh2hgc)^. ^Will ^also ^delete ^on ^comment ^score ^of ^-1 ^or ^less. ^| [^(FAQs)](http://www.np.reddit.com/r/autowikibot/wiki/index) ^| [^Mods](http://www.np.reddit.com/r/autowikibot/comments/1x013o/for_moderators_switches_commands_and_css/) ^| [^Magic ^Words](http://www.np.reddit.com/r/autowikibot/comments/1ux484/ask_wikibot/)",Trains & trams,0.4696,2015-01-07 07:11:08
cvpz1nz,itswin,Not exactly ice cream but froyo have a really nice matcha frozen yogurt. The rice workshop green tea soft serve doesn't taste as strong or hardly like green tea. Tastes quite bland,Politics & traffic,0.5263,2015-10-06 11:36:55
ca760d7,muskawo,"The best op shops are the ones you dont tell anyone about ;)

My pick would be poorer suburbs and suburbs further out of melb. less hipsters and antiques dealers go through them, so more chances of success.","Cars, bikes & police",0.8731,2013-05-28 01:14:31
di0kzpg,drunkill,"SOG uses M4s, upgrading from F88s a few years ago + whatever else they need but aren't called out much, CIRT are on patrol every day and use HK45 SMGs and M9 shotguns.",Jobs & money,0.0,2017-05-25 06:47:17
ctwtuyt,punster_mc_punstein,"Never even heard of them.

Why would anyone settle for any scroll other than Apple &amp; Walnut in the first place?",Trains & trams,0.0,2015-08-09 13:00:49
dmvte5z,DolphinGiraffe,I like hot desking but you need to have the right office environment and everyone on board. Some people hate change and want the same spot everyday.,Work hours & uni,-0.5927,2017-09-12 01:48:24
cbagzsb,2COOL4U69,"IN 52 MINUTES NOBODY WILL KNOW THAT I WAS FIRST!

Life is so unfair sometimes.",Work hours & uni,-0.6466,2013-07-26 02:51:06
cdsxnld,CandyButler,Sure son lemme get my tie,Politics & traffic,0.3182,2013-12-04 00:33:10
ca142mg,InactiveUser,"Special note for pickers. 

When you pick, use a tissue to pull spores of the fungi. Wipe the tissue along the ground where the fungi came from. Also, find similar trees and thier roots around you and repeat. 

Each tissue wipe can pull tens of thousands of chances to grow more, new fungi colonies. 
If you continue to pick without doing this, the fungi can eventually die out. No more fun time.",Work hours & uni,-0.6803,2013-05-18 09:10:55
cvta50u,stinx2001,"Home alone tonight, smoking pork tomorrow, then a practice run on Sunday for Tough Mudder next week.",Local life & places,-0.3612,2015-10-09 02:38:28
chp3lhx,zozozozozoz,"WELL. I moved here from Brisbane about 6 months ago and I don't have many friends so I thought i'd turn to the internet. And secret clubs are always cool. And I'm cool. So naturally I should be in the club. It's just logic.

I do commercial admin for work, I live inner north, I enjoy music, dogs, eating, drinking and most other normal human things.  

Am I in?

Edit: Forgot to answer the Tony Abbott thing. Pretty self explanatory though surely?",Local life & places,0.9265,2014-05-23 07:35:19
cpkv994,Aussiemoo,Mental illness is not like some infection that goes away with clean water and sunshine. He obviously became noncompliant with his medications (as a conscious choice) at some stage and went off the deep end.,Trains & trams,0.2709,2015-03-20 10:36:24
d7zvkf8,caylem00,"If he has dyslexia and it's been tested and officially diagnosed, then he should be able to get funded support from the school. Ring up schools and ask about their ed support dept and what they could do for him.",Work hours & uni,0.6597,2016-09-24 06:27:15
c3wk1f3,jambled,"29th Avenue in St Kilda (Fitzroy St). Collingwood World just off Gertrude St, Fitzroy/Collingwood (try the Bloody Sandy cocktail - amazing!). Or there's the Young &amp; Jackson cider bar. Sometimes the music is good. Sometimes not so good. And they play AFL blah. Siglo on Spring St is also awesome, a great 1st date bar.","Cars, bikes & police",0.9055,2012-03-01 11:06:47
d6um818,verheyen,You are a fantastic person.,Politics & traffic,0.5574,2016-08-24 13:31:48
dbaun38,cukmamqu,This is why I don't bother reading reviews from randoms on the internet.,Jobs & money,0.2584,2016-12-17 07:36:31
ck63xv7,Shes_the_Cheese,"That's the point, once you dob your boss in, any unfair treatment or cut in shifts only compounds the problem for them, not you. Any changes to normal routine will only deepen their problems.

Threatening your colleagues, threatening you by threatening to cut the shifts of others or sack other leads to the same deep water for your employer. 

The gain to the individual will be their owed pay and superannuation and a boss who now understands they can't treat people however they want just because they own a business. 

Why do you insist that the person will loose their job? I understand the pressure, the stress and the financial strain but is your future, health and a fair wage really worth sacrificing for the sake of someone else, especially if their motivation is to exploit you?",Work hours & uni,-0.7099,2014-09-01 08:01:45
ck0l7qm,daz123,"Uggh l feel your pain, l just found out l am going to be confined to bed for about 6 weeks min after my op in a couple of weeks .May have to find away of getting the last couple of seasons of Breaking Bad to see me through it, as l will be climbing the walls by the end of it .",Local life & places,0.6369,2014-08-26 03:10:21
dka3ru1,indehhz,I don't go to Centrelink though? I make enough for my travels and hobbies...,Trains & trams,0.0,2017-07-16 04:09:40
ci0ht2r,NoodleBox,"I'd try the Queen Vic Market. If not, try some of the Italian supermarkets in Fairfield.",Trains & trams,0.0,2014-06-06 05:38:48
dwwhlc4,Miss-Omnibus,You're having a whinge about something clearly not directly related to melbourne but about a app. I would think it would count as not relevant and therefore spam. if you're having issues with an app you'd think it common sense to send and email or feedback complaint to the situation at hand and not just pick a random fucking subreddit to post to.,Jobs & money,0.0258,2018-04-06 07:46:51
e2p2cfq,Akira675,"Ah, right, so an Apple store will be right on theme?

The existing businesses are things like [the NGV, The Koorie Heritage Trust and ACMI.](http://fedsquare.com/shopvisit) Not exactly mass market consumer goods.",Opinions & public issues,0.7003,2018-07-19 23:48:42
cpvdpgl,timrichardson,the specs include a section on regional transport ... so this is even better than I expected.,Opinions & public issues,0.4404,2015-03-30 09:57:17
ctwpm26,DT2014,My stomach is interested.  Tell me more about these scrolls.,Local life & places,0.4019,2015-08-09 08:06:48
duw46ef,whackadoodle_cracked,"Ehhh, I've done k plenty of times but I wouldn't go near heroin... not the same IMO",Casual chat & reactions,0.5334,2018-02-27 04:48:51
ck0e5a8,atregent,"I think it's a metamorphic rock, but I like the suggestion of some sort of symbiotic relationship between the slate and the cows that make the cheese.",Politics & traffic,0.5023,2014-08-25 23:00:02
c4lhaux,Bourkster,"Is there a secret code or phrase used by inspectors to identify themselves if another inspector attempts to write them up? I understand you wouldn't likely fare evade due to the nature of you job, but you'd have to have a 'just in case', right?",Work hours & uni,0.0,2012-05-08 10:18:00
e0sy6oi,twerkshop,"Choosing a place to work, then complaining about the location is just blaming other people for the trade-off you already made.",Work hours & uni,-0.6124,2018-06-17 03:37:26
cqi7pki,am_at_work_right_now,That one dude was sort of a gangster too right?,Work hours & uni,0.0,2015-04-20 04:57:05
e2dbicb,The_Fiddler1979,You're right- and pulling your interval data is really helpful for comparison if available from your retailer too!,Opinions & public issues,0.5244,2018-07-14 10:23:29
d4pax1f,DontMentionWombats,"PSA:  don't post PSAs.


:D",Jobs & money,-0.5014,2016-06-27 01:56:46
dbav7q6,Priapraxis,Yeah! That way you can have your ~~cake~~ beef and eat it too.,"Cars, bikes & police",0.3595,2016-12-17 08:05:02
e1roafn,icryoboss,"It makes sense to me that the best martial art to learn for real world applications would be something that DOES do resistance training, conditioning and sparring. The only time (from what I've read) that learning something like WC/Akido would be practical (even if it's fun) is only after you're already a capable fighter",Trains & trams,0.9217,2018-07-04 08:13:22
doj8wrh,ziyal79,"I did workplace law this year (masters level law student) and her boss can't use the casual basis of her job to compel her to work or any such thing, nor can he dismiss her because she's temporarily absent due to injury. The electric work (and subsequent shock) needs to be reported to Workcover, and worksafe (as someone said earlier). 

At a bare minimum, the employer has broken his common law duty of care through his negligence to get a licensed sparky, so medical costs, lost wages and general damages are potentially recoverable via civil litigation. If you ever get your mitts on the electrician, he can be sued for damages too.

If hypothetically, your boss does anything to disadvantage your sister, and her capacity to earn her wage, she can resign and sue through fair work for unfair/unjust/harsh dismissal.

Lastly, about your sister's rent: You can be up to (but not more than) 14 days in arreas before the landlord (private or real estate) can kick you out. But it's always good form to let the real estate know what's going on. Does your sister live alone? If so, she can get a week's rent through Women's Housing Victoria. If she calls them on 94126868 on a Monday morning first thing, they'll pay a week's rent for you once per year. It might be another way to take the pressure off.",Work hours & uni,-0.8634,2017-10-18 11:39:35
ds2ck4m,TheSolarian,"Anyone with a brain knew full well that letting in large numbers of refugees from Africa was going to cause a huge problem.

Then the left wing said ""That's racist!"" and they let them in and now the problem is clear for all to see.",Work hours & uni,-0.5707,2018-01-02 03:34:30
cdb93nu,charlienorman,"I've got three cats,  should be a piece of piss!",Politics & traffic,-0.4574,2013-11-10 21:34:44
cq8vg23,vaderlvr,"Wrong Isis, that's the primary care group out west. There's one with a yellow sign on kings way that I think does financial services...Something. And why should they change their name? If there's a terrorist group called Sydney, should Sydney the city change their name too? Isis was also an Egyptian goddess. 

Edit.the one on queens rd is a property fitout group http://www.isis.com.au/",Trains & trams,-0.7149,2015-04-11 15:36:39
dhm2p1p,loklanc,"&gt;Put another way: we'll define fascists and fascism as we see fit.

Put a third way: how bout we stick to the dictionary and/or common academic usage. Nobody defines fascism as ""opposition to enlightenment values"".",Trains & trams,0.5267,2017-05-16 02:53:28
d4y2051,FullmetalVTR,"Is it strange that arguably the most popular podcast produced in Melbourne, The Weekly Planet, doesn't seem to have made either list so far?",Trains & trams,0.0754,2016-07-03 21:01:32
du3dgi4,n0ob123,"Fuck yeah, Springy represent.",Jobs & money,-0.3182,2018-02-11 19:57:49
dw72v1t,Quesnay_J,"&gt;Diversity is an inherent quality of strength and you see this across nature and within economics.

Cite a study with respect to economics, culture and human society - what level of diversity are we talking about? Is any level okay or is there a point at which you see declining returns and negative benefits?

&gt;Because every culture is interesting and special in their own right, from the cuisine to the custom

Not necessarily. And what is some cultures have pernicious or obnoxious practices - should we import them as well? Should they be included in the diversity portfolio?

&gt;If you look back at all the previous groups of immigrants you can see that they've all left their mark on the culture, cuisine and the city as a whole. 

To a point, but how much diversity do you want?",Trains & trams,0.7724,2018-03-24 03:10:55
cvt9vyi,zozozozozoz,check out the birthday creep over here,Local life & places,0.0,2015-10-09 02:31:26
dqnjpw4,angrypotato1,Car port or garage I'm guessing,Casual chat & reactions,0.0,2017-12-02 12:08:21
d4p8ddy,crunchymush,"Weird. All the cars in my neighbourhood were taught to merge, not indicate and then check the radio.",Work hours & uni,-0.1779,2016-06-27 00:45:17
dfcexqz,jmemequeen,"Thoughts exactly 

I mean I'm not fussed, I was quitting when I was supposed to go in Sunday sooooo all g",Work hours & uni,0.0,2017-03-24 10:04:36
dz4bf0m,thatbeep,Disagree! It's delicious.,Politics & traffic,0.3382,2018-05-17 07:29:00
ddwcvky,Imponte,Seeing a fair few mormon adverts on TV. Not a fan.,Politics & traffic,0.0869,2017-02-18 09:52:42
d6gz2pa,Bigdickeddy,"Yeah I feel ya bro, my boss is here like 12 hours a day and comes in on weekends - I can't escape her.",Local life & places,0.4909,2016-08-14 12:14:25
dreuzy8,AusSco,First draw in our current place. But it's not the main set of useful draws.,Politics & traffic,0.5927,2017-12-18 06:32:56
e23pitu,gccmelb,This article is just a rehashed shit from 3 months ago. Well done Age. Too many journalists must be holidaying in Europe.,Jobs & money,-0.3612,2018-07-10 02:30:41
cb2t6fs,roney2410,Hampton cc great club!,Local life & places,0.6588,2013-07-15 03:11:35
dqr1krh,WisdomOfJahash,"Yeah for sure, only watched the first episode but I'm interested to see how it progresses",Politics & traffic,0.7003,2017-12-04 15:11:28
1cuvrs,PrivatePSYcho,"I'm aware of some clubs that play EDM (eg TFU, Wah-Wah), but every time I've been anywhere, all I hear is:

1.  Commercial stuff
2.  Old-ish techno (DJ Jean anyone?)
3.  Hardcore/drum&amp;bass/dub/trap etc

I'm keen to hear music from the following people (is it dirty electro? I dunno):

* [You Killing Me](https://soundcloud.com/youkillingme/you-killing-me-we-pray-for-you3)
* [F.O.O.L.](https://soundcloud.com/f-o-o-l-mixtapes/f-o-o-l-omgitm-celebration)
* [Belzebass](https://soundcloud.com/belzebass/sets/wet-dog-ep)
* [Haezer](http://www.youtube.com/watch?v=fc3WwUrtc4o)
* Cyberpunkers()

[Trashbags](https://www.facebook.com/Trashbags.club) in Sydney is a close bet to what I'm after.

Anyone know of anywhere?",Local life & places,-0.8385,2013-04-22 11:26:30
dzcy6m4,party973,Have you been following the Royal Commission?,Opinions & public issues,0.0,2018-05-21 23:44:22
c3b6g6a,andrewinmelbourne,Shark incoming in 5...4..3...2...,Politics & traffic,0.0,2011-12-26 02:25:13
dl3micc,oldskoolr,"Because I'm not a petty, bitter, angry, self entitled human being who is happy to let people have their cancer sticks then make up terms to make it out that your being victimized.  Have some concrete and harden up",Work hours & uni,-0.4168,2017-08-03 07:45:15
d332zg9,MelbMockOrange,Hipsters.  Hipsters everywhere.  Just like Portland.,"Cars, bikes & police",0.3612,2016-05-12 19:33:18
csufutn,danshep,They didn't trawl through the cell tower to identify the phone. They already identified him as a suspect and then pulled his cell tower records after that.,Jobs & money,-0.296,2015-07-07 00:36:11
cgyk42t,HBOXNW,"More like, Queen Vic Market given to Liberal Party supporters and then ruined for a quick profit.",Trains & trams,0.8016,2014-04-22 00:23:09
dua0is3,RichyRichyRichyRich,"Neither do I. If you add entertainment, home audio, Netflix's, mobile phones, cars and everything that goes with it, taxis, basically everything you can think of that you put on your credit card you get zero financial return on. 

So my question is, why is CBA worried about us getting zero financial return on cryptocurrencies. 

And to all the people who automatically downvote because this conversation doesn't suit their conventional way of thinking, go for it!  It wasn't intended as a debate but people these days are emotional about everything. However if you have the intellect I believe this is a conversation worth having. 

Blindly trusting CBA's morals has proved us wrong before...",Work hours & uni,0.7988,2018-02-15 08:03:15
cukdyoj,melbournite1,"Some of you guys will remember my comment last Sunday telling the world with much happiness and joy that Telstra was going to connect my phone at long last. Well they did come on Wednesday and it took a five week campaign which was hindered but the incompetence of Telstra to have works completed.

listern to this one. Oh dear Telstra you are driving me crazy. I have a live line in but Telstra cannot supply me with a phone. Yep, you read it right. Telstra the telephone people have run out of phones and they are on back order and will let me know when new stock arrives.

Tomorrow they are coming to do the the internet setup and I hope they bring the modem with them. Oh, I don't have much faith.

Request and I hope the mods will allow this. Does anyone have an old landline phone up in the shed or at the bottom of the hallway cupboard  which is surplus to their needs. I don't care what it looks like. I can pay some money but not much and will pick up from the city, inner north, Flemington/ Kensington. Help. Thanks :)",Politics & traffic,0.9664,2015-08-30 03:10:34
9igtvf,Throwaway19902991,"Husband has been cheating, how and where does someone get tested?",Work hours & uni,-0.5574,2018-09-24 10:36:25
dmeeqft,twerkshop,Yeah I can't wait to live in Detroit,Casual chat & reactions,0.296,2017-08-31 22:58:02
dfbxnnk,McRage27,Lucky you... except for the Collingwood bit 😎,"Cars, bikes & police",0.7003,2017-03-24 00:32:46
dgxeq74,pressbutton,Sure they do. There's no such thing as a perfect relationship and the answer shouldn't always be to end it,Politics & traffic,0.5859,2017-04-30 00:08:31
c38f84x,BreakTheSun,"Even then, that score isn't hard and fast: I got 78.6, and my course wanted 84.95. Still got in (second round offer)

Moral of the story: Study hard and do your best, but don't think that the way to things you want in life only have one pathway, and don't think that the pathway is as black and white as everyone says it is.",Trains & trams,0.4585,2011-12-15 22:52:22
e7wlazf,Melbfinequestion,"Make sure whoever you uses has a guarantee bond return. Then if they miss anything they’ll go back for free to sort it. That way they tend to just do it properly the first time. I’ve always used vacate cleaners, only had to send them back once and that was just because I had a property manager that wanted to make life difficult.",Work hours & uni,0.5423,2018-10-17 00:30:26
71fqc1,TheRealHumanHefner,"Anyone here play a bit of PUBG and interested in squadding/duo'ing up from time to time?

Will set up a discord if there is interest.

Would be nice to have some teammates in the same time zone for a change :p",Local life & places,0.8481,2017-09-21 01:06:40
c7aakdx,hasteee,"* 10x Burger patties - $8
* 1x Iceberg lettuce - $1
* 4x Onion - $1.20
* 4x Tomato - $1.20
* 1x Tomato sauce/Mustard - $5, once off
* 1x Cheddar cheese - $5.60 for 750 gram
* 1x Loaf of bread - $3
* 2x 2 litre bottles of soft drink - $5
* 4 potatoes - 50 cents
* Total - $30.50.

That's $3.05 for a burger, a glass &amp; a half (~400mL) of real Coke, and some home made French fries. It's even cheaper than that considering tomato sauce and mustard are once-offs. How much is a Happy Meal at McDonalds? A Big Mac meal? More importantly, what do you get in those meals for what you pay?

Can't get what you want for cheap? Not true. Fussy eaters are in the extreme minority anyway and if you think healthier options taste like crap then you'll live a shorter life than the rest of us.

Sorry but self-professed fussy eaters kinda piss me off, I really don't get their deal.",Trains & trams,-0.4291,2012-12-03 03:05:18
4ovsta,negativeblame,"My partner who I normally spend most of my weekend with has become enslaved to his uni degree. I have stated to run out of things to do solo around Melbourne. I've been to the movies, gotten food, and all the galleries at the moment seem to be changing over. What are some suggestions for a solo day out?",Local life & places,-0.4019,2016-06-19 23:31:41
dmf5oob,djdefekt,"hmm, well I've recently moved into a new shared house in melbourne and there are rooms available at a range of prices. i found rooms in the $250-300 to be plentiful, but you very much get what you pay for.  a room going for $250 will likely be rudimentary and pretty small. if you want built in robes, space for a bed and desk etc you're likely looking at $275+ (esp. in a decent area).

there might be some savings to be realised but not quite what you expect.",Opinions & public issues,0.7506,2017-09-01 12:07:48
cky4y2f,megablast,"I don't want to catch a cab covered in dog hair. 

It sounds more like a problem of the dispatchers, sending you non dog friendly cabs. What happens when you call them back?",Politics & traffic,0.4229,2014-10-02 04:03:01
dkxwpln,McSquiggly,"He was never seen from again, though every now and again, if you walk past the same route you took, you can here menacing rocking, and his bronchitis laugh close by.",Casual chat & reactions,0.5574,2017-07-30 22:28:20
dpzbpvs,Hellman109,L&amp;h electrical are good and some are open on weekends too.,"Cars, bikes & police",0.4404,2017-11-17 22:56:05
ctvtn5n,caylem00,Peace Officer was so goddamn depressing and rage-inducing :(,Jobs & money,-0.7407,2015-08-08 11:38:15
c7kxhak,PyromanicToaster,"I'm currently doing Software Engineering at Monash, Clayton Campus. Overall I'd say it's a fairly nice place. For the course itself, the subjects have varied in quality. I've had some really good lecturers and tutors who cared about what they were teaching, explained it well, and were clearly trying to help. On the other hand I've had a few subject which were abysmally run. I don't know people who've done similar courses at other universities, so I can't really compare.","Cars, bikes & police",0.9552,2012-12-23 06:36:50
c7d3zpg,Skeeball_Fanatic,"10/10 would drink beer with. 

Also, is the girl in the polka dot top well known? She looks familiar to me.",Politics & traffic,0.4404,2012-12-08 06:10:43
dpna7wz,twoverend,I can also make out what appears to be the top of a tree.,Politics & traffic,0.2023,2017-11-11 00:50:55
e011ov0,kiss_my_what,"House keys, wallet, phone, passport, car keys, warm jacket.

Have had a few evacuations over the years.",Politics & traffic,0.2263,2018-06-03 05:15:39
cpavhgw,Schnooks,"Dunno man, having watched them cross like rabbits when the traffic is going... The fences they put up in the middle don't make any difference either.",Jobs & money,0.3612,2015-03-11 00:04:57
c330ldh,binjuice_69,"Some medical grade marijuana!  

Seriously though, anything quintessentially Californian would be both interesting and exciting.  I like the wine idea, we don't get many American wines here.  You can usually get foam boxes for shipping at the big, more commercial wineries.","Cars, bikes & police",0.7901,2011-11-27 02:29:42
dkzv743,Hellman109,"Ahh yes, the amount of times cooks have smoked in an outdoor eating area with customers around. 

I think that number is zero because they duck out the kitchen door to a back area, which would still be allowed.",Politics & traffic,0.4588,2017-08-01 02:46:03
d68yyrz,universe93,"That's a pretty broad statement. Some psychologists can be amazingly helpful, I've certainly had a lot of success seeing them. My GP struggled to even refer me to psychiatrist, let alone anyone more qualified than that.",Work hours & uni,0.8503,2016-08-08 13:31:11
cap3vov,zfa,That's OK. Your phallus would have made my wife's day too. She's easily pleased.,Local life & places,0.6486,2013-06-24 11:44:21
dsra9ca,OV1C,"Oh! Well, that's wonderful then! Sorry, I'm a bit behind the times aren't I. Cheers! 

Edit: it told me the page is unavailable :(",Jobs & money,0.2316,2018-01-16 09:46:36
ci5t93d,KagariY,even if its second hand??,"Cars, bikes & police",0.5514,2014-06-12 17:17:08
cavjglw,Bremic,"There is a significant nursing shortage. But there is also a significant drive by the current government to reduce nursing funding.  
They all have private health insurance and private hospitals aren't as understaffed as public hospitals.  
It's a ""user pays"" attitude. They don't use public hospitals, so why should the government pay for them?",Opinions & public issues,0.128,2013-07-04 00:34:47
e4ft78f,TheNoveltyAccountant,"This is what I find odd about Australian designs, other cities have all sorts of crisp crossing public transport in the same system but ours are all to the CBD then back out.",Opinions & public issues,-0.1655,2018-08-19 00:49:37
dwuwgg6,alexxxor,How dare you insult accountants like that. At least they do what I ask them to do.,Politics & traffic,-0.2023,2018-04-05 15:46:53
cz2ii53,ManACTIONFigureSUPER,How new is this? I challenged 11 over in December 2015 and got off.,Local life & places,-0.1027,2016-01-18 07:55:48
334cla,Howeyeonethewrite,"Is there a hip hop scene in Melbourne and where can I be apart of it? 
Just moved here and don't know anyone (:",Local life & places,-0.3875,2015-04-19 12:26:27
e7hxl63,wyyyxx,"Yea, i will definely try this.",Politics & traffic,0.0,2018-10-10 05:25:24
cxvzn3p,HalpTheFan,Netflix and Chili?,Trains & trams,0.0,2015-12-12 00:55:17
cts7zh1,psych357,thanks very much! I know they seem silly but there is a method to the madness!,Politics & traffic,-0.5321,2015-08-05 12:24:51
cd3hslb,Supersnazz,"It says it would use Crown land to the south of the market, my guess is that it's the carpark they are talking about. It's shows up as Crown allotment 7, County of Bourke, Parish of Melbourne North.

http://services.land.vic.gov.au/ The interactive map here shows all the crown land in the area, and this appears to be it.

You could easily double the amount of parking with a multistory, and use only 1/8th of the space, leaving room to expand the market.",Casual chat & reactions,0.5719,2013-10-31 04:13:21
e5jhe73,stonefree251,I don't know if they thought this ad placement through properly.,Jobs & money,0.0,2018-09-07 05:19:33
cgr20ut,spacelama,"Hah.  Look at all the red lines in this graphic: http://en.wikipedia.org/wiki/File:Melbrail_former_present_proposed.svg

I saw a framed map of Melbourne railways from circa 1891 or 1908 (the two years I have in my head, but can't find).  It was fascinating viewing.  Oh woe is us.  Melbourne is too low density to have workable public transport. /sarcasm",Opinions & public issues,-0.4497,2014-04-13 03:55:03
d0cnivz,dinosaur_overlord,"just search through the subreddit for PT- related threads, there have been a few train etiquette ones lately which might help you out. 


**edit:** 


* [etiquette](https://www.reddit.com/r/melbourne/comments/3hnod9/tram_train_etiquette_what_cheeses_me_off/) and another [etiquette thread](https://www.reddit.com/r/melbourne/comments/13w3wo/public_transport_etiquette/)


* [Q&amp;A](https://www.reddit.com/r/melbourne/comments/brrln/melbourne_public_transport/) 


* [Myki](https://www.reddit.com/r/melbourne/comments/1jltgf/can_someone_explain_to_me_how_the_myki_card_works/)

I found it really helpful to study the train/tram maps to see which lines connected where. Usabiluity changes massively depending on which burbs you're in, and where you are working/socialising.",Opinions & public issues,0.6997,2016-02-25 00:23:52
dasglgi,shewoolfep,"Correct.  Several condoms in hand is the only price of entry.  Couples welcome.  Viagra provided, you'll need it this year. Gonna be a big one!  PM for details.","Cars, bikes & police",0.7574,2016-12-04 23:08:47
cwcnho1,star_boy,"Are you talking about 8-bit? There's often massive queues for service, so I don't think your perceived demographic is slowing down their business. Footscray (and surrounding suburbs) is a lot more gentrified than you may think. Some blocks in Footscray are selling for $1M+.",Trains & trams,-0.2263,2015-10-25 21:51:30
e6d5bd4,totallyonsight,"Same here. I had lived in Brisbane my whole life and moved to Melbourne for 1 year. My car was stolen towards the end of my stay, and a friend had their car broken into and laptop stolen in that time.",Local life & places,-0.743,2018-09-21 05:57:06
dmvtfv3,antaresiac,"This is true, but other than the storage thing I've pretty happy with my iPhones (even my buggy as fuck 2G one from the US!)",Jobs & money,0.7777,2017-09-12 01:49:21
dirwhvm,ihascharms,I ordered something online overseas using my cba card the other day and I got a message asking me to verify the transaction first,Opinions & public issues,0.0,2017-06-12 00:12:04
c6pon0r,CammTheMuss,"Definitely live in northcote! 
You have high street which in itself has a good nightlife with dozens of bars and cafes. 
Not only that, but you are close to the 86 and 112 trams which take you straight into the city, and straight to Brunswick street for the weekend, where you will meet nice, outgoing, social people around your age who love a beer. 
I've never lived in another country, but I have travelled extensively, and for me (maybe because it's home) it's the greatest place to live in the world. I love it.",Casual chat & reactions,0.9839,2012-10-21 15:37:33
e6q1opv,pepperm1nt_tea,"fwiw, i think real estate agents give more of a crap about dogs other than cats.",Jobs & money,-0.4336,2018-09-27 09:02:00
dfweyg5,realstretts,"Fuuuuuu everyone was getting onto Glen Waverly line to get to Gairdner, so packeddddd",Casual chat & reactions,0.0,2017-04-06 07:13:44
d5aa426,zozozozozoz,there's currently two of them... perhaps /u/mac-87 is your bunch buddy?,Trains & trams,0.0,2016-07-13 06:21:36
ccihce1,Kytro,Actually they can suspend your licence for pretty much any reason - picking this is a total hypothetical.,Jobs & money,0.2263,2013-09-30 22:46:29
cthhzqd,todp,I am yet to go. Shall add it on the list.,Politics & traffic,0.0,2015-07-27 06:06:32
d52j194,mac-87,Of course it will! Your other nanna wills it to be so.,Jobs & money,0.0,2016-07-07 06:49:46
dbgmc8s,sirskello,Bottom of melb central variety type store has some,"Cars, bikes & police",0.0,2016-12-21 12:21:52
c78v8mt,Skeeball_Fanatic,"I often wonder if the people who post these ""who"" comments consider the outright redundancy in what they're doing?

You're on the Internet. Posting on a forum. You could easily use that same Internet to find out. 

Of course I know that's not the root cause of the comment. They're doing it to show they're above celeb/sport culture and are ironically saying ""this person is insignificant in the scheme of things, and my wittiness in believing this will be reflected in my sardonic statement and the people of the net will agree that I am so witty and original"". 

Or they'll just downvote you for being a tool.",Jobs & money,0.6204,2012-11-30 00:25:30
cs2etzo,mtvirus,"Where did you take the pic?

I was always careful enough to chain both wheels to the rack, yet they still managed to steal my saddle...",Work hours & uni,-0.3818,2015-06-10 23:49:36
ctxuxai,mazzanet,"+1 I drive past every day on the way to work and one day finally went in for lunch, should've gone sooner!",Local life & places,0.0,2015-08-10 11:57:10
cirityl,velonaut,"&gt; It's like saying that not smoking cigarettes reduces your chances of dying from a gunshot wound to the face.

That's... really not a strong simile.",Jobs & money,0.086,2014-07-08 12:41:51
dt3xo44,infatuationYearnsLuv,"I can't tell if my headache is because I'm stressed, sleep deprived, dehydrated, motion sickness or all of the above",Local life & places,-0.6705,2018-01-23 11:27:14
d35ww9c,ginoreynolds,"Fair enough, I miss Portland terribly, hell I miss being able to get food or cough syrup or gasoline at any hour. There's a lot of things I missed as a tourist. Wish you luck.","Cars, bikes & police",-0.6808,2016-05-15 02:40:25
7lkrht,ozfighter,"So a friend of mine recently moved into a newly built house only to discover that the hot water system had been stolen.

They rang the builder (sienna homes) who sent someone out to have a look. The builders rep told them that hot water systems had been ripped off of a couple of houses on the street and told them to contact their home insurance.

Now i thought that it was the builders responsibility up until the point they move in, theyre obviously pretty upset about it because of the season of the year everything is shutdown.

anybody familiar with anything like this, where does the responsibility lie?",Opinions & public issues,0.5233,2017-12-22 22:28:03
dqsbgdi,dinosaur_overlord,which sucky horror movies did you watch? and what made them sucky?,Local life & places,-0.8708,2017-12-05 04:27:40
dmvr52u,nicholt,"Had a job interview for a removals job...she kept insisting I explain my motivation to work in removals. Come on, no one is passionate about removals. Give me some slack here lady.",Local life & places,0.5574,2017-09-12 01:01:43
e85jeo6,mirkinhat,I thought that venue closed because they opened elsewhere? Or did they just open a second venue?,Local life & places,0.0,2018-10-21 02:03:41
e70q8s9,ajupacabra,"I agree online poker being banned sucks hairy dick. But after the black friday incident, it felt like online poker was living on borrowed time.",Trains & trams,0.0258,2018-10-02 09:54:46
d49x35b,atregent,WHAT'S IN THE FUCKING BOX,Politics & traffic,0.0,2016-06-15 07:44:10
ct9yqe0,testbug0,"sorry, didn't read.",Jobs & money,-0.0772,2015-07-20 18:31:03
e7m65ls,Jonnoofcarltonnorth,"VicMart/Queen Victoria Market


Sometimes, they sell them for $1-1.50 a box.",Opinions & public issues,0.0,2018-10-12 02:55:34
ds249c5,666Evo,"A discussion? You think people who dislike socialism could only come from a The_Donald brigade. Why would I discuss anything with you??  
  
Not to mention you think The_Donald actually brigades ANY sub, let alone this one.  
  
People just don't like your ideas and we're letting you know about it. I'm sorry.",Jobs & money,-0.7615,2018-01-02 00:47:13
dq10vlp,hennywiththeenemy,Absolute legend. Cheers man. Nice to see people actually be helpful and not just lay shit on smokers.,Politics & traffic,0.8916,2017-11-19 01:58:49
dgtc090,-pewpewpew-,"If people climbing on the glass framework is the issue, they can easily remove the first few metres of it right? I mean, one can just climb the scaffolding to get to the glass framework above it.",Jobs & money,0.34,2017-04-27 09:26:04
cl5g8n9,blairyeah,I used to live next door. I enjoyed seeing your cat in the window every day haha,Politics & traffic,0.743,2014-10-10 05:14:25
ddt1n3q,kaelone1,"They (the tolls, not the ludicrously high admin fees) could be invoiced every year and tacked onto your vehicle registration fee?",Opinions & public issues,0.0382,2017-02-16 04:11:29
d95cdte,ohhkaleyeah,"How common is that?  And I'm American, are they most likely to scam me?",Work hours & uni,-0.6512,2016-10-24 08:08:57
dedx0mc,flynnmonday,So basically the stolen generation all over again?,Work hours & uni,-0.5367,2017-03-01 21:44:37
ctkxdsi,pigferret,"ZFS seems to require more serious hardware than I want to invest in.

I've looked at FreeNAS, bit it just seems too expensive.","Cars, bikes & police",-0.0754,2015-07-29 23:43:50
d5a27mh,pressbutton,"ohhhh shit. Friend from Brisbane who lives in SF USA just posted a strange picture of him and his now ex wife's fingers sans rings with a pic of the rings on a key hook with the caption ""And so it ends. Taking of our rings for the last time after 17 years of marriage"". Jumping on Facebook I found the full story, NEVER would have guessed. Here goes

My friend's wife of 17 years is leaving him with their kid to live with their kid's best friend's mother and her kid. She's coming out, taking the kid, and divorcing him. Crazy news. I mean, all for sticking with your true self, if you realise you're not so straight then follow your heart but holy shit do I feel for the guy. Just lost everything through no fault of his own. He's being *so* selfless about this too, accepting her decision and publicly professing his support in an amicable way. Just had to share :(",Jobs & money,0.4377,2016-07-13 02:08:13
c4lvtv0,froasian,"damn, maybe i should quit desk my job that requires a uni degree and go for AO",Local life & places,-0.4019,2012-05-09 06:31:10
cjl301h,OboesBleat,Thought I felt something,Local life & places,0.0,2014-08-09 01:44:45
dnbv5bd,chickentonightislit,"Needed a laugh at this hour of the morning. All laughs aside, thanks!",Local life & places,0.8748,2017-09-21 22:16:12
du6b29x,ballmanbalmain,Man y'all really expecting me to anticipate topping up like 72 hours before I touch on aren't y'all,Jobs & money,0.3612,2018-02-13 11:09:13
csy0p4k,Thomasrdotorg,Now let's not be too hasty to say that...,Jobs & money,0.0,2015-07-09 23:50:25
de9tkki,jezzmelb,Yeah that is fine. I have changed it so that you don't have to put in a name or date of birth from now on. However it makes it easier and it will be redacted. At the end of the term 2 holidays.,Opinions & public issues,0.8126,2017-02-27 12:05:22
czkpgfr,ToasterRoboto,"apparently a little six year old was kidnapped and never found. I wouldn't know if they ran off in fear or were really kidnapped, but it's bad either way.",Local life & places,-0.7814,2016-02-02 05:35:52
cyfu6nl,DavidMelbourne,"My fave in North Melb, quiet with cool vinyl music, some old farts there mix with hipsters so I don't feel too out of place... Prudence, 
https://goo.gl/maps/GHZTcSiTVy62",Politics & traffic,0.6369,2015-12-30 05:09:13
cfyffec,spidercat22,Try the Art Series of hotels? The Blackman/The Olsen in south yarra.,Casual chat & reactions,0.0,2014-03-09 20:51:11
d49iq72,Puddlette,"Yeah this is exactly it. Technically 'a' would mean singular hotcake but the trademark name is 'hotcakes' but hotcakes is plural hotcake. **SCREW YOU MACCAS, STOP SCREWING OUR LANGUAGE** lol",Jobs & money,-0.6955,2016-06-15 00:01:59
dg6wyaw,alliehj,I'll try to swing by after work. It sounds like a good night!,"Cars, bikes & police",0.69,2017-04-13 01:24:20
dtqz79u,CentreForAnts,"[this is a breakdown of the fee's](https://imgur.com/c4gJJG6)

I should of said, the booth costed ~$10,000. the $2k is excluding the original cost of the booth.","Cars, bikes & police",0.3182,2018-02-05 02:07:04
dtss4r4,Mortar_Art,"Don't project your paranoia onto me.

You still haven't demonstrated that I'm even left wing.",Trains & trams,0.1877,2018-02-06 00:55:30
d3ilycz,knick007,No bikes is an excellent idea for peak times,Casual chat & reactions,0.3612,2016-05-25 02:56:44
dngyak7,Jonnoofcarltonnorth,"I've visited Geelong numerous times. Downtown is where the shops, cafes, &amp; restaurants are. It's easy to get a place within walking distance for a decent price. Granted the scene isn't as good as Melbourne but if that isn't a priority for you than that should be ok.


It actually reminds me of a small-medium city in the US Midwest. On the shores of one of the Great Lakes.",Casual chat & reactions,0.8125,2017-09-25 03:46:47
cifkfmf,raybal5,Sometimes I go into the casino for a shit.  They have very classy toilets.,"Cars, bikes & police",-0.1045,2014-06-24 06:57:25
e6jhptz,psrpianrckelsss,"We weren't the first to have trams, and certainly not the first with the same design. History has disappointed me.",Jobs & money,-0.1779,2018-09-24 10:24:43
e18zsj4,tldrlololol,"Patriotism is generally accepted as good. But what about nationalism? The notion that nationalism is bad precludes the possibly that one society can actually better than another one, does it not? Say, for instance that one society cannot throw shade on another if for instance, that other society doesn't allow its women to drive cars? That sounds a lot like nationalism - scorning the oppressive state for its oppressive practices - and that sounds like a good thing. So I would proffer that nationalism has both good and bad elements. Lets not throw the ""baby out with the bathwater"" and state that all nationalism is bad. It's up to the educated individual to be more discerning. Alas, people don't like to think - they merely like black and white absolutes. It's a shame, that not everyone has this intellectual capacity.

The tl;dr - patriotism is by and large good. nationalism has both good and bad elements.",Work hours & uni,-0.4037,2018-06-25 06:22:41
35l3fe,nesinesi,"I ask google and then I ask you guys: anyone have any good recommendations for getting something letterpressed in Melbourne? Good experiences? Good prices? I know I have to call and get a quote, but if any of you have a really good experience I'd like to start there :) Thanks!","Cars, bikes & police",0.9685,2015-05-11 11:30:07
cejii4d,Quarterwit_85,"I don't know if they still do it, but willow bar at northcote had a German night once a month where they'd play German pop music and the bar staff spoke German and 90% of the patrons were talking in German.

I was absolutely smashed when I stumbled across it and it scared the fuck out of me. Might be good for practicing some German.",Local life & places,-0.3919,2014-01-07 12:42:06
c3ey7us,essecks,"Step 1. Report to police.


Step 2. Go to Step 1.",Work hours & uni,0.0,2012-01-08 00:25:42
dziw5kf,Rosasome,There is always work available as a hooker if you're female.,Opinions & public issues,0.0,2018-05-24 21:19:14
cq59glg,angrathias,Consider it a suckers tax then.,Opinions & public issues,-0.5106,2015-04-08 12:56:09
dhvj59v,ErgonomicDouchebag,"Tony does good work. Solid haircuts from old country.

Further down is a Vietnamese place at Central West in Braybrook, Hair Technia. $15 for a mens cut. No complaints.","Cars, bikes & police",0.5659,2017-05-22 05:17:51
cdbfe3x,mindsnare,The main thing you'll need to get around is the shitty coffee and shitty food in general.,Casual chat & reactions,-0.802,2013-11-11 02:02:07
e6ctewz,Reynbou,Well I got it IMEI blocked Instantly so it at least can't be used as a phone and it's registered as stolen.,Jobs & money,-0.4939,2018-09-21 02:07:53
d7lsjyl,LuxShadow1,"Jesus christ, what a sick fuck. Maybe I should send him a letter in his letterbox and fucking kill him in his sleep after his nightly hunt.",Politics & traffic,-0.9152,2016-09-14 00:44:45
cc41q7u,Olerhead,This. Been there a number of times and couldn't recommend it more highly.,Local life & places,-0.2047,2013-09-08 08:01:37
d8xyijg,everdeen-malfoy,"I agree with photos for sure, I just don't mean unsolicited dick pics.",Politics & traffic,0.7581,2016-10-18 23:00:06
d9mmjlc,clrjhnn,Burpees? Treadmill long distance running,Casual chat & reactions,0.0,2016-11-05 06:49:00
d5acstw,cameronm,I like that no one that reads that is even close to having a clue as to what you could even potentially be talking about yet it makes perfect sense,Work hours & uni,0.6124,2016-07-13 08:38:20
dx6h5qj,megablast,You want a job but you haven't finished studying?,Jobs & money,0.0387,2018-04-11 12:02:11
dtk8s7r,ActualLiteralRapist,"pffft, how are you meant to have a good old fashioned purge without bending a few tiny laws..",Jobs & money,0.4404,2018-02-01 07:14:59
cijwxrr,watersack,Thank you. Seeing that the game has only been out 2 weeks and is still selling for 99 I don't see it that overpriced,Local life & places,0.3612,2014-06-29 07:56:51
dnklyr2,mediweevil,"took like 15 refreshes to load the page, got sounds but it doesn't do anything.  code says he takes donations, he'll be trying a lot harder than that before he gets a handout.",Work hours & uni,0.1901,2017-09-27 09:26:28
clg2vya,hdfb,"Rasa Malaya on Blackburn Rd in Doncaster East. Good and cheap malaysian food. Maitre d is a bit loud and divides customers, but truly represents customer service in Malaysia.","Cars, bikes & police",0.7003,2014-10-22 00:03:06
dykl7o4,raybal5,That's what regret looks like,Politics & traffic,-0.0772,2018-05-07 04:47:14
douxezb,rongamutt,"Sorry mr. Rangamamwan, no respect for foreign companies' poor business models.",Opinions & public issues,-0.7144,2017-10-25 08:16:44
c7ycotf,postcardviews,Care to explain to an uninformed reader?  (:,Work hours & uni,0.7506,2013-01-17 03:52:16
5l25x5,turbodank420,"I'm around south Melbourne/St Kilda. Just got back from Tasmania and now lacking in any mates :(  If anyone wants to help a brother out and catch some beers/bud I'm an easy going guy, holla at me :)",Local life & places,0.6908,2016-12-30 07:08:12
dsqhquy,BrightHairDontCare,"SEYMOUR, THE HOUSE IS ON FIRE!!",Opinions & public issues,-0.4559,2018-01-15 22:42:57
c4lwp31,Shilberite,"That caution was done incorrectly, the correct caution is: ""I must inform you, you do not have to say or do anything, but anything you say or do may be used in evidence, do you understand?""

The caution is part of the act belonging to the collection of evidence.

We have powers to arrest under 2 acts of parliment, First and foremost, Transport (Compliance and Miscellaneous) Act 1983 Section 219 - Powers to Arrest Offenders, and the Crimes act, section 458 (I think, I havent had to make an arrest in a while.)

Your last question, No, Why would I chase you over the road for a $4 ticket, Too much effort, and goddamn, too much paperwork.",Work hours & uni,-0.9493,2012-05-09 08:43:51
clcslgz,Deceptichum,It seriously distressed you?,Jobs & money,-0.5423,2014-10-18 08:57:46
ctha4t8,sahrey,i like that's there's no pressure to talk.,Trains & trams,0.5248,2015-07-27 01:35:23
dq9ld16,pink-pink,The word of the day is moquette.,Local life & places,0.0,2017-11-24 05:35:57
ddq1r5x,LaGallinaTomasita,"In my experience, in my experience, I have personally experienced this- the only race of human to be on the toilet and on the phone are Indians/Pakistanis. 

I've come across this repeatedly and by different examples of the same race.

I'm just telling you what I've experienced. Any racist connotation is one you are bringing to the party. I make no judgement. Just sharing my lived experience.

Respect my journey.",Work hours & uni,0.34,2017-02-14 07:01:37
e84504a,OptionTyre,"Ali Qapu in Templestowe
Hi Chong Qing in Carlton
Malaysian Kampung Restaurant in Bentleigh",Casual chat & reactions,0.0,2018-10-20 11:56:47
e31rahx,FencePaling,"He'll get a three month suspended sentence, at most. RemindMe! Three months.",Work hours & uni,-0.4753,2018-07-26 03:13:07
cylz55k,continental-drift,Nice. I can't believe you are still doing the early sessions whilst on holiday. Have a sleep in and go later.,Local life & places,0.6705,2016-01-04 21:30:25
dctw5xs,mindsnare,"Maybe don't talk loudly in a public place around homeless people about how to dodge homeless people? 

Don't think I've been ""harassed"" by a homeless person in about 10 years (Not including Europe) other than the spare change/ciggie question where a ""nah"" works quite well. Unless I give them change.",Trains & trams,-0.3626,2017-01-24 04:57:23
ds0zays,canyouhearme,Source on this not being effective in every city ever?,Casual chat & reactions,-0.3724,2018-01-01 05:07:50
dbqp5yo,vanity6_9,I tend to use it to describe a man who cheats and is a womaniser.,Politics & traffic,-0.4215,2016-12-29 02:51:54
dlvnm48,just_kitten,H..How in the everloving fuck was that approved?!!,Jobs & money,-0.3147,2017-08-20 12:21:15
cwzdhpp,break_the_system,"Tollways are operated by private companies. They are already billing you and don't need more incentives for drivers to avoid their roads. 

For city link, if your inbound from the airport those roads have been 100 for most sections for a long time, it is only the roadworks changing the speed back to 80. Most regular commuters will just carry on, I've never seen enforcement of roadworks speed limits.",Work hours & uni,-0.5234,2015-11-13 22:13:41
d6e7fh8,LuxShadow1,Maybe they put free WiFi there?,Politics & traffic,0.5106,2016-08-12 05:38:55
dba9gj0,elonsbattery,"Exactly. There are three or four of this type of article each day. As a long time reader, it's getting really difficult to stomach.",Local life & places,-0.4201,2016-12-16 21:25:16
ctkxzkq,sahrey,"That's hard to deal with, especially from a manager.",Work hours & uni,-0.1027,2015-07-30 00:00:39
cidugay,raybal5,"In 2012 ... Brisbane has the highest average weekday parking rate for
one hour parking, with an average cost of $27.94 per hour across
the CBD car parks. The one hour parking rate for Sydney is marginally lower at $26.71 with Melbourne substantially cheaper at
$17.08 per hour.   

Source:  http://www.racq.com.au/__data/assets/pdf_file/0011/97697/RACQ-Report_Brisbane-CBD-Parking-Prices-compared-with-other-Australian-Capital-Cities.pdf",Casual chat & reactions,-0.228,2014-06-22 05:11:54
d522ybz,continental-drift,Dr Google is great like that. However I can't tell you the amounts of different diseases I have according to that.,Local life & places,0.765,2016-07-06 23:09:27
das9gsb,Kageru,"My card auto-adds value when it gets low, so no... I don't.",Jobs & money,0.0772,2016-12-04 20:37:44
c869t8d,Inequilibrium,"Same, I quite like the food there. A friend of mine regularly organises groups to eat dumplings, I'll have to let him know about this.","Cars, bikes & police",0.6901,2013-01-30 15:23:11
c45cro6,bartlol,"I have been to Mardigrass 4 times. Mostly to do comedy there. I have to admit it is really wild and crazy for the first time. SOOOooOOO much weed and crazy looking people doing this and that. The hippy culture around there is a bit wild. That said there are some really rad people who just want to live differently who surface. 

So yeah fun and interesting but sort of sad as well. Definitely an adventure worth going on in my opinion.","Cars, bikes & police",0.8674,2012-03-27 04:11:15
dhl7611,ComradeSomo,"Well because they believe they have a religious duty to convert the world to their sect to form a global caliphate, the West included.",Trains & trams,0.2732,2017-05-15 16:19:40
e3grr5y,doggydaniel,To sell cyclists in Victoria we need to do what nsw did hold them accountable for the rules make them hold id charge them for running lights and such,Jobs & money,0.0,2018-08-02 10:29:58
cha0wyh,vagrantship,I hear the Wesley Anne in Northcote has a good scene.,Local life & places,0.4404,2014-05-05 13:39:15
e1i09mm,Trap_City_Bitch,"Wouldn't have thought city loop is only 30 years old. Seems like a no brainer. 

&gt; Note how few opened between 1930 and 2010; no wonder we have traffic problems

To their credit, with the amount that opened pre 1930, I'd say they did a pretty fucking good job with a blueprint so good they could fill it in or expand so handily that the lines are still relatively the same nearly 100 years later. I'd say that about most of the city including its expanded south-east coast, we've been lucky to have such a great design. I'd put the traffic blame on other problems mostly unrelated to public transport.",Casual chat & reactions,0.9222,2018-06-29 14:41:30
d5a7xqi,NimbleJack3,"Not sure what festival you're specifically referring to, but festival season is usually during summer - Earthcore, Sterosonic, Soundwave, the old Future Music when it still existed, etc. Big outdoor events are easier to run and be enjoyed when the ground isn't muddy and the air is warm.",Politics & traffic,0.9261,2016-07-13 04:56:30
csy43vr,andrewinmelbourne,Why is this news now if he was sentenced months ago?,Local life & places,-0.0258,2015-07-10 01:37:31
d10isak,MelbMockOrange,You're gonna make a loud bang later on,Local life & places,0.0,2016-03-15 12:25:45
cv8v625,Bugtype,I thought it was only over a certain amount? I could of sworn I got $40 cash out and no pin.,Opinions & public issues,-0.0258,2015-09-21 10:00:21
e7ze23z,fortalyst,"DAE actually care about sportsball?

DAE actually care about politics?

DAE actually care about the honeybadger bachelor?

DAE actually care about the royals?

&amp;#x200B;

Some people do, some people dont. Judging from some of the other posts in here there are people who do. The reason why you've never met anyone in your life who actually cares about them is because people tend to surround themselves with others who share mutual interests.",Trains & trams,0.9636,2018-10-18 05:12:05
d4g96d3,Mortar_Art,"Or to Belgrave and walk the Lyrebird track. There's a really good chance of seeing actual Lyrebirds ... plus if you've got all day, you can go to the Alfred Nichols Memorial Gardens, which are really lovely.",Casual chat & reactions,0.8613,2016-06-20 04:24:36
cozmdvm,sikballz,"I was making a joke (albeit a bad one).  The joke is as follows: say I was the owner of a business that flew helicopters and I was looking for staff as I have a fleet of helicopters and the demand for flights is extremely high. Therefore I need pilots to work for me on a full time basis in order to cover the demand. I want workers, but only if they can commit on a full time basis. None of this part time nonsense. That was the joke. I don't own a helicopter business.",Work hours & uni,0.1655,2015-02-28 03:17:33
d49gvpd,atregent,Sorry. Just spent $2.5k at vicroads.,Jobs & money,-0.0772,2016-06-14 23:14:39
do1b4tf,futtbuckicecreamery,Probably for the best.,"Cars, bikes & police",0.6369,2017-10-07 14:42:42
e2xfmxc,OmeletteSansFromage,"I’m sure they ask a lot, but if I’m standing around in a group of people it’s aaalllways me getting asked. Assume it’s because I look like a nice young girl who would feel bad, which I do, but still not giving out money",Politics & traffic,0.0762,2018-07-24 04:48:50
cayr9bn,adamraco,Pretty good.  :) tired from work heh.,"Cars, bikes & police",0.6808,2013-07-09 05:08:04
dmey2s5,Aptrgangr,"As someone who works in the industry, no, the banks haven't stopped lending, it's fucking easy to get a loan.",Opinions & public issues,0.5939,2017-09-01 06:51:08
e8e7m48,steaming_scree,You have to offer people more than 80 litres for garbage if you are going to do this,Trains & trams,0.0,2018-10-24 23:33:02
cpin2i5,melbournebitter,Yeah I think I may have to just stick with ebay for a little cracker.,Politics & traffic,0.296,2015-03-18 10:38:11
d9wzy2f,sirbobslay,"I have lived in mordialloc for 6 months and I really like it - I previously lived in clayton... There's a good mix of restaurants/pubs/bars in Mordi and surrounding suburbs... The beach is always a bonus and it's quiet... When I walk to the shops, people say hi... It's pretty friendly. 

I lived in clayton for about 15 years, and seriously, there's just the same shops over and over, hairdresser, Asian restaurant (and most of them are pretty similar... Only recently has there been different places pop up. 

I guess it depends on how much you like Asian food... And also, as I don't drive, I'm not sure about the ease of getting to the city... Obviously Nepean hwy goes through mordialloc, but not sure about glen Waverley.. Maybe it's near a toll road of something.., I dunno!","Cars, bikes & police",0.8366,2016-11-12 08:43:14
delasj1,Yoko_Bono,Well it's recognition and in time will become a public holiday. Once Australia's Muslim population reaches 10% we will have a stronger case for more inclusive non Christian celebrations. And less alcohol consumption and fasting does wonders to ones health.,Trains & trams,0.765,2017-03-06 21:42:07
d526me3,makesyoumoist,What I love about the guy is that he is a failed standup comic. He loves dick and fart jokes but has life changing lyrics. Without TOOL i would never of found Alex Grey and Bill Hicks. Danny might make me feel shit as a drummer but I'm glad I found them.,Politics & traffic,0.1406,2016-07-07 00:41:31
cqi8hxc,sltfc,You're not paying to sit on the list though.,Opinions & public issues,0.0,2015-04-20 05:30:04
cvzfn00,Koolkoala8,"Not trying to defend them but it's not exactly the same product. The difference is if you take the insurance policy given by the car hire company, in the unfortunate case where you would be involved in an accident, you would not have to pay anything (well, that is at least what they say). 
If you buy a policy with another insurance company, you would have to pay for the damage (like $5k i think), and then proceed with a claim with your insurer, which means more headache and more paperwork.

This said, I agree that they kind of rely on the scare tactic and inconvenience as you said. They must make big money selling their expensive insurance policies. They want to sell you their policy, which you have the right to say no to.",Work hours & uni,-0.9366,2015-10-14 14:52:50
cm5vpwn,melbslad,"My sister has a 1 bedroom apartment in the city that is booked out everyday day over the weekend on AirBnb, and she is constantly receiving requests for weekday bookings (but she needs to be there during the week for work).

I also heard her say something about how AirBnb actually provides you with insurance which could also be something of interest?",Opinions & public issues,0.6124,2014-11-18 11:38:12
dfvwfhy,Cheese_the_Cheese,"I know. The cafe I used to own made 30 litres of fresh hollandaise a week. 

The problem with the pasteurised hollandaise is it takes the temperature beyond the emulsion point and you need to add a thickening agent. 

It's one of those high risk foods that in my opinion is totally worth it for the home cook but is becoming a little to dangerous to serve in a venue.",Casual chat & reactions,-0.5975,2017-04-05 23:20:43
e8nph48,KagariY,"My dream was about a game increasing the time limit each time I pick up a treasure. and the monster was my nan, woke me up at 6am.....",Local life & places,0.4939,2018-10-29 12:17:48
ceqperl,grahampaige,"Morning newcomer I'm the ""morning all"" guy. Hope you stick around and join in",Local life & places,0.6249,2014-01-16 02:42:29
ccvb9m8,lotus-codex,Saw some Karaoke last night. It was off the hook!,Local life & places,0.0,2013-10-20 01:06:53
dbg34ol,Tolibudibudouchoooo,It's called farting dear.,Jobs & money,0.3818,2016-12-21 00:59:39
c8f22qf,nlx,If you are... creative. You can get inside it. Then you will understand why it can't be a real hotel.,Jobs & money,0.4404,2013-02-14 12:20:01
ds13md3,Castratrix,"&gt;""Melbourne is Mogadishu...""

Mogadishu is the capital and most populous city of Somalia. The article is about South Sudan. 

Somalia and South Sudan are two different countries. This is not a personal  attack, just a (pedantic) observation.",Work hours & uni,0.3724,2018-01-01 07:42:50
dsraqla,ciengclearly,I spent all my moneys on smash mouth memorabilia why,Jobs & money,0.0,2018-01-16 10:06:28
d3oz9z3,kenks84,Never mind bar is great. Closes fairly early (before 1am on a Friday I think),Local life & places,0.6249,2016-05-30 09:07:29
d108se6,bobby2pants,"Does this mean if you're really skinny, you need less fat and more carbs?",Work hours & uni,0.0,2016-03-15 03:47:34
djhwzgq,mindsnare,Everything is black and white on Reddit it seems. There's no grey.,Trains & trams,-0.0382,2017-06-28 04:24:22
e0wmv9r,kitshwa,If you want to thank her like a true Strayan...a slab of Crownies is tried and tested.,Politics & traffic,0.7964,2018-06-19 02:02:59
chpka6j,Thisisnotliz,"Oh, well, TIL definitely.",Local life & places,0.5859,2014-05-23 21:24:36
cwxcckw,dfbowen,"Is your house deadlocked? If so, one would hope that prevents anybody getting out with anything big.

One thing that seems common in burglaries is for them to wait a bit until the stolen stuff has been replaced with new, then come back and take that as well.",Opinions & public issues,0.2732,2015-11-12 04:03:19
ck65cvd,e-jammer,Also look into cleaning at Coles. Slightly odd hours but great pay for the work ($20+/hr).,Local life & places,0.6753,2014-09-01 10:03:31
dfwclnu,megablast,"Certainly not Grimms, real fairytales.",Jobs & money,0.34,2017-04-06 05:38:30
cmed3l1,outsideupside,But are they actually the most delicious balls you've ever had in your mouth? I had the hoy pinoy last night but wanted to try the balls. Maybe next week.,Politics & traffic,0.7572,2014-11-27 09:23:16
drn1a6s,twerkshop,"Unfortunate for them, but settling means they accepted the property in the condition it was in. If their solicitor didn't advise them to actually *check* what condition it was in, they probably owe them some pro-bono work to get it replaced.

Ultimately, when you make a big commitment like buying a house, there are no kid gloves and you need to either figure out all the things you have to to do protect yourself or pay someone to do it for you.",Opinions & public issues,0.8074,2017-12-22 23:25:14
chtzgxz,kittykittyblahblah,"Nope definitely not. But its only my first placement, so it's early days.",Local life & places,-0.1603,2014-05-29 14:15:50
dfrd88u,Rodeoclash,Exactly. The rent / cost of house ratio at the moment means it's never been a better time to be a renter.,Opinions & public issues,-0.3412,2017-04-03 05:32:11
df9hbzl,timmycosh,I'm interested but I'm antisocial asf. Care to convince me?,Trains & trams,0.8248,2017-03-22 15:07:32
dtk4myb,SepDot,"/u/jadephantom is right, bottom right is the beginning, top left is the end. The moon was rising during the eclipse, not setting.",Jobs & money,0.2023,2018-02-01 05:14:40
cthppei,roxas4,"That's amazing congrats man, can we see the photo? Also does Kevin still rock the beard?",Politics & traffic,0.8205,2015-07-27 13:24:29
cy50crc,zumx,shhhh the secrets out now.,Local life & places,0.0,2015-12-20 00:58:26
c4mawdl,choof3199,Haha Jonsey knows what's up,Jobs & money,0.4588,2012-05-10 05:39:31
e02jkob,Topblokelikehodgey,Prima Pearl. Eureka is the building to the right,Opinions & public issues,0.0,2018-06-04 01:48:15
cytbtc9,speedyleedy,"ELI-naive, what's PreP? too afraid to googles",Work hours & uni,0.0,2016-01-10 22:11:57
cuu9tv4,cameronm,That's exactly right.,Work hours & uni,0.0,2015-09-08 09:36:01
c11v09t,noobsaibot23,"Most bars will avoid 21st 's because of the general behaviour of younger people drinking. Find a scout/community hall. You and friends can byo, you can misbehave (well enjoy the party) without staff calming you down all the time. Have friends/family bring a plate of food if they're unsure of a present.

Local councils tend to manage the hiring of community rooms, eg, collingwood handles the room at endinborough gardens...

Also parks/gardens are free, esky's, trestle tables and a sober couple of people to take it away can be nice. If you start in the arvo in botanical gardens (or BBQ's on yarra) its nice for the older sorts then you can go out with your friends in the city later on. Find a bar you like, call ahead and discuss it with staff...",Local life & places,0.943,2010-10-09 22:45:14
d0cteuv,Soan,"+1. If in Daylesford, eat at Kazukis.",Politics & traffic,0.0,2016-02-25 02:57:47
e7bsv81,MissThedorusSpiral,"My lease states that I'm responsible for all lighting. I did ask the real estate about my florescent lights once, she said she was happy to help make sure I got the correct ones etc. But it was my expense. She advised me to take all my light bulbs with me when I moved for the same reason!",Jobs & money,0.6996,2018-10-07 11:54:50
czwxsy0,rabidpuppy,In the bushes outside Melbourne Girls Grammar School,Trains & trams,0.0,2016-02-12 04:08:58
cetsef5,MishandledException,"Sorry, I'll learn how to make an Android version soon",Jobs & money,-0.0772,2014-01-20 00:27:04
cjj4nxl,PurpleIllusion,Oooo I was looking at that place too! Definitely in the list :D,"Cars, bikes & police",0.792,2014-08-07 02:20:44
do26yyd,lemondrop__,She goes almost every year. A few others as well. Little petrolhead 😆,Local life & places,0.5141,2017-10-08 02:19:27
c78hyac,mindgutter,"O.o what exactly is unreasonable about that? 

It's a theater not a bowling alley","Cars, bikes & police",-0.2023,2012-11-29 08:24:17
dsiiful,ozfighter,"there is no excuse for violence

except maybe to defend yourself from physical harm. 

stop treating these cunts like they're victims.

edit: seriously a fucking journo comes up to me and photographs me and asks me for comments i would just tell him to fuckoff, i wouldn't immediately start beating the shit out of him, what kind of fucking world are we living in here.",Work hours & uni,-0.8378,2018-01-11 10:50:09
c6dmemr,killadoublebrown,Luckily it was a little old lady in a merc,Local life & places,0.5106,2012-09-26 08:23:44
cuu84fw,Steve00,Put hot sauce on parma?,Politics & traffic,0.0,2015-09-08 07:33:04
dg3maf4,anarchy420swag,Never knew Chadstone/Oakleigh could be this dodgy while being overshadowed by leafy boulevards and affluence.,Politics & traffic,-0.2789,2017-04-11 01:19:37
dyxnw3t,MeanElevator,"I forgot about those, but they are special events.  I was trying to compare Melb to Denver which doesn't have surfing, grand prix or major tennis events \(to my knowledge\).

If you're used to watching NBA, the NBL is a poor substitute.  Similar to baseball and other international sports played here.

AFL and NRL are great, if you enjoy those sports.",Local life & places,0.8815,2018-05-14 00:16:18
cv6qcz2,Wizard_of_Ozzy,Im thinking of heading to bells. I have 45 minutes to spare and its on just down the road,Casual chat & reactions,0.0,2015-09-19 06:59:29
e3tc0vk,Ninjaofdoom,The arrested people are field organisers who are literally in no position of power. None of them have done anything that the other major parties (including the Greens) have also done every bit as much.,Work hours & uni,-0.3197,2018-08-08 08:39:27
dqsi9pa,notquitedrdeath,I don’t think it would have the desired effect.,Trains & trams,0.2732,2017-12-05 07:27:21
dfdlrio,Sloppycism,"No idea, I wouldn't have lasted 10 minutes so I just saw the price and left.  
...Do you have a microswitch in your life now or is it still in development?",Local life & places,-0.296,2017-03-25 02:02:07
cuabjzt,i_panicked_,I got bitten by one when I was a kid - didn't kill me - just hurts a bit for a couple of day. Just leave it alone,Jobs & money,-0.1436,2015-08-21 04:12:59
ctvt9cd,freakalicious,"A lot of the good ones are sold out already, but the best three I've seen are Sherpa, The Wolfpack and Raiders.","Cars, bikes & police",0.8294,2015-08-08 11:11:23
cpvfu8b,RSmurfy,"Sorry, I guess I missed the part where people were talking about wasted resources in this thread?",Jobs & money,-0.6908,2015-03-30 12:23:21
e2ozd4s,santaschesthairs,"This design definitely blends in with the area a lot nicer, even if it's not as exciting. If this is going to be built, I'm at least glad they've revised it.",Opinions & public issues,0.716,2018-07-19 22:58:07
cqhd5lj,chessc,Museum. Covers ScienceWorks and Immigration Museum as well. Have a 4yo who would go there every day if he could.,"Cars, bikes & police",0.2732,2015-04-19 11:13:10
dvtsq9f,flora_poste_haste,There's no democracy without the sausage.,Trains & trams,-0.296,2018-03-17 01:28:40
cpdgtlp,AsMentionedBy,I've never played before but would be interested in trying! I'm in St Kilda,Local life & places,0.5145,2015-03-13 07:30:56
d6fru0s,highbury_fields,"Agreed, but the best breeders will pre-empt all of these.",Opinions & public issues,0.81,2016-08-13 11:29:39
d70ulxb,trebortus,I'm a white male in my mid thirties of Irish decent but as they say....every one has their price.,Trains & trams,0.0,2016-08-29 04:44:56
d9f3ujy,idocode,"Hey mate,

Check out Mark Wiens Oman videos on youtube (food focused, but will show you what it's like). Always find it helpful to *see* what it's like a head of time as well...",Trains & trams,0.928,2016-10-31 08:33:14
d09556q,helenat13,"Did a bit of digging and found a recent doco type thing on The Gatwick: https://www.youtube.com/watch?v=qiMEeUVWJlY

Unfortunate predicament for most of the residents but a pretty insightful 15 min vid.",Local life & places,0.5106,2016-02-22 10:29:27
e4wr1xr,ScreaM92,"wtf is with kids dressing up like gopniks/slavs. Saw a group of kids all just squatting outside HJ on elizabeth street, just smoking and looking like stupid idiots.",Trains & trams,-0.4939,2018-08-27 10:44:49
ctl2qmm,its_dk,"i prob have a few mates who would be keen, slap something on the reddit meetup facebook page with a date and a location. and see who's keen",Local life & places,0.6808,2015-07-30 02:12:48
c3dhlrp,HBOXNW,I don't agree with it. Sure pot is illegal and bongs are pretty much only used for it. Glass and ceramic do not leach chemicals like some things might when you McGyver yourself a bong. It's a harm minimisation thing. It pisses me off that only the Greens seem to understand that drug use is not going away and that every step must be taken to give people the best choices possible.,Work hours & uni,-0.4624,2012-01-03 08:48:24
d4dok9l,kenks84,Stunt Jump Fail 49 remaining,Work hours & uni,-0.5423,2016-06-17 23:02:11
cv3fe2h,fundieInAChainWax,"At Unimelb (and perhaps other unis as well), both BSc and BA students can major in psych. So in the job market, you're not only competing with arts grads but also science grads. For every 1 job, there's like 500 applicants. It's very hard to stand out.  There's just not enough jobs to go around, so lots of my cohorts just went to East Asia to teach English with mixed success.",Opinions & public issues,0.8321,2015-09-16 13:07:36
dg3pa12,anarchy420swag,"Interesting. What was it like in the 90s,00s and recent?",Politics & traffic,0.6369,2017-04-11 02:19:50
cpzixdc,HERE_Oceania,"Hi guys - HERE have been working hard to turn the PTV timetable data around and it's now live on our website and apps!

https://twitter.com/here/status/583603684564541440

Disclaimer - we work for HERE",Jobs & money,-0.1759,2015-04-03 01:23:22
c32yn96,jubalj,"a Blu-Ray/steam game potentially if you're giftee is a gamer pining for a new release (we get massively ripped off here) , but not sure how you will work out what they already own.

alternatively im sure something from thinkgeek etc will go down well. what is your budget?",Opinions & public issues,0.4866,2011-11-26 22:01:41
90emob,deeteehenry,"I'm a travel YouTuber and I'm looking to collaborate with a female Australian YouTuber!   
My channel is kinda small (About 1K subs) so I'm looking to reach out to people with a similar number!  
Let me know by commenting their channels/names below! Thank you so much!",Opinions & public issues,0.6209,2018-07-20 09:45:37
cmhoazu,fishyfish16,I think it actually is. I know in NZ the Department of Conservation will let you stay somewhere. What is SLV?,Jobs & money,0.0,2014-12-01 05:36:00
cwmmte7,rm5,[Horse hospital](https://c2.staticflickr.com/4/3066/2573694294_c2fdd5fa1a.jpg)...,Local life & places,0.0,2015-11-03 06:42:41
didx8tb,KingJaredoftheLand,A Hiroshima tram I saw was coloured gold &amp; green like the traditional Melbourne ones &amp; I almost wondered if it had been imported,Politics & traffic,0.3612,2017-06-02 23:39:09
e4wh2la,the_yank,"Are r/melbourne meetups still few and far between? Or have I missed something? I'm coming from Berlin where there are rad weekly meetups. Helps that a lovely redditor owns a bar, but still. Would be nice if there are similar here. Surely there'd be enough interest considering the 85k readership here? Surely?",Local life & places,0.9636,2018-08-27 05:07:36
ck5bedv,Shes_the_Cheese,"Good point, I've caught the deflector in the kamado on fire more than once.",Work hours & uni,0.128,2014-08-31 09:18:57
dz3nnw5,thelostwhore,"Soooo bf and i went for a 2am mission to daniels donuts. Took mr pickles, because, why not? 

The doughnuts are.....ok? I wouldnt say they were THE best, the doughnut bread part was ehhh, but the filling makes it! But its better than KK.",Politics & traffic,0.7965,2018-05-16 23:08:09
djjcpfv,Fethersword_,Lol to all the people down voting me. Sookies 😘,Trains & trams,0.6808,2017-06-29 00:52:47
cb04afo,UnDissolvedAcess,"Nail polishing Melbourne redditor, hmmm sounds familiar",Opinions & public issues,0.0,2013-07-11 01:26:40
dbavmo6,yeh-nah-yeh,"The reply is unprofessional and most of the counter points are, well pointless. 

No one cares why/how/when you dont have beer on tap and brisket. If they are on the menu but not available it's a legit complaint. 

The fact they were asked how the food was and replied positively is irrelevant. Maybe they did not want an awkward interaction especially since the reply says they were asked several times.",Politics & traffic,0.0498,2016-12-17 08:27:22
dzxgjdu,it_fell_off_a_truck,"""Would you be interested in saving on electricity?""

""Give me your number and we can talk about it tonight over dinner.""

Well, you did say young, attractive, and have already had 30 minute conversations before...",Local life & places,0.7906,2018-06-01 07:41:16
do241wu,Walter_Ego,"cut into 1 inch chunks, rinse off excess starch until water runs clear, rinse again after boiling spuds, use a ricer, lots of butter, some milk, and always season with salt and pepper",Casual chat & reactions,0.128,2017-10-08 01:15:48
cbagrpz,2COOL4U69,Pretty sure that's Joffrey Baratheon and Mama Fratelli.,Politics & traffic,0.6705,2013-07-26 02:40:06
e5iu6xf,LAMANADELUOMO,It was uninhabited before this bloke opened it up again and it’ll probably open again in a few months.,Local life & places,0.0,2018-09-06 22:46:58
e38ie92,st0n3hb,Exactly my thoughts.,Jobs & money,0.0,2018-07-29 13:43:28
ck0id17,vaderlvr,"OH FOR FUCKS SAKE.

where is the logic in a MFC that only orders consumables  when it runs out, therefore holding everything up for 2 days! (Supplier ships from sydney)

This damn printer is supposed to be so smart that it orders a new toner or whatever when it runs out, not when it's running low.",Casual chat & reactions,-0.7058,2014-08-26 01:29:08
ck0eg7y,continental-drift,I did think about clarifying my comment but I figured someone would come up with a good joke.,Jobs & money,0.7684,2014-08-25 23:10:54
dto1hby,genwhy,"&gt; If you go to Luna Park as a person and not tied in with a company or a school it is going to suck for you bad. 

This should be their new tagline.","Cars, bikes & police",-0.7506,2018-02-03 07:41:32
dfr6a54,melbpaul86,We know...  newspapers and domain.com.au and realeastate.com.au pump out 2 articles a day each on the topic. Half of them appearing on reddit and facebook newsfeeds. Getting boring.,Jobs & money,-0.3182,2017-04-03 02:45:48
ck7pnjm,Shes_the_Cheese,"Not sure why you're getting downvoted, living alone is expensive.",Trains & trams,-0.4519,2014-09-03 03:24:54
dejz8dc,freakalicious,That movie looks like a cgi turd.,Politics & traffic,0.3612,2017-03-06 00:13:43
cpg1sxc,T1bbers,"There's a cherry picker type thing overturned at Melbourne University (right next to Carte Crepes, does anyone know how it happened?",Work hours & uni,0.0,2015-03-15 23:40:50
ck657ol,Steve00,"Its not that they paid badly back then, i was 14 and 9 months and that was minimum wage. Minimum wage has risen a bit since then haha",Jobs & money,-0.0258,2014-09-01 09:50:08
cdbfdm9,shurligneur,Someone in Brunswick West has a sheep in their backyard.,Casual chat & reactions,0.0,2013-11-11 02:01:31
d5aaqjg,zozozozozoz,this happened at least a year and a half ago.,Local life & places,0.0,2016-07-13 06:50:23
d2hig7e,pressbutton,"Yesss. So good. I can't wait for another 70 minute video with a static image and some guy rambling with a voice box effect about .... immigrants, or whatever",Trains & trams,0.4927,2016-04-26 03:50:35
de9l12t,frawks24,"I completed it but a couple of suggestions:

Make the safety/Enjoyment rating two different questions.

Change the ""is your commute into the CBD"" to ""where do you commute to""",Casual chat & reactions,0.0,2017-02-27 05:44:15
d52c1do,Armagizmo,most underrated film of all time. period.,Local life & places,0.0,2016-07-07 02:59:50
daeaind,Smitigy,The eastern/northern side is pretty isolated. You will still see the occasional person however.,Casual chat & reactions,0.2263,2016-11-24 21:35:26
dbv42gc,theresnorevolution,Have you considered Centrecom? They basically charge $50 (or so) as a build fee. They have a parts picker that ensures everything is compatible as well. I'd imagine it's the happy medium between DIY and prebuilt.,Jobs & money,0.7003,2017-01-01 10:49:15
d6vhpo7,Nigel_No_Mates,That's crazy it allowed you and was calm for an hour.,Trains & trams,-0.0258,2016-08-25 01:19:09
cal5prc,faithlessdisciple,"Oh I am thankful.  My toddler was still injured. And guess who blew by? That's right. The douche on two wheels. 
Did you note I am also a cyclist? Albeit of the considerate of everything around me type?",Work hours & uni,0.4479,2013-06-18 10:51:59
d34wlht,Supersnazz,"vale is correct, but where might you find plants and trees?",Trains & trams,0.0,2016-05-14 03:35:48
d527h9p,mac-87,"She is. 

No, he's okay. He's just shy I guess. His English isn't great, and he gets my sister in his ear telling him how awful I am, even though he's not seeing any of that (because it's not true), so I think he's also a bit confused.",Jobs & money,-0.8758,2016-07-07 01:03:52
dc4l9kv,wiggycj,Omg i hear rain sprinkles right now in reservoir *runs outside*,Casual chat & reactions,0.0,2017-01-07 19:31:43
cyp8cux,princessssssss,"I mean if you wanna get technical, the shit you buy stops working then we burry it in a hole in the ground where it won't decompose for centuries :D",Casual chat & reactions,0.8143,2016-01-07 12:02:24
cthex4f,raybal5,Wondering what sort of concession card has your face pic?,Jobs & money,0.0,2015-07-27 04:04:22
d5a2648,_otsegolectric,"Fair enough! We didn't have the problem at our old place, but our apartment's pretty small and doesn't have a separate laundry, so it's becoming an issue.

To be honest, having a lid on the litter solves most of the issues, but sometimes they decide not to use it if the lid's on, then I have to clean up messes elsewhere.",Politics & traffic,0.9553,2016-07-13 02:07:07
dsr0t10,antaresiac,"Just think: while the city smells shittier, you certainly don't!",Trains & trams,-0.2481,2018-01-16 04:46:08
ca13c99,FallschirmPanda,"Wikipedia: [World's most livable cities](http://en.wikipedia.org/wiki/World's_most_livable_cities)


[Melbourne continues to lead nation's population growth](http://www.theage.com.au/victoria/melbourne-continues-to-lead-nations-population-growth-20130430-2ir5m.html)",Trains & trams,0.0,2013-05-18 07:30:23
e0wt8di,Bobbilob,"&gt; Like I said. The letters were going to her parents.

You keep repeating this as if she's done nothing wrong.

She forgot to update her address for 6 years (which alone is an offence that carries a $420 fine).
She also didn't bother ever checking for mail for 6 years. That together is a pretty huge negligence on her part. Shouldn't be too angry if it backfires a little bit.

She was a pain in the ass for CityLink and also clogged up the legal system. Now the legal system is a pain in the ass for her.

Good on her for never getting a parking ticket or speeding fine, because each of them would have gone the exact same way.",Jobs & money,0.4574,2018-06-19 04:03:07
cqwuup4,Supersnazz,They could just put prices up 10% and say if you are there between 6am and midnight you get a 9.09% discount.,Opinions & public issues,0.0,2015-05-03 11:38:22
dt320oz,thelostwhore,Nope. Just kinda acted like it was nothing,Trains & trams,0.3008,2018-01-22 22:41:34
di0mxh3,drunkill,"Two CIRT vans are on the road every day, covering one side of Melbourne each and then more at HQ which can move out pretty quickly. They're currently based out of the World Trade Centre police complex, so the move to the new building won't be far, although the new police HQ will have a helipad on the roof, which should help them vs coppa choppers being out at Essendon.

Mildura is a problem sure. You'd probably send SOG out there in a plane or helicopter is something big was going down.",Opinions & public issues,0.6705,2017-05-25 08:07:55
dek7ecn,Heater79,That's not a public holiday. Don't compare it to Melbourne.,Opinions & public issues,-0.3089,2017-03-06 03:28:30
cbm3reb,thou_shall_not_troll,Gotta catch em all!,Casual chat & reactions,0.0,2013-08-12 13:34:38
dnklgp9,biggumsmcdee,"lol certainly spontaneous. 

Don't forget pingas.",Jobs & money,0.7065,2017-09-27 09:00:05
e4ebu0r,Hussard,"De Been BJJ in Clifton Hill is not-for-profit and you pay ~$5 mat fee per class. 

CLIFTON HILL
Clifton Hill Athletics Track hall
Heidelberg road
Chris - arnottchristopher@hotmail.com",Casual chat & reactions,-0.1027,2018-08-18 06:01:06
dw7rm7i,Blanket_Criticism,The biggest handouts are going to the corporations under the libs. The same ones who barely contribute to our society by paying tax.,Opinions & public issues,0.0,2018-03-24 15:55:36
dkabfl1,dumblederp,"Fall is what you want to do well. Consider a few mins of warmup work too, prime your muscles and nerves.",Local life & places,0.34,2017-07-16 09:09:29
c4grm9a,violenthectarez,"I have your software installed on my work laptop, but have never quite worked out exactly what it does.
I'm assuming something print related, because I have to close a Papercut box that appears every time I print. What exactly does it do?",Opinions & public issues,0.0,2012-04-26 07:00:45
dq85w0c,qartas,Click play for a cringe,Jobs & money,0.34,2017-11-23 06:26:13
cwrs9d4,tgeezy,Let's hope he doesn't end up in the fryzone.,Jobs & money,0.4404,2015-11-07 14:04:36
daat8rh,kolki86,My cousin worked with him. Told some weird stories about that guy,Politics & traffic,-0.1779,2016-11-22 10:24:21
cal7tdt,hillburra,"Not too sure what it's like these days but a lot of small businesses would be happy to take on work experience kid, It's basically having a slave for a week.


I did mine at the local bike shop and just sat in the back assembling pushbikes for a week, got paid $25 for 40 hours of work. I think you guys get $10 a day instead of $5 now but that's still dirt cheap.",Local life & places,0.4971,2013-06-18 13:56:38
e5hex1t,Throwaway-242424,Do you support legalisation or not?,Work hours & uni,0.4019,2018-09-06 07:41:21
e2ppaz6,AztecGod,It’s pretty ugly. Let’s not pretend otherwise.,Politics & traffic,0.0505,2018-07-20 07:53:48
dh42lwu,slaybreath,"Pff you just don't get it dude. Obviously gigantic pics of Donald trump are way too highbrow for your tastes, 
Guess I thought TOO highly of this subreddit, nobody appreciates great art. They said van gogh was shit but years later he's suddenly an amazing artist, I bet the same happens to lushsux Bless his soul for his countless hours of work trawling through pics of powerful people and then his amazing ability to make the picture bigger and put it on a wall. 
Every artist is just a 'toy' compared to him and banksy is the shittest toy of them all",Politics & traffic,0.9754,2017-05-04 07:43:18
e18zest,tldrlololol,"Islam is a set of ideas, created by a man in the early middle ages and refined since then. Ideas are meant to be challenged - especially ones that are seemingly so apposed to what the West has been built on,  and have all the hallmarks of an oppressive cult. Don't you believe in challenging ideas?",Trains & trams,-0.128,2018-06-25 06:11:28
ds15sve,Mortar_Art,"https://np.reddit.com/r/melbourne/comments/7ncmk3/we_have_an_issue_with_sudanese_gangs_heres_how_we/ds15rsq/

See. This guy says I get done all the time.",Local life & places,0.0,2018-01-01 09:24:42
dg1416b,khongkhoe,"Dont you worry.   
Im not friends with rhe people i met today, bunch of lame-os!! 😜. Results in my edit.  
Come join us. Im an amazing person and youlll miss out if you dont meet me. Also, one saddle came for half an hour, you can do the same if you want. One saddle was on reddit half the time. No social obligations. Do whatever. No burden or baggage",Local life & places,0.7463,2017-04-09 12:03:33
csus3r8,acefreemok,Why are people down voting this guy? This is exactly what they would do.,Trains & trams,0.0,2015-07-07 08:16:28
cnyf1uh,InactiveUser,I survived by listening to 70's music.,Local life & places,0.5106,2015-01-23 16:43:18
cji3v2h,magnetik79,"Double J, PBS and GoldFM are my usuals.",Politics & traffic,0.0,2014-08-06 01:36:32
c4lvjtw,Shilberite,"Alright, I'll bite, If you haven't got a valid ticket to travel, I'll make a report.",Jobs & money,0.25,2012-05-09 05:59:37
d521oga,Cheese_the_Cheese,Flagstaff is a wierdun. I went to William Angliss Tafe so gt used to it after 2 years.,Local life & places,0.4101,2016-07-06 22:38:53
ca2tb7t,NexusXtremeOne,"I like to think my cringe is based in fact, though.",Work hours & uni,0.3612,2013-05-21 03:38:16
e267xm3,Guttedewok01,Your photo clearly shows there were indeed other people there last night.,Work hours & uni,0.4019,2018-07-11 03:48:36
e4ft3y6,TheNoveltyAccountant,The beaches near melbourne are pretty awful unfortunately.,Casual chat & reactions,-0.296,2018-08-19 00:47:56
c37hh2y,zfa,"If it's legalized, make sure that tradies can have a smoke on their way home... I don't want to see any more of the bullshit 'tradies traveler' arguments.",Jobs & money,-0.6894,2011-12-12 22:41:43
c3o2jup,rhetoricalanswer,Check for damaged roof tiles.,"Cars, bikes & police",-0.4404,2012-02-05 08:34:16
cbk5r9l,jonakajon,Over dimensional routes for heavy vehicles,Casual chat & reactions,0.0,2013-08-09 11:11:46
e6noyk0,outdatedopinion,"""mX is returning for four consecutive Wednesdays after News Corp and Carlton &amp; United Breweries collaborated on the special series, published to coincide with the launch of Carlton Zero, the brewer’s new non-alcoholic beer.""

https://www.heraldsun.com.au/news/victoria/free-commuter-newspaper-mx-makes-a-comeback-how-to-get-your-copy/news-story/e0fdf81d737538ff8e639f5fe87a498b",Politics & traffic,0.6705,2018-09-26 06:30:27
c8q03k9,Dreads_Parker,I was wondering how the wires could have broken like that. A truck makes sense.,Work hours & uni,-0.1531,2013-03-05 06:16:15
d3fayy6,Dennmic,"After reading through some of this dudes post history I feel like i could just publish the whole thing as a book titled ""Retarded Questions: A Compilation"".",Jobs & money,-0.296,2016-05-22 16:30:10
cnh80e0,BarelyAnyFsGiven,Just wait until the EFTPOS fails on the one and only MYKI machine at the station...nearest recharge point was a 7-11 about 1.5kms away.,Casual chat & reactions,-0.4215,2015-01-07 13:37:49
cpjt87z,The-C-Word,Pretty much the rest of Canada is better than Toronto. Start in the west.,Opinions & public issues,0.7269,2015-03-19 12:49:15
d0bi9wq,rollyfrasca,"Explain what happened??
My concession card wasn't ready!
Is there a fee you have to pay to take this to court...is it greater than the fine itself?
Again, instead of encouraging people to take responsibility and acknowledge their 'mistakes' we'll help accommodate these type of actions by paying for higher fares.",Jobs & money,0.7369,2016-02-24 03:17:24
dsiexx4,LiterallyAFascist,Free press doesn't mean its a good press. Freedom isn't inherently nice or good for us.,Work hours & uni,0.8994,2018-01-11 08:21:40
e0yjpcg,DocCannery84,"Yeah, ""free"" day not being paid for your job.",Opinions & public issues,0.6705,2018-06-19 23:28:42
cpke1fn,superjaywars,Gotta love those confirmation bias arguments.,Trains & trams,0.2732,2015-03-19 22:33:08
e7ye7y4,Mr-Euffreducci,Teenagers shouldn't get anonymity when they murder. We should be allowed to know their names.,Work hours & uni,-0.6908,2018-10-17 19:53:32
dbvv9o3,Cahill530,Ha did sound a bit too good,"Cars, bikes & police",0.6486,2017-01-02 00:21:20
d44ipoh,spacejames,That sounds pretty good. We could hit that up after comic con too. Thanks!,"Cars, bikes & police",0.8516,2016-06-11 03:32:50
e1jft0n,montey,"Lara 1856

Little River 1857",Local life & places,0.0,2018-06-30 05:19:33
crtvfqa,Daemonicus,"f you punch someone in the face, and they put you in the hospital, then maybe you shouldn't be punching people. The person who put you in the hospital wouldn't be right either, and they should be held responsible for their actions, but so should the person who instigated it.

Both people are at fault for doing something they shouldn't have done. Just because one person takes it to an extreme doesn't automatically make the initial wrong suddenly acceptable.",Work hours & uni,-0.6249,2015-06-03 05:31:16
cvz7mwa,f8trix,"This is industry standard. Insurance and excess is how they make their money. 

You can book and buy cheap insurance from orbitz to avoid this issue. They will tell you your external insurance doesn't apply but it does. 
https://faq.orbitz.com/app/answers/detail/a_id/318/~/rental-car-protector

I'm sure there are other third parties that provide cheap insurance too.",Work hours & uni,0.7096,2015-10-14 08:39:01
e18u63u,trueschoolalumni,"I DJed a wedding there a couple of years ago, the staff were great - sorry to hear they're having to look for new jobs.",Local life & places,0.5859,2018-06-25 03:58:22
dj8isjv,FuzGoesRiding,Paired quite well with the gummed up floors. Walking across there felt like re-enacting the scene of the T-1000 trying to escape from liquid nitrogen.,"Cars, bikes & police",0.6801,2017-06-22 05:30:09
dbg1f57,cosmicr,Doesn't the chip use RFID? As in radio? That's what I always thought. How does contactless work without an aerial?,Politics & traffic,0.0,2016-12-21 00:19:19
cnq6b6x,Whatwhat1010,I have never witnessed any acts of mercy like this. What a nice soul.,Local life & places,0.7783,2015-01-15 21:12:58
cpky520,wothy,Where can you even get acid in Melbourne? It's a fucking myth!,Politics & traffic,0.0,2015-03-20 13:14:17
d6kphr6,birdovich,No worries! I haven't been there for a very long time but it was always the go-to place in Melbourne.,Local life & places,0.2401,2016-08-17 04:03:24
c3ey9qc,rakuran,huh. so now thats 3 of my friends who have been mugged in the last week. god i love this city,Politics & traffic,0.8555,2012-01-08 00:31:24
4wo14a,_wow_just_wow_,"Hi everyone,

I've been going through some problems recently thats really been affecting my mental state of mind. I don't feel hunger and I haven't eaten in a few days. I've never spoken to anyone about it before but I think this time I really need to.

I've been looking into it and have only spoke to someone once on Mensline so far, which sort of helped, but I feel like I need regular professional help. I don't know how to go about this.

Problem is, I'm not a citizen, over 25 (so there goes headspace) but I do have a Medicare card. I can't really afford much. I was looking at going to a GP nearby (Prahran area) but upon reading mixed reviews I gave it a miss. I don't want to be set off unintentionally by someone. 

Any advice or suggestions would be great. For now, I'll try starting the gym again and see if that helps. Thanks

Edit: Thanks for the advice guys. I've never had a GP here, would any one do? That's what I was concerned about because I was reading mixed reviews regarding the MyClinic in Prahran.","Cars, bikes & police",0.9562,2016-08-08 02:29:19
dj8j0na,Calatich,"Whatever that smell is on the Westgate between the bridge and Lorimer street exit. I think its the KFC.


Smells like piss/wet dog half the time.",Casual chat & reactions,0.3612,2017-06-22 05:37:26
dfhw8t9,7182759,"And why would a developer leave wide open space, when they could add another 10 houses :/",Opinions & public issues,-0.3818,2017-03-28 02:26:59
duvpxsr,drunksky,Scape building looks really ugly. Kinda looks like a prison.,Politics & traffic,-0.688,2018-02-27 00:28:46
d49dlim,Puddlette,Hahaha isn't it? After 10mins you think it's been 30mins at least...,Casual chat & reactions,0.5574,2016-06-14 21:55:18
crn31m8,myne,I hear footscary more,Local life & places,0.0,2015-05-27 23:59:16
cmplrko,Skeeball_Fanatic,"I've got 4. Would love more. 

No ragrets.",Politics & traffic,0.4033,2014-12-09 09:33:20
cqqdxd6,Freddie_AppsHero,"If Point Cook leaves, can St. Albans come too? We're in the same basket. We're finally getting our level crossing replaced, 30 years after it was promised.",Casual chat & reactions,0.3612,2015-04-27 16:48:31
dtrfxd2,yeew21,"You really don't get the concept of ""good guys with guns"", except in this case there is the added bonus of Australian police being bloody awesome at what they do. When there are police around, I definitely feel safer. Also, American high schools have security guards, not police officers (at least most of them). I think it's a great idea.",Work hours & uni,0.9618,2018-02-05 08:19:41
c6aeo3f,redw00dowl,"nope, they changed that. only allowed one pack in free on tax.",Jobs & money,0.5106,2012-09-19 13:43:34
cs59bds,tokyobandit,Its my favorite cafe and has been since about 2007.,"Cars, bikes & police",0.4588,2015-06-13 14:16:58
clfcyje,VicMG,"Ah interesting. Thanks for that.  
I haven't really thought about it before. The only reason I'm thinking about it now is because of the way they said ""Hey we're messing with our privacy policy lol you don't have to know if you don't want"" which seemed weird to me.",Jobs & money,0.7564,2014-10-21 06:10:10
dsrddlx,mayisafterapril,"Cheers, but I'd really prefer spiraled. I rip things out constantly, so it just saves on having to do it on both front and back sides.",Work hours & uni,0.2617,2018-01-16 11:53:41
dyff6hv,coldie80,Nice. Don't often get non Southbank/CBD high-rise shots here - took me a while to figure out where this was 🤙,Casual chat & reactions,0.7184,2018-05-04 07:31:11
cdaxcae,garyfugazigary,a panda farm? mmm...ok sounds interesting,"Cars, bikes & police",0.4019,2013-11-10 09:30:40
cymrolk,evilpole,"Well I purchased awesome looking hand made bowls for very nice price off myhabit, and wanted to sell them here. They were ment to cover my designer jumper but mum saw the bowls and all I heard was my birthday soon and thank you son.",Trains & trams,0.8589,2016-01-05 14:26:46
c3id5kn,moo-core,"Me? ""Good mindset""? You're the one talking about avoiding entire nationalities and races if you hear some members of their commmunity have been involved in crime. Dude, people from EVERY RACE are bashing and robbing people right now. Pay attention to the person and their behaviour, not their skin colour, if you're trying to avoid being attacked.
   
Police are the people who are meant to stop ""the perpetrators going free"" not the media. Victims and witnesses tell the police what they saw, including the race of the perpetrator. So, once more, tell me why it matters if the media can or can't publish their race?",Work hours & uni,-0.8801,2012-01-18 10:52:47
dbftoik,SEXPILUS,I love that place and their matcha drinks/ice cream. I have to stop myself from getting one every time I'm at Chaddy.,Politics & traffic,0.4588,2016-12-20 21:29:27
e4x74xx,MrSpine,"Wecome in Melbourne where authorities, health care etc are there to make money. Not for help.",Opinions & public issues,0.2363,2018-08-27 15:53:49
ctz12es,rdmarshman,That's crazy. Maybe even an accident. It's the very reason why that joint is great.,Politics & traffic,-0.1027,2015-08-11 11:28:30
dtk7icd,sealandair,I commented on this image when you first posted it last night. Its a shame your post got burried as it's definitely one of the better eclipse pics from last night.,Local life & places,0.3612,2018-02-01 06:33:39
cyeqyn6,geoffrowe,"Wow, who needs the darknet when you can have.....REDDIT!",Politics & traffic,0.6239,2015-12-29 07:15:27
do2kegd,OzUnder,It was forever in my mind...,Trains & trams,0.0,2017-10-08 09:40:16
e2vj54q,especialone,Is there a statement of this anywhere? Why would they do this when I already pay regularly?,Jobs & money,-0.1926,2018-07-23 08:39:45
dochxty,Omegaville,There's one burger place (Burger vs Pizza) and it's shit,Local life & places,-0.5574,2017-10-14 05:30:32
dtg3qpw,jamesargh,I suppose that suits their location.,"Cars, bikes & police",0.0,2018-01-30 03:14:16
chzfz63,bradbull,I suppose this will make my ongoing boycott of the pitiful 13CABS easier...,Politics & traffic,-0.4019,2014-06-05 01:24:31
ctl4e0p,sahrey,"haha i forgot about this! i remember being so uncomfortable watching it. natalie portman rapping is not my thing.

side note: my favorite snl short for unknown reasons is [the shooting](https://www.youtube.com/watch?v=vmd1qMN5Yo0).",Local life & places,0.4452,2015-07-30 02:59:30
ck64f45,gutless-wonder,Wow.. Okay I'm definitely calling tomorrow :),Politics & traffic,0.886,2014-09-01 08:40:04
d2ed50k,greedymushroom,Hey there was no cup and skirt on the stem. I'm feeling okay about 6-7 hours in. Hope it stays that way.,Local life & places,0.4767,2016-04-23 16:05:09
dd8di68,TruthAboutTithing,I was stupid enuff to fall for it there,Work hours & uni,-0.5267,2017-02-02 12:22:49
cadz4ln,UglyFatBaldandSmelly,The default charge is a two hour ticket.,Casual chat & reactions,0.0,2013-06-07 09:35:55
cquln95,oigetamelbzupya,Definite 'hipster'.,Jobs & money,0.2732,2015-05-01 02:23:45
d051w3f,Nighthawk_1,"Yeah I feel sorry for the passengers, getting delayed because of 1 impatient moron, not to mention if it was a hard enough hit could've resulted in injuries. Ah well, if that's the only way that guy is going to learn, so be it.",Work hours & uni,-0.5719,2016-02-18 21:44:28
dd7viiv,mad87645,Does it come with a pair of the magic underpants?,"Cars, bikes & police",0.0,2017-02-02 02:27:14
chtghfy,zozozozozoz,Yes :( Getting out of bed was hard this morning. Almost the end of the week though! Phew!,Local life & places,-0.2924,2014-05-28 21:28:26
e3ra2u4,nepheledon,"A suburb along, Red Sparrow Pizza in Collingwood does excellent vegan pizza (me and three other meat eaters went and all enjoyed it). I know they do gluten free, give them a call and see if they can do celiac? They were really accommodating about my food allergies.",Politics & traffic,0.8834,2018-08-07 12:07:53
c3fd1wj,ruzkin,"It was just on the news, actually! Face sketches and court appearances and everything.",Jobs & money,0.0,2012-01-09 08:34:37
dgwhr63,apriloneil,"Seconded on Fad. If Johnny's lurking around, he'll get drunk with you and straight up give you advice. It might not be good advice, but he's always up for a chat.","Cars, bikes & police",-0.1909,2017-04-29 08:27:02
d2erw8h,DontMentionWombats,ALL HAIL MELBOURNE MYCOLOGIST err...,Local life & places,0.2577,2016-04-23 23:14:55
e2po2zd,LeaveBobbyAlone,So you do love the latest gadget tho? Hmmm,Politics & traffic,0.6666,2018-07-20 07:15:07
dir3dfb,fraqtl,"We aren't short of accommodation or places to live. Just short on them in the desirable suburbs which the immigrants you are talking about can't afford anyway so, that's not really a valid point for this particular discussion.",Opinions & public issues,0.3182,2017-06-11 12:30:53
do0zenr,Walter_Ego,"gorgeous shot, thanks for sharing!

would love to see more like this.",Jobs & money,0.9515,2017-10-07 06:39:35
dvtoadk,hackydoo,Here I am thinking I was having a great morning,Local life & places,0.6249,2018-03-16 23:58:35
dtib5lp,invincibl_,"[Aptus Seafood](https://southmelbournemarket.com.au/traders/aptus-seafood/) in South Melbourne market have a good supply of shellfish, you can always call up  before to order.",Casual chat & reactions,0.4404,2018-01-31 06:37:56
csxdsq4,Valkyre3,"Absolute fuckwit this Bryce Wilson. 

&lt;goss&gt;
I went on a Tinder with a girl and we started talking about rooftopping and she told me she went out with a date once with some guy who does rooftopping. I asked her if it was 'Bryce Wilson' and she said yes. Said he's pretty up himself and is the self-proclaimed Spiderman. Accurate description.
&lt;/goss&gt;

Biggest cockhead, his replies are of no valid logic and even after realizing his wrongdoing and being guilty, this cunt has no remorse for not only the gear he stole, but also none for the whole urban exploration scene he ruined. 

Ps: Don't worry, I didn't kiss her. I don't want this fucktwat's germs  near me. Its not her fault, it's this dipshit's fault for existing.

Good justice done, though I think 100 hours of community service for one year is bullshit. That's less than the previous driving hours requirement needed to get a licence.",Work hours & uni,-0.2389,2015-07-09 13:48:10
dyd8bgb,SharksCantSwim,"They already do all of this though. Job networks, work for the dole, pay for courses etc... It's not always clear cut as to why people are unemployed. A majority of the people I knew who were long term unemployed had valid reasons for it. Either long term medical conditions where they can't get disability but still can't handle working without getting fired for no shows on bad days. Depression is a big thing too. Mostly functioning mental health is also a thing thing. I was in a long term unemployed corse and all but one person there actually wanted a job but couldn't get on and had basically given up due to years of rejection.",Opinions & public issues,-0.9418,2018-05-03 05:06:28
c2bg6kp,shrevid,"Damn, I shaved my beard off four days ago. Do they hand out rental beards on premises?",Politics & traffic,0.128,2011-08-10 14:22:48
cfs80bc,potentialwinner,Yeah I need to get a laptop so that's something worth checking out. I can't let go of $1000 just for something I'm going use to browse reddit and type essays on,Politics & traffic,0.5209,2014-03-02 04:42:16
dt1340g,Redbladder,"They're really not. 

It's a city. There is crime. Crime is scary. African immigrants commit some of it. 

[Inb4 ""AFFRIKUNS ERR UVERREPREZENTED IN DER STATERSTICS!!!1!""]

The incumbent Federal government, and (to a lesser extent) the state opposition are hurting in the opinion polls at the moment, and race-baiting is an easy way to claw back votes. If it wasn't Africans, it'd be another minority group who tend to be poor.",Work hours & uni,-0.9196,2018-01-21 22:09:37
cpggaj0,NoodleBox,"[**HELLO**](http://persephonemagazine.com/wp-content/uploads/2013/02/whose-line-bird-in-pocket.gif)
---

&amp;#3232;_&amp;#3232;",Trains & trams,0.0,2015-03-16 11:03:14
c6rj3dv,SlurmNator,Also I don't remember much of this stuff and I'm a 1992 kid I think this caters more towards 1985-1995 kids,Jobs & money,0.0,2012-10-25 13:19:31
ds2cfd4,Kar98,Id say the sudden interest was due to Turnball making comments about it and the rest of the country taking a minor interest in the story. Triple J had a news story on it for the first time and the leading comment was from Turnball,Jobs & money,0.7184,2018-01-02 03:31:35
dj6yynq,dazeduno,Rockwell is king,Politics & traffic,0.0,2017-06-21 09:15:34
ck0mjt9,Funkyalien,"Haha last night didn't have to be vego, just the family dinner. I love meat!",Politics & traffic,0.8172,2014-08-26 04:02:03
drea6ly,ruinawish,"It's a real party piece, a conversation starter.",Work hours & uni,0.4019,2017-12-17 23:09:02
e8caqyb,Return_of_the_Blaow,"More trendy bars have opened up, but its still a shit hole on the streets (not necessarily a bad thing)",Casual chat & reactions,-0.2789,2018-10-24 04:00:30
dre806i,anon_andonandon,"Jimeoin already did this.
https://youtu.be/xpnxedNxK3o",Jobs & money,0.0,2017-12-17 22:29:43
e7zocuu,ramdomdonut4,"Ugh at least they are wholesome 

Kim and kanye are just trash",Politics & traffic,-0.4215,2018-10-18 10:29:46
d378cz1,hoop_snake,"Walked past this a few times in Richmond, looks great",Local life & places,0.6249,2016-05-16 06:52:18
e41xlr1,fearofthesky,"These dense cunts don't even get that I'm pissed off *for* this poor woman. Even in death she gets infantalised by a male police officer.  

I could try and explain that but like I said, dense cunts. This subreddit fucking sucks, don't know why I bother going outside the daily thread.",Jobs & money,-0.9565,2018-08-12 10:12:40
c8ew6h3,Cpt_Robbo,"That whole freeway has weird art all over it.
http://www.eastlink.com.au/page.aspx?cid=7",Trains & trams,-0.128,2013-02-14 03:22:17
di2c91v,Haluka92,Hey. I sent you a pm. Wanna reply?,Jobs & money,0.0,2017-05-26 09:53:10
cuu5v5s,zozozozozoz,Letter that was due at 4 is done. Boss is in a meeting. I'm eating a giant cookie.,Local life & places,0.0,2015-09-08 05:26:29
dcg1h1h,Tulbit,My heart sank when I saw the photo in the fog. I thought you might've ended up in a cloud the whole time! Great photos!,Politics & traffic,0.8715,2017-01-15 04:31:39
cmw197k,SEXPILUS,And yet people are still using it to spread anti-Islamic sentiments. Have you seen social media?,Work hours & uni,0.0,2014-12-16 00:16:35
dpquz8c,Flaps_Nailed_Shut,"How about a park? Bottle of wine, maybe some sushi?",Local life & places,0.0,2017-11-13 08:17:09
ctxynkt,misscaiticat,"Go on a pub ""tour"" around Victoria? You could find the ten (or more!) top Victorian pubs and try to visit all of them. Obviously you can check out the different towns and whatever on the way. 

Other than that, I'd agree that The Mallow in Ballarat is really great, but Ballarat is only a few hours and so might be a better day trip again.","Cars, bikes & police",0.8456,2015-08-10 14:25:44
cdzm345,shurligneur,Yeah we do. My fiance's been shouting at his for the last three days.,Politics & traffic,0.296,2013-12-12 01:09:15
dvo6akb,Velnica,"It should be doable if you do live a bit far out and don't mind the commute. Perhaps be frugal for the first few months so you can settle your monthly budget (and your dog's too, good on ya mate).

Oh, and always set some money aside in case doggo does need the vet etc, or look into RSPCA pet insurance.",Jobs & money,0.4404,2018-03-14 05:01:30
e7bsw8t,MissThedorusSpiral,"My lease states that I'm responsible for all lighting. I did ask the real estate about my florescent lights once, she said she was happy to help make sure I got the correct ones etc. But it was my expense. She advised me to take all my light bulbs with me when I moved for the same reason!",Jobs & money,0.6996,2018-10-07 11:55:38
c8et1qn,magnetik79,Have seen this before - is it on the highway going down Mornington way? **EDIT:** yep - it seems it is (Eastlink).,Casual chat & reactions,0.296,2013-02-14 00:38:42
e39npiu,ollief,"Okay City of Sydney won’t do parking permits for tradies, seems Melbourne is different",Casual chat & reactions,0.2263,2018-07-30 01:53:46
e38bpdh,steamingkestral,Why haven’t you called them and asked them to move their trailer? Seems like a cunt move to go down the legal path without even bothering to speak to them first.,Work hours & uni,0.2462,2018-07-29 10:28:20
e13uv8k,Loubang,Closure in Moscow haven't broken up though?,Local life & places,0.3724,2018-06-22 13:34:53
e82dqo1,Deonyi,"Why do you think that Buckingham palace employees would be privy to such information in the first place? The entire point of the monarchy is to serve as a publically politically neutral figurehead. The Queen has the right to warn, advise and encourage her ministers. Her ample experience of politics and international relations means that she is much more than just a signature-lady. Simply because a role is mostly ceremonial does not mean the role is pointless or superfluous.",Work hours & uni,0.4404,2018-10-19 15:19:48
cnn0aa7,TheDiarist,"yes, this is why we have those stupid fences on the westgate now.  someone throws a couple kids over the side and suddenly it's a huge deal.",Work hours & uni,0.1531,2015-01-13 00:02:06
drei3hl,TheSciFive,"Fourth. Fist drawer cutlery, second drawer utensils. Third is tea towels, fourth is glad wrap and similar.",Politics & traffic,0.4588,2017-12-18 01:36:12
cmwh9wb,beasmith,The bogans in your head? Show me where this has happened and where badges would have made a difference.  You are vilifying people with no evidence.,Work hours & uni,-0.296,2014-12-16 12:24:15
daif4dn,faithlessdisciple,"I grew up listening to that stuff. Dad's ""barbed wire "" music. Cannot stand it. I associate it with some extremely unpleasant times.",Local life & places,-0.5256,2016-11-28 02:13:05
cvt4i3d,Meowgan88,I'm out and I'm back in the car. I usually take a photo of my car and a landmark/sign to help me find my car.,Work hours & uni,0.4019,2015-10-09 00:03:53
e0b2ktw,oldmate23,So Canada just legalised weed. How long until aus follows suit? I really hope its soon. So sick of the rubbish grown in some bikers basement that i usually get!,Opinions & public issues,-0.327,2018-06-08 03:10:57
e3fnim8,RickyRicciardo,My bin was squashed a few weeks back.  No harm done.,Trains & trams,0.431,2018-08-01 20:30:01
d52dwqu,mr_stub,Dr visit went well. He thinks my arm around the mole just may be bruised and the mole scratched but cut it out anyway. Now to see if I can fake some pain and go home early!,Work hours & uni,-0.8999,2016-07-07 03:50:07
chtp8dc,atregent,"I hear you.

I've been waking up at about 4.30am every day this week, and not being able to get back to sleep.",Local life & places,0.0,2014-05-29 03:08:04
cdaxwd4,DeJaVuAgain,Collingwood (Children's Farm),"Cars, bikes & police",0.0,2013-11-10 10:39:57
dqs3fbh,whackadoodle_cracked,"I envy people who can have a glass of wine and then stop

Like... what is this sorcery? I must drink the whole bottle. And then open a second",Politics & traffic,-0.2023,2017-12-05 01:59:11
dtrbcad,thede3jay,Yeah that's different. Having someone in the police department who will help youth out IF they come asking for help is very different from assuming kids are criminals and that it's necessary to keep police in schools like security guards.,Work hours & uni,0.7783,2018-02-05 05:53:18
e6uf0rf,DocCannery84,Which bank is this? Edit: am I getting that old that no one got the joke?,Jobs & money,0.0,2018-09-29 08:36:51
d0gturx,DontMentionWombats,"Well you coulda just put them on boats back home to Troglodytia, but someone had the great idea of stopping those, and now I guess there's a Trump-voter-deporter-boater-shortage.  GG.",Jobs & money,0.743,2016-02-28 13:09:56
d48lgwj,skenley,I liked tipo 00 (Italian) on Little Bourke. It is $60pp chef's menu. https://www.tipo00.com.au,"Cars, bikes & police",0.4215,2016-06-14 11:18:22
cqywo0n,ruined_the_joke,A few years ago Glenferrie McDonald's on a Tuesday night was a disgrace. There was literally a tonne of rubbish in Macca's and on the street. I feel terrible for whoever had to pick that up at six in the morning.,Local life & places,-0.743,2015-05-05 08:38:57
e0smlt3,shadow_user,"&gt; Protesting has nothing to do with democracy.

What... read a history book.",Jobs & money,-0.4215,2018-06-16 23:33:29
e38e19v,Sell_out_bro_down,"Council can call a registered vehicle or trailer abandoned?

Why else put a boot on it? I dunno, so someone doesn't hook it up to their car and drive off?",Work hours & uni,-0.5484,2018-07-29 11:50:32
ck0hv75,grahampaige,"plot twist, cute coffee guy is /u/steve00's wonder woman :)",Trains & trams,0.7184,2014-08-26 01:11:36
csl7wmv,shameonyourundies,M'Yong Tofu around the corner has better food I reckon. Their beef brisket and singapore noodles are fantastic.,"Cars, bikes & police",0.7579,2015-06-28 06:34:27
d7iiitw,universe93,Honestly if being in a hospital all night isn't a good reason for calling in sick what is? Even if you're not the sick one.,Work hours & uni,-0.001,2016-09-11 19:01:15
cwgz0iy,affinityawesome,"Ye, I have already made all the code to get transport information, so it's now just about linking it to the UI. They are random i'm going to give options, eg ""Random"" or the standard colors like orange for bus, ""green"" tram ect or you can pick your own color for each line your choice",Politics & traffic,0.3612,2015-10-29 09:15:29
ct45r2d,all_smoke_n_mirrors,"Sydney turned on such a beautiful day for a 1 day visit and I even managed to squeeze in a late lunch at the Oyster Bar on the harbour.  
Just finished watching The Rum Diaries and Fear and Loathing in Las Vegas. Both based on the life of Hunter S Thompson.  
Rum Diaries was really good and quite quirky (saw it for the first time) and I remembered that the second half of Fear and Loathing is quite intense and full on.  
Soooooo much vomiting.  
On that note time to go the bed",Local life & places,-0.7281,2015-07-15 14:29:35
ctxxx5o,stephenfawkes,"Yarra Valley sounds really good, I'll look into it for sure, though being only an hour's drive away makes it a bit more of a day-trip than a road trip. Still, brews, chocolate and ice cream sounds like lots of fun, cheers.","Cars, bikes & police",0.9245,2015-08-10 14:01:53
dbtiscu,MelbMockOrange,You really captured the essence of the elusive night potato there,Local life & places,0.0,2016-12-31 02:53:27
ddr4xpv,Piranha2004,"You mean because you didnt read the massive signs that the tell you ""Last exit before toll way"". Or was it your naivety to think you could get away with not paying. ""Didnt care"" isnt an excuse and you deserve the fines you get. Start acting like an adult and open your eyes!",Work hours & uni,0.5824,2017-02-14 23:37:15
cn30xur,someones1,"Perhaps the difference is that we have a much bigger tipping culture -- for ANY table service.  Bad waiters get out of the industry quick because they get shit tips and make (sometimes below) minimum wage.  Here, they're making a fairly decent wage ($22-24/hr appears to be the norm) regardless of how well they do.",Jobs & money,-0.7184,2014-12-23 05:29:54
d6bopua,2bi,Commodore ute in fancy dress,Work hours & uni,0.0,2016-08-10 12:00:02
chttxeh,sikballz,totally agreed! especially in the cooler months.  there's also a kind of cheeky smugness when you see everyone going to work.,Local life & places,-0.077,2014-05-29 07:11:14
dfbv21n,fjellse,"Looking through recipes for ideas for dinner tonight and some of the comments are just too good. On a veggie lasagna recipe: ""Also, who has a 10″ x 15″ pan? No one I’ve ever seen or heard of. It’s an odd size and I’d love to know where you find these?"" ... and then admits to having said pan after a response from the author.

There has to be a collection of the best comments found on recipes/food blogs.",Jobs & money,0.885,2017-03-23 23:38:06
ddr1xqc,mtmdog,"Yeah you'd have to be incredibly stupid to miss the plethora of signs along the length and be totally uninterested in what those large arrays not found on any other roads were, to not realise it was a toll road.",Jobs & money,-0.5198,2017-02-14 22:34:05
dsrcrey,it_fell_off_a_truck,I work overnight so my bedtime is 7am-2pm so want to get as much sleep before it gets hot.,"Cars, bikes & police",0.188,2018-01-16 11:30:09
dmvsj0z,fearofthesky,Can't lose it if you never remove it. Like the 64gb one in my phone full of podcasts music and videos :),Jobs & money,0.485,2017-09-12 01:30:31
d0cojn8,Fumanchui,You eat it straight out of the jar with a spoon whilst sitting on the kitchen floor? I do.,Politics & traffic,0.2263,2016-02-25 00:50:49
df5ynyi,whiteikeastools,"I'm probably wrong but I think...

$115,000 - 12% super = $101,200

$15,000 salary sacrifice is deducted from gross, not net.

$101,000 - 48% tax ( I think it is?) = $52,624

Which is $1,012 per week.. However as it is a salary sacrifice of $15,000 your tax rebate is usually higher as you have more deductions. So what you miss out in the interim you make up later. 

If I'm completely wrong in sorry and I'll buy you a beer for wasting your time.",Work hours & uni,-0.9028,2017-03-20 08:55:03
dfy0rwb,raybal5,"Yes, only two need to be operating 

Read from [page 274 of the Road Safety (Vehicles)
 Regulations 2009](http://www.legislation.vic.gov.au/Domino/Web_Notes/LDMS/...nsf/.../09-118sr.doc)  S98(2) and 99(1)",Work hours & uni,0.6705,2017-04-07 05:49:08
d6bhk9g,luckysevensampson,"&gt; As an aside, I recently spent some time in LA, that place makes our asshole drivers seem positively courteous.

I completely disagree. People there are in a hurry, but here they're downright dicks.",Work hours & uni,0.3407,2016-08-10 06:02:45
dg41stj,waltonics,"Lol, good on you then. Maybe I read  ""into medical stuff"" in the wrong way.",Jobs & money,0.3818,2017-04-11 09:08:18
e4a6abn,harkoninoz,"If he's going to be a bother, put it in writing that you don't consider it a repair you need and set a fair price for access. Maybe based on floorspace lost over time during painting and a flat price for the smell.",Jobs & money,-0.34,2018-08-16 08:28:12
cny74cx,GenericDuck,What parts do you and don't you miss?,Casual chat & reactions,0.1139,2015-01-23 11:13:28
dfjffax,decorum777,"If you fail to find them locally;

http://www.ebay.com.au/itm/Genuine-GP-army-boot-Vintage-Punk-Biker-Military-style-Aussie-made-/232272915598?hash=item36148b6c8e:g:JEMAAOSwEzxYW049",Jobs & money,-0.5423,2017-03-29 00:59:02
dz3o92e,Huvvertanks,"That sounds fantastic, I'm glad you have a job you enjoy and it lets you do what you want to do.

I am on a very good salary but would prefer a job I enjoy or to be my own boss. The only good thing about the salary is it lets me pursue my hobbies but what's the point when you're miserable 80% of the time to pay for 5% of happiness?!","Cars, bikes & police",0.9441,2018-05-16 23:18:31
e8mqaox,continental-drift,"Do you wish me a good morning, or mean that it is a good morning whether I want it or not; or that you feel good this morning; or that it is a morning to be good on?","Cars, bikes & police",0.9274,2018-10-28 23:10:32
chtlqa3,alannah_rose,I got lost in H&amp;M yesterday.... Its huge!,Local life & places,0.0,2014-05-29 00:58:24
cadadzw,countlustig,I perform at Burlesque Bar every couple of weeks (as one of the variety acts) and it's always a great show.,Local life & places,0.6249,2013-06-06 12:14:26
d68qgs4,universe93,I think you got downvoted here coz when you're depressed you often suffer from lack of enjoyment so you cant really immerse yourself in anything,Trains & trams,-0.6705,2016-08-08 06:32:42
cqbp7x0,megablast,"You want them to get involved, and deal with this themselves, not to get fucked.",Jobs & money,0.5881,2015-04-14 05:15:58
dt3ofmr,continental-drift,I don't understand why people try to buy cheap tyres though. They are your contact points to the ground when you are driving in a 2 tonne vehicle. Spend more money on getting better ones for better grip etc.,Work hours & uni,0.7003,2018-01-23 05:45:16
e5hi1c8,Throwaway-242424,"You're far more likely to use alcohol if you wanted to get someone too fucked up to say no than the vast majority of illegal drugs. ""But date rape"" is just a hysterical red herring.",Work hours & uni,-0.9231,2018-09-06 09:35:33
cc07cmf,DougieCoffee,joes shoe store?,"Cars, bikes & police",0.0,2013-09-02 14:07:21
c1lcdi0,Peter89,best to find someone else. not that tvs are expensive these days.,"Cars, bikes & police",0.6369,2011-03-19 05:44:03
cq9jb2n,T1bbers,"Never heard of the home loan discount fee thing. 

My 2cents - it really depends. Is there something else you would rather be doing? If you can see yourself working in the field / a related field where your degree is beneficial - then you should finish it. Also, some universities, now offer graduate entry into Masters courses unrelated to your Bachelor degree, so you may benefit from finishing. 

Another option available to you is studying part time, if you wanted more time to work or try different things.",Opinions & public issues,0.7322,2015-04-12 05:03:18
cifkcob,_actually_no,"Oh thats right, ta",Politics & traffic,0.0,2014-06-24 06:51:29
dq99kmt,HankSteakfist,I caught one of these trains the other day and It looked like they'd added some extra handholds which is a definite improvement.,Casual chat & reactions,0.765,2017-11-24 00:27:50
ciflljs,superjaywars,Lindt chocolate.,Politics & traffic,0.0,2014-06-24 08:36:15
c6dkxf2,noxiousmcloud,"The Southern Star observation wheel.  It's the gem in the crown of Melbourne's ""Stalingrad End"".",Casual chat & reactions,0.0,2012-09-26 05:21:59
cpg96lk,zozozozozoz,Just tell them you're not 21 and they can't bother you.,Jobs & money,0.2584,2015-03-16 03:43:19
cuu22c4,eishpirate,"Yeah a good place to start would be to Google companies in Melbourne that offer IT services revolving around GIS, spatial mapping etc. and then just drop them an email and ask if they're looking for anything.

That's how I landed a job once, I just googled the companies that did what I do and then emailed all of them, one of them got back to me and gave me a job.","Cars, bikes & police",0.4588,2015-09-08 03:00:09
db2zpx0,MyNeighborToto,"A majority of people receive text messages if they add their phone number to their VTAC account. Without knowing you and your situation personally, the best advice I can give is to book a meeting with your schools' career advisor to discuss this. Providing you have a good one, they'll have a better understanding of why this may have occurred.",Jobs & money,0.8834,2016-12-12 02:35:46
dw750oc,just_kitten,"&gt;they just burn through education visas doing dodgy tafe courses that they don't even attend because working is better even after wasting the course fees

Heaps of Mainland Chinese students do precisely that as well. You're just seeing an intentionally visible cashed-up minority (there are not as many of such students of other nationalities as the rich tend to send their kids to the US/UK/Europe instead).

But to answer your question there are a few ways rich types settle in:

1. Study something on the skilled visa list (engineering, architecture, accounting), stay for up to 2 years on a 485 post-graduate visa, somehow get the required year of professional experience - can be very dodgy - and immediately apply for independent skilled migration (189 visa), no need for sponsors. 
2. Work their business contacts to sponsor them via the Employer Nomination Scheme (186 visa), either directly or via a 457 visa, now the TSS(M). (DIBP is cracking down on this. But IMO not stringently enough)
3. Invest literally millions and get PR in 2-4 years (188 visa-&gt; 888 visa, now not as easy as before)
4. Marriage to someone already with PR/citizenship status

If you know how to play the system with no idealism about ""following your passion"" to study fine arts or go backpacking whatever, and have the money for all the fees and expenses and paying for fake jobs, it's all laid out.

EDIT: And DIBP has been signalling more recently that they're open to privileging rich applicants, but in a way that bamboozles enough of the electorate to not get upset.",Opinions & public issues,0.8147,2018-03-24 03:58:45
do29dyz,lemondrop__,The shed is definitely a thing.,"Cars, bikes & police",0.4019,2017-10-08 03:12:56
cqp7jn6,amenovolare,"More money well spent.

You know how families like mine and everyone else I know afford to go to the zoo? By working full time jobs and paying with our own  money!

This state is full of fucking bludgers.",Opinions & public issues,0.6334,2015-04-26 15:05:35
dawylu8,Piranha2004,"But then ... the debt, the deficit, the disaster, but Labor.... we're all doomed. You get the picture.",Opinions & public issues,-0.965,2016-12-07 21:56:28
d4fy1sv,megablast,Get some friends/hobbies?,Trains & trams,0.0,2016-06-19 23:58:00
df7iock,Jebus_Jones,Probably an actor on a lunch break (yes I have read the article).,Jobs & money,0.4019,2017-03-21 07:31:01
cukly90,testbug0,"Hah. We have a pool at my parents' house so he was taught how to tread water as a toddler for safety reasons, and he could already manage an ungainly freestyle on his own.",Work hours & uni,0.5423,2015-08-30 09:40:10
e2uw7y7,deeteehenry,Thank you very much! I'll check it out!,Politics & traffic,0.4738,2018-07-22 23:56:49
cv6bpkm,atregent,How was your fancy dinner?,"Cars, bikes & police",0.0,2015-09-18 21:35:01
c2c4a5j,Astro_naut,"I WISH. But yeah, no money, no organisation.. but a friend of mine is going.

I'm gonna have to try stalk Alan Davies though, I've been in love with him since I started watching Jonathan Creek when I was about 10.",Local life & places,0.9398,2011-08-13 02:59:18
cr8nzvp,147521846953718,"So should I stop the train, and kill one child, or keep the train going forever?",Casual chat & reactions,-0.8,2015-05-14 06:37:56
c6wmsbp,baba56,I didn't know they did that for weddings. Probably :),Local life & places,0.4588,2012-11-05 07:30:58
dwu6mzc,Maphover,"No. They need some of the emails - just not the junk. So the OP needs to identify the recurring words in the spam emails, then apply a filter to auto trash them.",Jobs & money,-0.3612,2018-04-05 05:15:27
dbg7sm6,lkernan,Well they are a division of TPG these days,Politics & traffic,0.2732,2016-12-21 02:46:28
daeuoko,What_Is_X,"Even if there is a chain of mistakes that contribute to an incident, a direct human causal influence is invariably liable for it - and that is an absolute guarantee when the human had no right or excuse for their actions. Do you honestly dispute this fact? I can easily demonstrate that with many air crash investigation articles.",Work hours & uni,-0.4445,2016-11-25 08:04:00
d52gd3a,mac-87,OMG. Zozo. Please. The best.,Local life & places,0.7579,2016-07-07 05:05:35
dpbw618,CyberBlaed,Or its a pity the bikes are absolute shit.,Work hours & uni,-0.7003,2017-11-04 10:39:50
dnkgczs,frggr,Grow them as a guerrilla gardener. Sun flowers pretty much can't be killed.,Politics & traffic,0.7776,2017-09-27 05:21:49
cc5yrom,Migwelion,"Only 20 mins out by train.

Next to the Yarra at the end of View street Alphington there are some Horse paddocks and a frog pond. They feel as though they are much further out of town than they are due to being down the bank on the flood plain and leaving suburbia out of sight.   

I think the frog pond is on parkland so you won't be bothered for filming around there. 

https://maps.google.com.au/maps?q=alphington&amp;ll=-37.78817,145.032046&amp;spn=0.002828,0.005681&amp;oe=utf-8&amp;client=firefox-a&amp;hnear=Alphington+Victoria&amp;gl=au&amp;t=h&amp;z=18",Casual chat & reactions,0.2411,2013-09-11 03:33:53
d00gq7a,saberfate,Maybe try Scorptec or MSY?,"Cars, bikes & police",0.0,2016-02-15 08:07:33
dl03icm,Arbitio,Holy shit it's about time,Jobs & money,-0.5574,2017-08-01 06:45:22
e6q07mz,Big-White-Dog,Natural selection in action,Politics & traffic,0.3612,2018-09-27 08:08:12
cnd0mc9,radarseven,I like this but I like complaining more. :),Opinions & public issues,0.8042,2015-01-03 09:13:15
dz8g2lq,Kozij,"This. It's become such an issue in the last couple of years with the increased population and new, migrant drivers. Absolutely no more etiquette on our roads.",Opinions & public issues,-0.101,2018-05-19 12:46:34
cq9r5de,vaderlvr,"Please, if you were engaging, and making similarly blue jokes...well, yeah. 

It just irks me when I see this OMG WYMMYN SO OPPRESSED KILLALLMEN radfems/SJW types. I know far too many of them myself.",Trains & trams,-0.232,2015-04-12 13:35:29
e44yob2,warzonevi,"House prices because it's the rich who get richer and the poor who will rent for their whole lives.  Housing used to be in reach of the average Joe, but the average Joe who is 20 now will never own a house.",Opinions & public issues,0.3612,2018-08-13 21:38:27
ds1o2zh,bgaesop,Do you really think that there wasn't human greed before the advent of capitalism?,Trains & trams,0.3089,2018-01-01 19:16:08
e4wtb4g,Theostry,"Submit a formal complaint. In future if something like this happens, ask to see their ID and note it down so you can make your feedback specific.",Work hours & uni,0.0772,2018-08-27 11:48:37
dpi3tif,Mortar_Art,"Oh, so you think that this makes chasing someone down and killing them acceptable?",Work hours & uni,-0.4767,2017-11-08 01:18:38
e0syn7b,twerkshop,"If somebody hates working in the CBD, they should probably just not work in the CBD, rather than accepting the benefits of working there and expecting the world to change around them.

Your point was that there's no reason for so many businesses to be in the CBD, but all of your arguments are just how much you personally hate the CBD and nothing to do with why they're all there and completely avoidable.",Work hours & uni,-0.8608,2018-06-17 03:48:03
cvtef6z,dracomjb,"yes, I believe only sold in a similar way to Tuppaware, not sure if you can just order online or not, but expensive.","Cars, bikes & police",0.0948,2015-10-09 04:59:30
cv6xv7a,mooney96,Drink more soda so you have gassy stomach!,Politics & traffic,0.0,2015-09-19 14:59:30
czazomg,davayrino,"Will do! Hey uh, how is the working culture in Aus? I've heard that it's a lot more balanced than some other cultures like US'",Trains & trams,0.4199,2016-01-25 06:40:28
3k68em,LordDucking,"I'm currently doing my first year of a hairdressing apprenticeship but what I want to do is work at a barbershop and do men's hair, so if anyone knows of a barbershop looking for an apprentice please help point me in the right direction, thanks in advance",Opinions & public issues,0.8957,2015-09-09 01:25:26
cad34p6,JayJayJax,"Dropping acid is a running JOKE here!?!? FUCK. I've been dr0pping constantly and going fucken crazy, the other day my car bled slushy body parts out of the vents and I had to speed down the eastern with all the windows down to make it fly out the windows and not on my face, sheeeeeeet. 

I'm not taking ANYTHING seriously on /r/melbourne anymore - cheeeeeeze",Politics & traffic,-0.6281,2013-06-06 02:41:30
dt3p7wg,overnightdelight,"Absolutely fucking annoyed at the fact that we'll be most likely losing Festival Hall. Its history in regards to wrestling is absolutely fascinating.

I am glad that I will be seeing what will most likely be the last wrestling show held before it closes up.

Excited for NJPW.",Jobs & money,0.7655,2018-01-23 06:06:45
cn7k5z7,DavidMelbourne,"&gt;I live on A'Beckett Street, what are my choices then?

You will have a good choice in the city center, aim for nbn or cable or dsl2 from optus, tpg or iinet http://bc.whirlpool.net.au/bc/?action=list",Casual chat & reactions,0.504,2014-12-28 19:13:05
d625c5f,baazaa,"I swear virtually the only way to make friends nowadays is to live with people or meet people through your current friends. University, jobs, hobbies etc. usually don't result in the sort of friends you meet on a Friday night.",Trains & trams,0.8319,2016-08-03 05:56:29
dwu5qnr,trash-boy-extreme,"If you're looking for a rental I think they do applications manually instead of the one form application.

So you could get away without giving them your info and just show up to inspections unannounced (they won't turn you away) 

But seriously fuck them",Opinions & public issues,-0.8083,2018-04-05 04:54:44
cshty6h,drunkill,"Correct, do a short course and go get a red/white/induction card. Or go the other route and get a traffic ticket to stand around with the slow/stop sign all day and rake in cash.",Casual chat & reactions,0.0,2015-06-25 02:45:57
dw7ajw4,airal3rt,"I'm surprised a leftist circlejerk like The Guardian even allowed such a piece to be published.

Current immigration policies are undeniably contributing to the plummeting quality of life in Australia.",Trains & trams,0.5267,2018-03-24 06:39:02
e2ff3nq,Fawksyyy,"Not too sure about it being ""one of the most"" but your right i didnt know how much could be recycled. https://www.vicroads.vic.gov.au/planning-and-projects/environment/resources-and-recycling",Politics & traffic,-0.1232,2018-07-15 14:28:09
dbuvgbx,_nope_try_again_,I finally found the orgy location!,Local life & places,0.0,2017-01-01 04:12:05
dzzss6n,blitzskrieg,"I was an RA in a Unilodge the best thing that came out of that casual gig is that now I always have my essentials within close proximity : Wallet, Keys, LED torch and a Track suit on my door hooks.",Politics & traffic,0.7184,2018-06-02 14:26:12
cnmdic4,alltimeisrelative,I never even mentioned trams. I only mean to put bollards on that raised lane where cyclists ride.,Work hours & uni,0.0,2015-01-12 10:38:46
deow6ri,ciom,"there are none. Players Edge closed a few years ago. Lacrosse Victoria and clubs bring in a small amount of equipment. Other than that, online shopping from USA with its ludicrous delivery charges that start at close to $50.
What do you need?",Local life & places,-0.5574,2017-03-09 02:16:22
ctyrhia,flatlinerz,Yes I like Black Flat but I like to sit in a cafe in use there wifi  but Black Flat doesn't have wifi no room to sit down. I haven't been cocoa lounge and mocha joes for years I remember the coffee there was pretty bad but don't know if it's changed.,Politics & traffic,0.7738,2015-08-11 03:16:25
cglfunh,seewhaticare,"Elwood beach



and those bushes to the right, you'll want to stay away from them at night",Casual chat & reactions,0.0772,2014-04-06 14:44:58
cifldma,jamurp,I always wonder where they get the kayaks from? Like they have a kayak on hand just in case a suburban street gets flooded.,Work hours & uni,0.6908,2014-06-24 08:15:18
ctbnl8j,Ienjoylongwalks,"Monday was okay for me because by the time I got there my usual train was cancelled but got the next one (like a 7 min wait). Today was an absolute joke. Two buses going to essendon came past but were too full to take us. I was tweeting metro and not getting a response about it. After an hour and a half of waiting i got a tweet back saying the trains have resumed. I'm pretty sure I got frostbite on my feet and hands, I still haven't thawed out.",Local life & places,0.9224,2015-07-22 02:16:15
e5tk7yt,NaomiNagata,"But that's not what this subject of discussion was about.  It was about the culture that exists that led a guy to think that doing this was okay.  The problem with saying ""well what about x"" in the context of y is that you have to think y was bad in the first place to make them parallel, and what I don't understand is why it's so hard to off the bad say ""you know what that's right, there is a shitty culture of toxic dudes out there who engage in this shit and it's bloody wrong.""  Because once that's been moved on from then yeah we can open up the discussion to how a group of just as toxic women capitalised on the very real fear women have of being raped when walking around a park.  And once we've done that we can move onto well how to we improve public safety to prevent this and other random attacks like coward-punches from happening.

But we all just get stuck on trolling the feminists and resorting to intensely superficial stereotypes.",Work hours & uni,-0.985,2018-09-12 01:54:00
dn5p1lx,123yousee,"Hyperbole much?  Having ticket or authorised officers or on the spot ticket inspection, with the potential for immediate fines, does not equate to acceptance of physical violence.  You are delusional if you think this way.",Work hours & uni,-0.7636,2017-09-18 05:27:55
cymj5tq,evilpole,"Damn it. Packages arrived. Stuff looks much better than in pictures, thus I dont know if I wanna sell it now. Damn It All",Politics & traffic,-0.3612,2016-01-05 06:45:45
dhbjk1m,Trengroove,This is where parenting comes into it. It isn't overly difficult to explain the things to a kid.,Politics & traffic,0.2755,2017-05-09 07:35:38
daao8ye,raybal5,Story is pay-walled,Jobs & money,0.0,2016-11-22 06:16:32
d1y4mos,hillbillypolenta,"Might be time to move out of home, kids",Local life & places,0.0,2016-04-11 04:56:46
e8nfkpo,lemondrop__,What are you guys having for dinner tonight? Need some inspiration.,Local life & places,0.5267,2018-10-29 06:51:28
d52hix4,Armagizmo,crispy butter fried broccoli and sweet potato that's roasted too long and is super mushy inside which is just how I like it.,Politics & traffic,0.8555,2016-07-07 05:47:40
dvm63bb,australian_babe,"I was at that show and yes, it was hot as balls. I saw Coldplay at Etihad in 2016 it was beautiful with the roof open. Unfortunately with Ed's show it felt like he was performing at a convention centre - that roof sucks!!",Casual chat & reactions,0.6988,2018-03-13 05:12:47
ct4vz7k,Shes_the_Cheese,"Our first night with an electric blanket was bliss. I haven't had one since I was a kid, I had no idea life could be like a big warm hug from a doona.",Politics & traffic,0.8402,2015-07-16 02:00:53
dabi2up,McRage27,Stupid fucker deserves what he got.,Politics & traffic,-0.8271,2016-11-22 21:01:10
d0odukp,cinderxhella,"These are great suggestions! Thank you!!! I saw the Swedish Pizza place, the last place I au paired before this was Italy so I was too afraid to try it! I think I will now :)","Cars, bikes & police",0.8949,2016-03-05 09:26:29
cthj3wi,sahrey,55 is pretty good!,"Cars, bikes & police",0.75,2015-07-27 07:04:49
cohobmj,stinx2001,Oh yes the bacon jam is the shit!,Politics & traffic,0.7901,2015-02-11 01:35:50
e1rne7u,Danimeh,"Vemödalen

n. the frustration of photographing something amazing when thousands of identical photos already exist—the same sunset, the same waterfall, the same curve of a hip, the same closeup of an eye—which can turn a unique subject into something hollow and pulpy and cheap, like a mass-produced piece of furniture you happen to have assembled yourself.",Work hours & uni,0.4939,2018-07-04 07:44:47
csxam0v,beergoggles69,Thieves are lower than shark shit. At least we all know what kind of person we're dealing with in the future.,Work hours & uni,-0.8442,2015-07-09 11:37:08
ck0griv,grahampaige,"its really good, when mixed with valium though.  my wife confiscated it when it was prescribed to me after about 5 hours.  I was having fun",Local life & places,0.7574,2014-08-26 00:32:49
e18vq3i,tldrlololol,"That's not how a free society works. a free society is ""I may not not agree with what you have to say, but I'll defend to my death your right to say it"". That is what has made the West great.",Trains & trams,0.2523,2018-06-25 04:33:53
cpzyvxn,rauland,"The cops are too busy catching the real criminals, those who go 3km over.",Work hours & uni,-0.5719,2015-04-03 14:36:26
dh6m7y7,Skeeball_Fanatic,"It's something like $425 per truck per 15 minutes. Don't quote me on that - that's decided by an admin area that I don't know a heap about. 

It's very expensive. 

Many years ago, companies wouldn't bother getting their alarm systems maintained because there wasn't a cost for response, and the Fire Brigade was going out all day all night to them.",Local life & places,-0.068,2017-05-05 21:41:05
dbga0nm,Cheese_the_Cheese,And I'm out of cheese. Re-supply arriving in the morning.,Local life & places,0.0,2016-12-21 03:39:12
cuk9azw,Wizard_of_Ozzy,Yup. Bit outta my price range,Trains & trams,0.0,2015-08-30 00:37:25
d053asr,blahblahbush,"*Schadenfreude*.

Fortunately, there's plenty for everyone :)","Cars, bikes & police",0.4588,2016-02-18 22:15:58
ds73213,jvalkyrie87,Guy has no chance at this election while the Libs are in federal government. Political cycles are real and it's just not their turn yet.,Work hours & uni,-0.1877,2018-01-04 21:40:21
do9eefb,Booman_aus,Who is nost I see that tag everywhere. Like it's a full time job.,Opinions & public issues,0.3612,2017-10-12 11:35:10
cw1ppdo,doritoamigo,really overrated tbh haha,Politics & traffic,0.5046,2015-10-16 11:08:12
c71dgvb,nolongeralurker,"I practice at studio cirq in the city and another home studio in the burbs. They all tend to be expensive, I haven't found any under $15 a class and some are up to $20. If you're practicing regularly the cheapest route is to find a studio you like with a monthly unlimited pass or if you're on a student budget you could do a home practice with occasional classes to mix it up. 

I find it's more about the teacher than the studio. I found a teacher I like at studio cirq and hers are the only classes I go to. I tried quite a few other places/teachers (breathe, other teachers at studio cirq, bikram, etc.) before I found the right ones. 

If you've **never** done yoga before I wouldn't start with studio cirq but the home studio I go to would be good for first timers. PM me if you're interested in any of the details. /r/yoga is also good if you haven't checked it out yet.

Edit: Forgot the last bit - yes I have done the 1,000 steps. Really enjoyed it! Must go again soon!",Local life & places,0.9744,2012-11-14 20:02:05
dlbsime,SkyChild,If an apartment needs a refurbishment after only 10 years no wonder people want houses.,Opinions & public issues,-0.2263,2017-08-08 12:42:53
dligtwg,K300Ninja,Good luck getting insured again.,"Cars, bikes & police",0.7096,2017-08-12 08:23:24
c6wxjpv,superjaywars,Won't be able to walk in those heels come 4pm,Work hours & uni,0.0,2012-11-05 22:32:46
cvt08xm,Steve00,Zozo layin down the harsh truths!,Work hours & uni,-0.1007,2015-10-08 22:02:40
dpnnaln,misakghazaryan,constantly cloudy and raining? yeah that sounds lovely /s,Politics & traffic,0.7184,2017-11-11 06:33:45
cpkr6gx,mtglilianavess,have to cops actually sean this?,Work hours & uni,0.0,2015-03-20 05:46:59
dizbgye,PortiaVenezia,"Thanks for the info. I didn't see it so interesting to know exactly what happened. Glad she's ok. Too many people ignore the trams at this intersection, it's mind boggling.",Jobs & money,0.784,2017-06-16 12:18:40
d0d0y58,see_me_shamblin,"I think I'm a great candidate, and it'd get me away from the major source of stress in this role while still moving forward with my career. So yes, fingers and toes crossed!",Opinions & public issues,0.7022,2016-02-25 07:14:32
ck0tzp7,Misty_Chaos,"My brother just got nominated to do the Ice Bucket Challenge, which means *I'M* going to be one of the people he nominates!

And here's me thinking I was going to get away with it. Sigh, it was either going to be him or a girl I've met on my travels who'd nominate me anyway!

Now, to think to think of my hit li.... sorry, I mean nominations.",Jobs & money,0.1739,2014-08-26 12:41:57
ddr3z9j,hedaik1,You're not fit to drive a vehicle if you can't work out where the toll stops or starts.,Casual chat & reactions,-0.4039,2017-02-14 23:16:20
dykajfk,warzonevi,"Beautiful cat, I hope he's found.  My cat got outside once just like you, I left the doors open, the cat litter near the door and food near the door.  Cat's are really good with smell.  Try shaking his favourite treat package or some sort of smell or sound he knows well.  With any luck he will come home when he gets cold or hungry or needs to poop.",Politics & traffic,0.9558,2018-05-07 01:09:29
dbgndx3,cameronm,"Wow, $100 seems like a fuck-tonne for a single bottle of Shiraz.",Politics & traffic,0.743,2016-12-21 13:03:24
d7asdre,dundy_mifflinz,"I always make a regular trip down there to go to the [Wildlife park](http://www.piwildlifepark.com.au/) which is so cheap and fun!

Also for food I always always go to [pinos in cowes](http://www.pinostrattoria.com.au/). By far the best pizza I've ever had","Cars, bikes & police",0.8424,2016-09-05 22:41:00
cz2htq1,hillbillypolenta,"FYI if you lie to get the firies out, you could be liable for the costs (a couple of grand)

Not to say you don't have good intentions but don't get yourself in trouble in the process...",Jobs & money,-0.3583,2016-01-18 07:22:24
dy6nlqh,DivX_Greg,nah just heaps of oranges thohhg msgw,Politics & traffic,-0.1027,2018-04-29 22:39:10
clxcpji,fairground,"Yes, I've used them since they merged with my regional credit union. They're excellent, great interest rate on my home loan, local branch manager helped us refinance for a renovation and they use rediatm which means any nab atm is part of your network. Online banking basic but mobile app works fine for all my needs. One fantastic thing they do is that they own a large and growing land bank of native vegetation in western Victoria, protecting it in perpetuity. Every car loan includes a contribution to building it further I think. Just a great customer focused bank.",Opinions & public issues,0.9775,2014-11-09 09:46:01
c4ht0hu,sirmuffinman,4-day old account? Ugh. We're not a bloody classifieds section.,Politics & traffic,-0.1012,2012-04-29 01:10:54
e5lrq19,Misanthrope90,"Muslims hate America, therefore they must be good as we hate America too! Muslims hate western civilisation and blame the west for ""imperialism"" and ""colonisation"" (despite the islamic world being responsible for some of the most egregious examples of mass slavery and imperialism in history), then they must be good! They don't like Christians and Christianity and at one stage were targets of Crusaders, they must be righteous freedom fighters merely defending themselves from the white imperialist Christians whom we despise! They're also ""brown"" which makes it far more easier to patronise and infantalise them and excuse their horrific violence. We'll just ignore all of the horrific misogyny, bigotry, racism and homophobia as it doesn't suit our extreme left wing, anti-western endeavours here in the western world and inconveniences our already incredibly myopic world view.",Trains & trams,-0.9829,2018-09-08 09:35:28
dblnyjf,fsfer,"It's only really visible when it has good magnitude, which isn't every night.",Trains & trams,0.4404,2016-12-25 02:39:49
do2lpwk,blaise21,Thanks a fantastic shot. Looks almost like a supercell storm.,Politics & traffic,0.8275,2017-10-08 10:51:30
co39p1h,PinkCathodeCat,"Thanks for the recommendation, but he's one of my bad experiences. Didn't listen to me and seemed to have a preconceived notion of what he thought I wanted. 

Edit: I'm impolite. Fixed it.",Politics & traffic,-0.802,2015-01-28 06:15:23
dct1pky,Migwelion,You just have to stand your ground with a firm no. I say it before or during their speil. Same with chuggers.,Trains & trams,0.0,2017-01-23 18:50:54
cq9dtmq,notquitedrdeath,This is the current winner with 2 votes.,Trains & trams,0.5859,2015-04-12 01:43:39
d52pym5,mac-87,"Badum tsh! 

So right 😂",Work hours & uni,0.4926,2016-07-07 12:38:46
cfs5mna,0127,"That's not right, you don't need a health care card to get concession MyKi fares. You take a form to the office of your University, they sign and stamp it, and you get a concession card for $7 at your nearest manned station.

Source: never had a healthcare card.",Opinions & public issues,0.4939,2014-03-02 02:52:09
dexmh9c,Duff5OOO,IIRC pumped storage was one of the most efficient storage methods.,Casual chat & reactions,0.4754,2017-03-14 22:05:55
dxaj5vg,NoodleBox,"Oh my GOD the Van Gough one! I just couldn't, it was cramped and it was every second person with a camera. I'm happy I've seen the bits and bobs but not again.",Politics & traffic,0.5512,2018-04-13 10:20:57
cvde61e,WTF-BOOM,"I've worked helpdesk and know about staffing to the razor edge of what's predicted and no more, it sounds absolutely insane to apply this to 000, makes me think they'd privatise it and charge you for the call if they could.",Work hours & uni,-0.6361,2015-09-25 03:33:17
diigypd,xm888,Doug was fantastic! Great recommendation. Well worth the extra $7. Thanks!,"Cars, bikes & police",0.9347,2017-06-06 01:37:26
do5qjp6,RaptorsOnBikes,"Speaking of, what's the go with letting dogs say hi to each other when on walkies? Never had a dog myself but have petsit for one a couple of times. Whenever I walk past another dog going for walk I don't know whether common etiquette is to keep them separate, or let them have a little sniff, or what. Planning on getting a dog next year so it'd be good to know.",Jobs & money,0.6423,2017-10-10 06:09:22
d1s7sbu,amysoyka,Some places do a cert in small business management that goes through all the steps of helping you start a business as well as rewarding you with a piece of paper at the end.,Local life & places,0.7717,2016-04-06 15:32:29
chmiw76,niksko,"I liked it. I like the openness and the feel of the place. Earl's Canteen was really tasty, and Uniqlo's customer service was really good, despite the mob of people.",Work hours & uni,0.8718,2014-05-20 10:43:46
e0rqdyc,DLonigan,"Thus, being a cunt of a place to get to. Shit, I haven't needed to board a train since metcard. I refuse to buy a card, put money into it, JUST INCASE I need to one day get in a train. This city sucks",Casual chat & reactions,-0.8885,2018-06-16 13:23:29
cj1d3tx,Danimeh,Poppies on Lygon St in Carlton. Also Readings on Lygon st have slightly different ones in stock at the moment as well.,Casual chat & reactions,0.2732,2014-07-18 23:34:47
cy0ht3j,YarraYarra,Tullys on the Moorooduc highway south of Frankston.,Casual chat & reactions,0.0,2015-12-16 01:39:04
e324fqk,Malcolm_TurnbullPM,hopefully he ends up shitting where he sleeps,Trains & trams,-0.0258,2018-07-26 08:40:06
d7jcrmv,futtbuckicecreamery,Yesss I've gotten so much good stuff there.,"Cars, bikes & police",0.4902,2016-09-12 09:21:37
chjgqpq,emja,"That's appreciated, but I'll first follow-up on the other leads here over the weekend. cheers!",Politics & traffic,0.7644,2014-05-16 12:56:05
e7z3jw2,antaresiac,"Saying as much implies there’s absolutely nothing wrong with your good self. 

You’re not into the royals. That’s fine. Others disagree.",Work hours & uni,0.6036,2018-10-18 02:06:44
e8j50xd,KagariY,I'm at pax. Walk around and try demo games. Go to panels. Attend dungeon crawl panel. Heard it was good but it is late in the night thou...,Local life & places,0.2382,2018-10-27 04:10:27
d10fpz5,succubii,Early 30's at the very latest?,Local life & places,0.0,2016-03-15 09:26:27
dgl0vkt,tamesapien,Correct. Shoot all music haters.,Local life & places,-0.6808,2017-04-22 00:05:35
c88it1g,HorseUma,Little Sam's Collingwood.,"Cars, bikes & police",0.0,2013-02-03 10:16:04
cz047ru,dinosaur_overlord,Ugh that sounds awful. I didnt even think of that. Hope it goes ok... that must be so mentally draining being constantly defending yourself,Politics & traffic,-0.4404,2016-01-16 05:04:37
e41nzqv,Pacific9,"Haha... Anyone noticed the auntie almost getting dragged back inside and having to be yanked out? 

Also, what's with it being all female?",Work hours & uni,0.5328,2018-08-12 05:13:10
dfwc13x,negativeblame,If you want their recipes check out the Pitt Cue and Co cookbook. Everything they make is lifted from there (expect the doughnuts).,Jobs & money,0.0772,2017-04-06 05:18:40
e5163f8,leifyla,Flinders to southern cross to the show.   Some go through the loop as well though,Casual chat & reactions,0.2732,2018-08-29 12:53:15
d4ir85e,am_at_work_right_now,"Agreed, if you don't want fluff and marketing. Momentum hands down is the most straight forward and the cheapest out of all the energy providers.

Their main disadvantage is that they're very new in their Gas energy service, it's less flexible in its pricing I believe.",Opinions & public issues,0.6222,2016-06-22 00:33:51
dgl8kdp,GreenTriple,So that you can tell them its been an ingoing issue. Also get their name so you can follow up with them. They do have bigger fish to fry for the most part but if you are a normal person and nice to them I have found them to be very sympathetic to things like this.,Local life & places,0.9159,2017-04-22 03:05:05
d6bh4aa,KillLush,"Nah the tint professor was the one who fucked me, roof seal just had sloppy seconds.

I like being different, makes reddit intermesting.",Politics & traffic,-0.5106,2016-08-10 05:44:50
e1i6tnn,Dwev,"I have lived in Europe for eight years now, and for some reason looking at this map gave me a strong nostalgia hit. :/",Trains & trams,0.2263,2018-06-29 16:16:05
dvrzg3q,Wukaft,Or going from 80km/h to a full stop within 3 seconds. My theory is that Melbourne bus companies mainly recruit former rally drivers.,Work hours & uni,-0.296,2018-03-16 02:55:19
dad9ai9,Supersnazz,"I'm refinancing too at the moment. 3.51 for owner-occ, 3.79 for the IP. It's crazy that more people don't refinance. Apparently you are more likely to get a divorce than to refinance a mortgage.",Opinions & public issues,-0.34,2016-11-24 01:44:47
cutv92p,Steve00,Ill be hitting them up for some TIL if it happens much more. I had to get 30 drawings ready for precast penetrations for a meeting at 9am this morning. I only got the info late Friday arvo. So unfortunately i had no choice but to get it done last night!,Local life & places,-0.4767,2015-09-07 23:11:11
dfti0ot,blvkvintage,"&gt; At the time, I did not exactly know what kind of problem domestic violence was, nor how it should be dealt with in legal and social contexts. Preparing my client’s defense in Japan, I could find only one book about domestic violence, a Japanese translation of the development of a battered women’s shelter in England. With this one book I could give the judges and prosecutors little information on domestic violence, and they never seemed very interested in the topic anyway.

&gt; Furthermore, the concept of domestic violence as a social problem did not even exist in the Japanese language. I only knew the words “battered wife” or “battered women” in English. Consequently, I was frustrated in my attempt to make the court understand the nature of this case. My client was sentenced to a seven-year prison term even though the court recognized that she had constantly suffered violence at the hand of her husband.

https://quod.lib.umich.edu/j/jii/4750978.0003.104/--japanese-women-confront-domestic-violence?rgn=main;view=fulltext

While not specifically about rape, it is an anecdotal example of the attitudes held within Japanese society towards women (which thankfully are changing for the better). Plenty more can be found on the topic with a simple google search.",Work hours & uni,-0.9777,2017-04-04 15:39:29
dl07kdc,bekkerbones,"Yeah? Well you obviously didn't live in Melbs long enough to appreciate it. I like Perth but there not much going on, you have to admit that.",Politics & traffic,0.714,2017-08-01 09:43:54
cqaocpo,toroc,"yeah I think it's already beginning, it's a slow process though.

The new cafe near the station is really good, and a few of the asian restaurants have had renovations and changed up their menus.  With all the new apartment buildings being built, the area is gonna shape up real nice. 

The only change I don't appreciate is the loss of the Olympic donut van... I miss the dingy looking caravan it should have been heritage listed.",Opinions & public issues,0.4651,2015-04-13 10:07:01
dxjj63s,MilesInLove,Surely we will get more trains coming through after the Heidelberg bottleneck is removed,Casual chat & reactions,0.4404,2018-04-18 00:49:32
e2rw8ox,HeathenCyclist,"That couldn't pay the rent though. 

Next idea?",Opinions & public issues,0.0762,2018-07-21 09:49:21
d3ekzl1,megablast,Is the assistant a doll too? Do they get a doll assistant? Is it just mamushka dolls?,Opinions & public issues,0.0,2016-05-21 22:33:23
dqrpfha,dippet,"Meh. I had a look at some PS4 games. Marginally cheaper.

[Assassin's Creed Origins JB HIFI $69](https://www.jbhifi.com.au/games-consoles/platforms/playstation-4/assassins-creed-origins/457684/)

[Assassin's Creed Origins Amazon $49](https://www.amazon.com.au/Ubisoft-ASSASSINS-CREED-ORIGINS-PS4/dp/B0773JL3VF/ref=sr_1_7?s=videogames&amp;ie=UTF8&amp;qid=1512423763&amp;sr=1-7&amp;keywords=ps4)

There are savings, but you have to look for them. Or get a chrome extension for comparison.",Opinions & public issues,0.0516,2017-12-04 21:44:48
dqse0zd,whackadoodle_cracked,Hahaha... I'm there several times a day getting my fix :P,Local life & places,0.7456,2017-12-05 05:20:35
c75xnwo,RadiumGirl,I find that spelling error unbearable.,Work hours & uni,-0.4019,2012-11-24 06:24:31
d7ssici,natostrike,"Sweet PPP contracts that they extend after the contract is done, like ShittyLink.",Opinions & public issues,0.7351,2016-09-19 05:04:56
cavnha4,OZspankybear,"It all flows on.  My team has lost people and we're short staffed, so I'm picking up a lot of the slack.  Consequently I haven't had a chance to book my annual(ish) dental checkup or car service.",Opinions & public issues,-0.466,2013-07-04 04:21:58
dba7deq,throwawaylibrarian22,"You can access the true-to-print version online for free, with a library card from the state library. [Age and SMH Library Edition](http://ezproxy.slv.vic.gov.au/login?url=http://www.libraryedition.com.au)
You can sign up for a library card at the library (instantly) or sign up online and they'll send you one. Then you log in with your library barcode.

Once you've logged in with your barcode, the link at the top - ""click here for direct access"" will get you through to The Age and the SMH digital editions. You'll have to scroll down the bottom for the most recent editions. It's not the most intuitive platform, but it works. The daily editions are updated each morning.

Edit: for clarity.",Jobs & money,0.4708,2016-12-16 20:40:29
c3v5fjs,Phallic,"You're looking for places that *aren't* noisy, shitty venues but you want more places like Bimbo's?

I'm so fucking lost...","Cars, bikes & police",0.3677,2012-02-26 12:53:18
c7lhwbp,Smched,Huh. Didn't notice for some reason.,Work hours & uni,0.0,2012-12-24 15:22:41
dmzbgl2,bluelightnings,Cheeky little fucker. Kinda looks like one of those gifs where everythings still except for one thing that's moving. Cinemagraph?,Politics & traffic,-0.4186,2017-09-14 03:55:37
d0cnyge,Skratchet,Consider my socks rocked sir. Thankyou.,"Cars, bikes & police",0.0,2016-02-25 00:35:05
dfjkgue,Mortar_Art,Reform reform! Clamour for reform.,Opinions & public issues,0.0,2017-03-29 02:42:32
diqjgad,m00nh34d,"This is an interesting problem. I don't think there's a hard an fast rule that can be applied here, but maybe the laws need to change so the current rule can be overcome in certain circumstances. Like the example given, when there are 29 odd owners wanting to sell, and 1 owner holding on, there needs to be some kind of mediation available to work through that, if that 1 owner has some legitimate reason why they can't see up, then take that into account, but if they just don't want to move and are standing in the way of everyone else, while the building fall apart around them, they need to be overruled.",Work hours & uni,0.3436,2017-06-11 00:21:05
d7j5obf,futtbuckicecreamery,"If they did, I'd imagine they'd be asking poor old Mac to be a 'third' :|",Jobs & money,-0.5423,2016-09-12 03:54:44
do2orin,futtbuckicecreamery,"To be fair, you have to have a very high IQ to understand Rick and Morty. The humour is extremely subtle, and without a solid grasp of theoretical physics most of the jokes will go over a typical viewer’s head. There’s also Rick’s nihilistic outlook, which is deftly woven into his characterisation- his personal philosophy draws heavily from Narodnaya Volya literature, for instance.",Work hours & uni,0.7367,2017-10-08 13:01:39
e709xtk,dfbowen,"I don't know the detail, but if anybody was wondering why the Rowville line morphed from heavy rail into light rail (announced in May), the SLR would explain why.",Casual chat & reactions,0.0,2018-10-02 02:41:23
ck0e7lo,grahampaige,"I travelled across europe in the back seat of a car with mine.  Wife and FIL in the front seat.

There was almost a mutiny.  when the front seat threatened to throw us out due to our bad jokes.  We got bored and discovered a mutual enjoyment of the pun :)",Politics & traffic,0.0,2014-08-25 23:02:21
cwnoa3a,Migwelion,"Have an Orange whip at Orange whip? 
But seriously don't go to Orange whip.

Check out the hill or train to the city.",Politics & traffic,-0.2617,2015-11-04 02:15:40
dsqtlxd,it_fell_off_a_truck,I get 2.80% and can withdraw as much as I like as long as the net change at the end of each month is +$1k,Opinions & public issues,0.3612,2018-01-16 02:21:11
cuu86lz,Unleashedmemories,"Do you find magnesium helps you with your training? I forgot that I have a big bottle of them cos my old boss's doctor told him he was having too much lol.

My legs are kill right now.


Can't wait to head home and have a nice bath or something.",Politics & traffic,0.3612,2015-09-08 07:37:00
dxnsv7z,frawks24,"Ah I think I got myself a little confused, gas primarily does peak power but it's involved in baseload in hybrid configurations, I can't see only anywhere that a purely gas turbine provides baseload power.",Trains & trams,-0.1289,2018-04-20 02:24:29
e5hgj01,Throwaway-242424,"Would you be OK to pay billions of dollars to finance the war on drugs every year? Because that's an actual reality, rather than your hysterical hypothetical (like prohibition actually stops or helps addiction)",Trains & trams,0.2577,2018-09-06 08:40:00
cioddnb,pigferret,"Reddit Enhancement Suite gives you the ability to tag users, and it automatically includes a link to the ~~the~~ thread whence you tagged them.

I had you tagged as ""Idiot"".

First time I've noticed you since, so I thought I'd share the love.",Jobs & money,0.6597,2014-07-04 13:11:33
e191ff4,tldrlololol,"&gt; you nazi supporters/racists/patriots

I'm a patriot thank you. Your other accusations are way off base. The vast majority of people on the right of politics detest the Nazi party. This is understandable, since it was the ""national Socialist Party"", and socialism's natural home is on the left. Somehow you've been gas-lighted into thinking the opposite.

Besides the propaganda tactic of labelling (which is the trap you have fallen into), is also the trap of conflation. I maintain that yes I am a casual bystander in this and have not attended any rallies. I have followed online quite intensely. I did read posts from... what were they called... oh yeah ""Reclaim Australia"". I wanted to read what these so-called ""racists"" were about. I was really surprised to learn that there were forum posts going on and on how they hated the swastika-clad people turning up. the ""RA"" people hated them - like..really hated them. But guess what - these nazi-lovers turned up because they through they could recruit some RA members into their neo NAZI stupidity.

The RA rally was held. The nazis crashed it. The nazis clashed with far-left radicals, and the media - who don't want the real story - they just want to push emotional buttons - just covered photos of skinheads and lefties all up in each others faces. With the radicals from either side overtaking the dialogue, and the media covering that, it's no wonder things are as polarised as they are.  Peace.",Work hours & uni,-0.7258,2018-06-25 07:14:18
e8nlvvi,OIP,"i got some sony WH-CH500s which go alright and i think only paid about $80.  use them for work, round the house, running.  great battery life and very comfortable.  sound isn't mindblowing but it's perfectly decent.",Opinions & public issues,0.9031,2018-10-29 10:43:15
ddrkvi6,slaybreath,Yeah but then didn't follow up after that and told 'them' to check the citylink account?,Jobs & money,0.1531,2017-02-15 06:18:22
dfjsylt,ghostofq,"Jesus dude... The point is that cannabis is treated differently to other drugs by the legal system. If you get caught with weed there's less hoops to jump through than if you were caught with any other drug. It's not the courts that deal with the cannabis cautioning program either, the police handle it. Just stop.",Work hours & uni,-0.1779,2017-03-29 06:50:21
cal6wm7,velonaut,"&gt;Cyclists are only a minority group when you compare them to cars; in their own right, their numbers are significant.

That's true of any minority group. It doesn't diminish my point that it is stupid to call out a minority group for a behaviour that related to a much larger set - in this case, all road users.

&gt;And you know what? I've only seen a handful of cars run a red light - but I've lost count of the number of cyclists I've seen do it, especially at a pedestrian crossing.

I'd call that confirmation bias. Cyclists going through red lights pisses you off, so it sticks it your mind when it happens. My bet would be that the number of drivers who get caught running red lights in this country each year would be greater than the total number of cyclists that exist in this country. And that's only the drivers who get caught - the number that get away with running red lights would be even greater.",Work hours & uni,0.4921,2013-06-18 12:55:07
djj7r2b,CapnBloodbeard,"It appears to have been related to the Sunbury line, that's about all I know.  My train was only held outside SC for a few minutes.",Casual chat & reactions,0.0,2017-06-28 23:03:36
cgub5q7,giantfarts,Maybe they will go to their hotel rooms to sleep. Who knows.,"Cars, bikes & police",0.0,2014-04-16 22:25:48
cnczku5,Belledonner,You must be fun at parties!,Local life & places,0.7424,2015-01-03 08:03:32
cdpffh0,Rockableize,"Besides the GP, if your interested in seeing Australian football the season starts the same weekend so could be a bit hard to go and see but if you are there the week after then it's worth going to see a game, and it's only like $25 for general admission tickets.",Local life & places,0.7391,2013-11-29 06:14:38
cpg4pjc,NoodleBox,"Dear Chuggers at Coles; 

Sorry. Lads I like your cause..

BUT I AM IN A RUSH AND MY DEADPAN 'I'm poor.' Is semi true. I've had a shit day. (My fault!)


(""I'm really sorry gents I'm poor!"" she says as she goes past. No, Medicines Sans Frontiers, NOT BLOODY TODAY)",Jobs & money,-0.8807,2015-03-16 01:13:46
dyseqn7,i_d_ten_tee,"Yeah, that's the one. In Footscray.",Casual chat & reactions,0.296,2018-05-11 01:55:03
crtl3vf,noodle-flinger,"No worries, I saw that post after I posted mine, just hoping that I could do my bit and couldn't bring myself to take it down.",Local life & places,0.6288,2015-06-02 23:43:02
cohf21m,NoodleBox,"Holiday! Register your trailers, people.",Local life & places,0.4574,2015-02-10 21:16:04
d08zt2k,no_mistake,"Unless you're shorting them on a meth deal, you're likely to be fine.",Work hours & uni,0.2023,2016-02-22 05:40:17
d104635,todp,"Finally put the order in the for PCB for my custom keyboard. Rather excited about it.
Also bought a 3d printer to assist with making the keycaps etc.",Local life & places,0.34,2016-03-15 01:42:12
d0zr1wf,cameronm,"Imperial hotel on a Wednesday has open mic comedy. Also search Facebook for ""Melbourne comedy room hub"", they're always advertising.

We're really close to Comedy festival time, though. I kind of think open mic nights are going to be busier than usual... I don't know though!",Local life & places,0.8822,2016-03-14 20:16:38
c78w5h5,alphabeat,&gt; Help! I'm being oppressed!,Trains & trams,-0.2462,2012-11-30 01:22:39
e0rlkz6,skinny_bitch_88,As a vegan I agree with this. Don't mind the eating part - it's the way they are treated beforehand.,Trains & trams,0.3612,2018-06-16 11:13:03
dfw6pmm,eshaman,please dont use those words 😢,Trains & trams,-0.2023,2017-04-06 02:57:49
d8wwcea,everdeen-malfoy,Well I refer to cretins as they usually ask for pics within two sentences. But thanks for the heads up. Insecure indeed.,Jobs & money,0.2023,2016-10-18 06:20:18
cyp1umz,melbredditguy,"Caloric restriction and counting of macros so you understand how to make appropriate food choices is the best option in my opinion.

It's one thing to say sure I quit sugar, there's a significant chunk of calories you've probably stopped eating.  However it's not the end of it.  You still need to look at high fat, and high carb meals as a source of weight gain/ loss and have a good balance of macros for what you're trying to achieve.",Work hours & uni,0.8519,2016-01-07 05:55:32
do9d5ey,Camboxx,Signal issues can be a cover for a wide range of tech issues - trespassers are just trespassers. People assume the worst every time haha,Work hours & uni,-0.2732,2017-10-12 10:49:20
ct9f8rg,joe_hockeys_cigar,I can shed light on Brisbane ramping / bed block,"Cars, bikes & police",-0.4404,2015-07-20 05:40:01
cay4mhk,HearThisToday,"No job.
New house.
New love.",Opinions & public issues,0.4588,2013-07-08 09:34:58
cwd06ss,WogButter,By the looks of it they probably would.,Politics & traffic,0.0,2015-10-26 03:33:52
d052ypn,Gas_monkey,Shit - tram went right into the drivers door. Could've been nasty.,Work hours & uni,-0.802,2016-02-18 22:08:16
dbgajyg,mac-87,"Yeah, they were both in with our manager, haha",Politics & traffic,0.6369,2016-12-21 03:52:10
dhjehnb,spock_dread,Heidi was $20 when I went there last time,Local life & places,0.0,2017-05-14 09:51:31
cl6zw8u,Wizard_of_Ozzy,"It's not personal at all. I live above a pub, so it was a nightly sort of thing after work to have a few beers and if I didn't have enough money, a few bottles of cleanskin / a goon bag. 

So yeah, it was a lot. I'm doing it to prove to myself that I don't need alcohol to survive and that the social drink is more than fine once in a while. 

I'm rambling but I think I'll appreciate having a drink at a party a lot more now that I've gone to a few and have had to turn down free beer.",Local life & places,0.9328,2014-10-12 01:45:26
e4k9915,unbenned,Because he likely always has bodyguards with him.,Work hours & uni,0.0,2018-08-21 09:31:47
cnxw2en,Fraerie,"I do not like them  
Here or there.  
I do not like them  
Anywhere.  
I do not like green eggs and ham.  
I do not like them, Sam-I-am.",Politics & traffic,-0.7536,2015-01-23 02:25:46
d52i0li,Armagizmo,I love red curries. So good.,Politics & traffic,0.8377,2016-07-07 06:06:48
chy0odl,Ghoval,"Wow, thank you! That's amazing.. might have to go if they do it next week!",Politics & traffic,0.893,2014-06-03 13:33:03
cvdd0jo,CharlesPoliquin,"it's the same shit as the wharfies, ambos etc. You hear they average $80k and think ""fuck that's tons, what's the issue"" then you discover their base pay is under $60k, and they all do a shitload of overtime, shift work etc and it's penalties that get them up there. 

Besides that - we all get into this stupid shit of saying group X doesn't deserve to make $80k because MY job is harder and I only make $70k. Is that the 000 operators' fault, or is it your employer/industry that's short changing you? Maybe if they're making $80k, your wage will eventually come up. 

Don't get into this idiotic shit of wage slave fighting wage slave. They're in a position to organise and ask for what they deserve. If you're not in that position, don't hold it against other wage earners. That's exactly how the top end of town manages to keep winning - we're all angry at the wrong people. 

NSW 000 operators are making [$59k](http://www.ambulance.nsw.gov.au/Employment/Control-Centre-Recruitment/Control-Centre-Recruitment.html) and generally NSW wages are higher, so I'd be *very* surprised if the *base salary* for 000 operators in Vic was $80k. 

Just looking for a number I came across this comment from an old Whirlpool thread:

&gt;I was shocked to find out that a friend of mine got a job working for 000 and getting paid almost $50k per year. Here I am working for a shit $20 per hour which = $36,000 pa plus super. I have 7 years experience and get less than a 000 phone monkey.

Dude's calling his *friend* a ""phone monkey"" because his friend's getting a better deal than him. Classic divide and conquer shit, don't fall into the trap.",Jobs & money,-0.9787,2015-09-25 02:57:57
csy0mkt,Jonne,"These guys always play the victim, even if everything's their fault.",Work hours & uni,-0.34,2015-07-09 23:48:18
d421864,dfbowen,"It's all good... except that they're persisting with Werribee St, Werribee, even though it sees hardly any trains these days because Geelong trains now go via Deer Park. They should really swap that out and do a more needed grade separation.",Casual chat & reactions,0.4404,2016-06-09 07:33:03
d63ekbf,Steve00,And I you most likely. I was basically a piece of the furniture in there for years haha,Politics & traffic,0.4588,2016-08-04 02:36:11
dnsmahb,Woooooooody,Chadstone has changed dramatically in recent years.,Opinions & public issues,0.0,2017-10-02 10:34:40
cdttlqz,warded01,"Personally i find kennels to be bad news. I was going overseas for two months and was looking around for places to leave my 5 month old cat. We couldnt bear to leave him anywhere, animals locked in a cage for days on end with only thirty minutes to be let out. Fuck. That. Those places are  cruel money factories and id much rather pay a friend to look after them. We ended up opting to send our cat via plane to my mothers to look after him until we get back to melbourne and even seeing him locked in a cage before we left knowing hed be in it for 8 hours before being picked up brought me to tears.
Call me crazy but i couldnt bear to willingly let my animal feel abandoned or caged or any cat or dog or similar pet.",Jobs & money,-0.88,2013-12-05 01:35:04
dym90ae,readmymind5,"Apparently in Melbourne cafes, 100% of the costs are wages.",Opinions & public issues,0.0,2018-05-08 01:18:45
dra95eb,EvolvingMeme,"Absent any spycams in rape locations, we have not enough data to state people of which ethnicity rape their kids most. Catholic priests and teachers are mainly white, as were most members of the pedoring with links to Australia. Rape and dv are probably the most underreported crimes. I talked to indigenous rape survivors, and it wasn't their mob who did it, because they were away from their parents to 'whiten up'.",Trains & trams,-0.9674,2017-12-15 11:22:38
c5cq6um,Mord_Fustang,"Carlton draught... It's brewed in collingwood, one of our best known beers","Cars, bikes & police",0.6369,2012-07-12 00:25:31
dtv1yfh,SharksCantSwim,"I dunno, a lot of people would disagree with me but Richmond to me feels like a B grade Fitzroy/Collingwood. It has the same sort of things like bars, cafes, etc... but it's just not as good?","Cars, bikes & police",0.285,2018-02-07 04:51:10
dkzxsyu,thisbitchsays,"No, because cost of preparing food at home is a lot less than what we happily pay at a restaurant  
We'll be saving money by cooking for ourselves",Opinions & public issues,0.4939,2017-08-01 03:48:43
e0b2ri4,Dweezil901,Can't comment on the footy ball stuff but from now on take every word he says with a grain of salt. He sounds EXACTLY like a couple of insecure lying pieces of shit I work with.,Local life & places,-0.899,2018-06-08 03:14:15
dn8xxef,fortalyst,"Transdev are without a doubt the biggest shitstain in Melbourne's public transport. They're unable to supply a service which isn't overcrowded to the point where they need to skip several stops at a time during peak hour because their buses are well above capacity and their customer service team responds to your complaints with lines like ""you should maybe get there 5 mins earlier"" when I complain that 3 buses skipped my stop. What's the fucking point of getting there early when your service skips you?",Casual chat & reactions,-0.316,2017-09-20 04:24:34
cohxli5,fishyfish16,FitBit is purchased. Thank you Amazon.,Politics & traffic,0.4939,2015-02-11 06:54:09
e15o2gh,linguistlife,Priory Dolls were so good,"Cars, bikes & police",0.5777,2018-06-23 10:58:36
e8cbjrs,PlainSodaWater,"Wow. Thanks muchly for the links. Sad to hear about the donuts, I definitely got them a few times.",Politics & traffic,0.743,2018-10-24 04:16:01
e0t1awu,Hermitcrabsrool,"In a democracy civil disobedience is criminal, not political. All they do is turn people against their cause by doing nonsense like this.",Work hours & uni,-0.5574,2018-06-17 04:53:37
d6gv855,futtbuckicecreamery,"A book would hardly help when you basically have a row to yourself at the footy despite being one of 33,000 other people.",Local life & places,0.3415,2016-08-14 08:09:17
cxs6l20,zozozozozoz,"oh, Wednesday. you are a weird day.",Local life & places,-0.1779,2015-12-08 23:46:43
d44il4h,Nalonmail,Jurassic world at the Melbourne museum is a bit of fun.,"Cars, bikes & police",0.5106,2016-06-11 03:29:12
cnlcuyz,j0rdy1,"Jesus was a big name playing or something? Thats absurd, I only go to Wah/Cloud so never pay more than $15 but every now and then I'll go Jungle and its well worth the $25 to me. But $35 I would just turn around and leave.",Local life & places,0.6583,2015-01-11 09:43:24
daatkpt,pukesonyourshoes,"Beg pardon, couldn't tell. I shouldn't have assumed.",Jobs & money,0.3182,2016-11-22 10:43:56
dyhik5n,supers0nic,"Yeah, I read an article earlier stating his death was not suspicious, so likely suicide. Sad :(",Jobs & money,-0.9124,2018-05-05 11:57:47
e1i1aaq,whackadoodle_cracked,"Not to be pedantic, but do you mean Stony Point line? I live on the Frankston line. There is no Langwarrin station.",Casual chat & reactions,-0.4215,2018-06-29 14:56:34
dqj6ebr,m00nh34d,"He could be Donald Trump for all I care, the fact is he's not active on the site or performing moderation duties in /r/australia, and certainly not answering the pleas from the community to take action on the other mods that are abusing their positions.",Work hours & uni,0.088,2017-11-29 23:35:15
d52kqy4,sonus20,"oh c'on dont make me do this, I have sore arm because of the rain and also lost a front lever for the break on my motorcycle :(",Work hours & uni,-0.7717,2016-07-07 08:15:39
dib9jli,dopedupvinyl,"I know mine for sure think that, but we only there for the money",Politics & traffic,0.1655,2017-06-01 11:30:48
ct3l4uq,dropbear8mybaby,I've had a good experience with this lot: http://everythingaustralian.com.au/,"Cars, bikes & police",0.4404,2015-07-15 00:16:37
chtifop,alphabeat,Do you take photos of every message you get?! Seems inefficient!,Jobs & money,0.0,2014-05-28 22:41:14
dqsld3w,OldBertieDastard,Did u chase it all up with KFC nuggz? Liberally braised with bokeh?,Jobs & money,0.0,2017-12-05 09:35:48
dfgrm0v,CamSecurity,"I love Wilson's prom, beautiful area :)",Casual chat & reactions,0.9022,2017-03-27 12:57:58
dj6uvq8,coldie80,"Royal Stacks CBD, or their Coburg one if you're after Halal versions of same burgers.",Trains & trams,0.0,2017-06-21 06:22:21
d0cvb99,continental-drift,"Off to a whisky night tonight, looking forward to it. Going to drink all the whisky and hopefully there will be some stuff there I haven't tried.",Local life & places,0.4019,2016-02-25 03:49:19
dmvzakh,bolter_to_the_face,"Nope, automatics. I can't (reliably) drive a manual just yet, so they're off the table until I get better at it.",Casual chat & reactions,0.4404,2017-09-12 03:59:02
e8ne2gc,just_kitten,"It's actually my friend's place that I'm sorta looking after while they're away, I don't want to muck around too much since it's a road-facing unit balcony. (Also just plain lazy) I won't be there after Wednesday for this week so deep watering + sheltered spot for the smaller pot with the Greek basil and everything else will have to deal! With 6 hours of afternoon sun no less",Local life & places,-0.6386,2018-10-29 06:03:05
dft4toy,ComradeSomo,"Considering Japan has pretty low rape rates last I looked, yet produces and consumes the most fucked up porn, I'm inclined to disagree.",Politics & traffic,-0.8977,2017-04-04 09:30:34
di1xxpm,Siriacus,"&gt;*In Paris, police were given new assault rifles after 130 people were killed and hundreds injured when jihadist gunmen* ***armed with Kalashnikovs and bombs*** *attacked a concert hall, restaurants and cafes in the city in November 2015.*

&gt;*A member of the BAC, France's anti-criminal police unit, was first on the scene at the Bataclan concert hall. He shot dead one of the jihadists but was* ***forced to retreat and wait for tactical officers because he wasn't equipped sufficiently against the two still alive.***

&gt;*French Interior Minister Bernard Cazeneuve announced last year that all BAC officers would carry similar firearms as the country's tactical forces and every police patrol unit would be equipped with German automatic rifles, the HK G36.*

On a serious note, Doyle's comments imply that he's concerned of Jihadists armed with semi-automatic firearms in Melbourne. 

What intelligence or reports could he have been provided to warrant such a response?",Work hours & uni,-0.6542,2017-05-26 02:02:14
d9f3fga,TimN90,Wtf are you from the UK or not?  You better get this clarified before the ashes start next year or else it'll lead to mass confusion and misdirected sledging.,Jobs & money,-0.8129,2016-10-31 08:06:55
ct3n9x3,JeddyH,"Oh yeah, I'll just whip out my fucking snowblower to clean it, thanks so much website.",Politics & traffic,0.7943,2015-07-15 01:17:55
e175drd,Quarterwit_85,"Flap! were one of the most fun live bands I’ve seen.

Augie March were pretty amazing and around for years but never really got big.",Local life & places,0.726,2018-06-24 05:26:35
cal3qde,Ishi_Prende,I've seen a fair few out Pakenham and Berwick way.,Casual chat & reactions,0.3182,2013-06-18 06:56:32
d84t4xw,nineteen999,"You need to bring a presenter, to introduce you before you go on stage. 

I recommend a maitre-d, an MC, or a complete 14-piece brass section.",Work hours & uni,0.3612,2016-09-27 23:35:58
dtk0weq,MisterSnrub_,"I could imagine it being a real possibility. A motorcyclist was cut in half by one of these barriers in New Zealand a while back: http://www.nzherald.co.nz/nz/news/article.cfm?c_id=1&amp;objectid=10471320  

&gt;""I stopped and raced back to the scene where it first happened and find that he has been severed, waist down, and was lying on the road - it was extremely disturbing,"" Mr Tsang said. ""With the cheese-cutter ... he had no chance.""",Work hours & uni,-0.9222,2018-02-01 03:52:24
e4e8qcx,HeathenCyclist,"If only it was illegal. Seriously, it's not.",Jobs & money,-0.6486,2018-08-18 04:40:48
cy9hvo9,OIP,"melb uni bookshop sells it, corner swanston and grattan st so on the way from city to fitzroy.

mind games for sure.","Cars, bikes & police",0.3182,2015-12-23 23:42:50
cnqb8ye,RabidLeroy,"...

Apparently they haven't gotten around to saying that yet.",Local life & places,0.0,2015-01-15 23:24:30
dfbr22a,Cheese_the_Cheese,Try a hospitality supply store like hotel agencies.,"Cars, bikes & police",0.3612,2017-03-23 22:13:56
duqtrow,epicpillowcase,"Haha wow, I was expecting one of the standard cringey ""ok she barely acknowledged my presence/looked uncomfortable but I swear we had a connection"" posts but there's no ambiguity in this interaction.

You sound self-aware/not a sleazy shitbag so I genuinely wish you good luck.",Work hours & uni,0.9061,2018-02-24 04:41:30
dakg66a,dreamsomebody,"Not sure what's going on with the snarky useless comments below. Anyway, Myki is a prepaid ticketing system that has two payment types: Myki Pass and Myki Money. When you need to use public transport on a regular basis within a consistent timeframe, get Myki Pass. Myki Pass allows you to purchase a ticket for a time period between 7-365 days. Myki Money is used for one off irregular trips like when you want to go to the city to watch the footy.",Casual chat & reactions,-0.2411,2016-11-29 13:16:39
dhm8ca6,Mortar_Art,"&gt;Impending Sharia law and an overtake of Australia by neo-Nazis seem about as equally likely from where I am sitting.

You may be right, but at the same time, Le Pen nearly became President in France, right after pretty much going on a Holocaust denial spree, and Trump put someone known to harbour anti-semitic views in a very central position in the White House.

Not to mention, Australia itself has a pretty shoddy history with eugenics and this kind of thing, that many old conservatives harbour nostalgia for.

&gt;Has anyone bothered to accurately quantify it?

4% of Australians are Muslims. Let's say that 1 in 4 of them want Sharia Law to apply to decisions amongst Muslims, and half of those would want Sharia law to apply to the rest of society, assuming Muslims were the majority. That's 0.5% of Australians who would peacefully advocate for Sharia Law.

***

Meanwhile, how many Australians unironically voted for One Nation?",Trains & trams,0.9261,2017-05-16 05:26:06
cphe6t1,ThisPlus,"Yep, by all means say that you're a grad to provide context for a covering letter but I wouldn't spend too much time talking about what the grad program can offer you. 

Talk about how you can add value to the company - but perhaps mention tie in something about how their values align with your personal development goals (e.g. achieving through others, aspirations for team leadership etc.).",Jobs & money,0.8047,2015-03-17 04:52:34
e1ti6wm,cool_hand_jerk,Why would I ask Google when I can instead draw on the experiences of people that have actually lived in Melbourne for however many years?,Jobs & money,0.0,2018-07-05 06:28:00
ddt9lqj,jampola,"Close, I live on Thailand! 😂",Casual chat & reactions,0.4926,2017-02-16 08:42:52
dpquzly,ewokracing,Neapoli in the CBD. Go upstairs.,"Cars, bikes & police",0.0,2017-11-13 08:17:33
ddlzf46,coldSocks,"Ahh I see, yeah I think I elected to not have it published :) all good",Politics & traffic,0.7964,2017-02-11 11:58:52
ccjid2y,7568324,Aussie Open for sure - larger global audience that runs over a much longer time period = more exposure for Australia / Melbourne.,Opinions & public issues,0.3182,2013-10-02 13:47:31
5deq9r,Brisbanedude7,"Option 1- Skybus 
Option 2- 901 to Broadmeadows then train to city
Option 3- Uber or Bus to Airport West then tram 
Option 4- Uber to the city",Casual chat & reactions,0.0,2016-11-17 08:14:37
cgzux0d,seewhaticare,just as long as they don't touch the jam doughnut van!!! you leave them doughnuts alone!!,Politics & traffic,-0.5216,2014-04-23 13:10:16
dz4dn9x,mr-snrub-,"If it makes YOU feel any better, I'm still living with my parents and have no savings",Opinions & public issues,0.1779,2018-05-17 08:54:18
cz08gnq,chichisen,Heaps of Chinese New Year celebrations are going on in the next week or so. Victoria St will be having a big street party thing on the 24th! Not sure if that was that you were looking for but :),Local life & places,0.6869,2016-01-16 08:28:46
cpgbpuh,Shes_the_Cheese,HEckEldy FUckiNg YES! Last week I was down in the dumps because things had slowed a little. This week excellent things have happened and I'm very bloody stoked about it.,Politics & traffic,0.3739,2015-03-16 05:28:28
dfce9fu,pressbutton,"What about a free gig? Are you into music? 

Also you can catch the flying displays for the f1 for free from St Kilda Rd, I've done that the last few years. F18 and the Roulettes are fun.","Cars, bikes & police",0.8823,2017-03-24 09:28:35
d6ch29a,XeKToReX,"Well guess what, you're doing a shit job of steering clear of that definition!",Work hours & uni,0.1007,2016-08-10 22:46:01
chym7cc,ninjabk,"I worked in a Piano bar years ago. There was a christmas party for Aer Lingus so everything was on the company card. This horrible woman, a managerial type, mutton dressed as lamb look, came to the bar and ordered a Hennessey XO. So I was like sweet,, don't sell much of this stuff.

I got a beautifully polished crystal balloon glass, poured the perfect measure into it, rang it up onto their tab, great.

This managerial type bird then asks for a tall glass of ice and a diet coke.

okay, there you go.

She then pours the beautiful cognac over the ice, and tops it all off with diet coke.

My boss lost it.

""why did you let that aul wagon do that""

""what could I have done? we still make the same money off it""

""not the point"" he says ""rest of the night she get that cheap napoleon shite if she's going to drink it with coke""",Local life & places,0.9707,2014-06-04 02:54:05
cepz70q,lotus-codex,"Melbourne Central!!! And the food court is underground so that's always cooler. Then you can head upstairs and catch a movie. Sadly the Borders is long gone, that was a great spot to waste time and never buy anything..... Oh makes sense now.",Local life & places,-0.3348,2014-01-15 06:35:33
cdoi626,kentoad,"I thought it was going to be a one time thing and I missed out on it, that's dope to hear.",Jobs & money,-0.296,2013-11-27 22:37:15
d6vriyt,GrumpyMcGrumperton,"x-post to /r/photoshopbattles

Edit: werds",Jobs & money,0.0,2016-08-25 06:12:25
dzd667o,DrBalance,It's literally less to pay a loan like that than rent almost anywhere in Sydney.,Opinions & public issues,0.3353,2018-05-22 02:02:54
cjvabe4,TimN90,I never knew it before it got bigger but mates say it used to be waaay cheaper.  Inevitable expansion I suppose.,Local life & places,0.0,2014-08-20 04:43:43
dt3uyg5,thrml,That's the one. Just heard they treat the animals badly and really don't care about what they're doing.,Trains & trams,-0.5116,2018-01-23 09:33:46
d8z2nes,dusky5,In which world? Some fantasy one?,Trains & trams,0.0,2016-10-19 18:19:09
csa7r81,tatty000,"Can you change the order? Ie, fly from Perth to Melb, then back? Needing some flights for a couple weeks from Perth.",Local life & places,0.0,2015-06-18 01:09:04
calupfs,Tacticus,Train stations are even simpler. just stream it in over the victrac fibre to every station and cache locally in a smaller version of the central host (a mac mini would easily serve the purpose (redis with 5 GB of mem cache would hold a few days of updates easily)),Casual chat & reactions,0.5859,2013-06-19 10:21:36
ck0pzkg,zozozozozoz,What a great adventure day!,Local life & places,0.7712,2014-08-26 07:07:33
d95cyla,whiteikeastools,"Unfortunately the time you're coming here, you're going to need every article of clothing in your closet: February is as hot as hell and June can be as cold as Siberia (well not that cold, but bloody cold)

Melbourne is the best big city in Australia, think of it as New York of the South. The people are extremely nice, the public transport options are plenty and the nightlife is spot on. 

My only advice is visit Sydney, for 3-4 nights. That's all you need. Once you've seen the harbour and The Rocks there is literally nothing left to see.

You'll never regret your decision to come to Melbourne.",Casual chat & reactions,0.7985,2016-10-24 08:42:49
daavoli,Thomasrdotorg,The stories about this guy; they were weird. His cousin told him.,Politics & traffic,-0.1779,2016-11-22 12:34:03
csubg6g,modasocks,Do a criminal background check on those hundreds and the number gets much smaller.  Also remove people who don't live in the area.  Doesn't take long.,Casual chat & reactions,-0.4767,2015-07-06 22:25:34
cofvr8t,dojoca,Sounds like the solution fits the problem right there :D,Work hours & uni,0.7297,2015-02-09 11:14:19
c6dphds,Ores,"I'm not sure fines and demerit points are the answer here - though it wouldn't hurt.

The idea of the infringement notices and demerit points is to catch you before you have an accident to make you re-evaluate. 

It's very easy to catch someone speeding/running a red light/drunk without there being an accident. It's virtually impossible to catch someone not looking opening their door unless there is actually an accident.

What really needs to happen is an education campaign to make people re-evaluate without an accident having to occur.",Work hours & uni,-0.704,2012-09-26 15:06:00
e6pbr5j,whackadoodle_cracked,"OK I've thought about it some more. Aslan from Chronicles of Narnia!

A magical benevolent lion, hell yeah!",Jobs & money,0.5882,2018-09-26 23:47:57
dnsgn03,tranquil21,Thanks for sharing the petition! I knoe people doing 'Lunch covers'. Doesn't leave a lot.,Jobs & money,0.7303,2017-10-02 06:12:13
dek7cls,qemist,"It's not all that secular. It starts every session with prayers, the default initiation involves swearing on a religious text, and it has made a whole bunch of one religion's sacred days into public holidays.",Local life & places,0.1531,2017-03-06 03:27:19
d9tybbd,uyenbk,"(▀̿Ĺ̯▀̿ ̿)
 Just activate stealth mode",Opinions & public issues,-0.0772,2016-11-10 05:12:18
c1bmy4x,XcileD,"Hah, my mate won this shuffling comp at HSD a few weeks back. I think he won le cash!","Cars, bikes & police",0.8268,2011-01-06 12:43:13
dkina0g,heykody,why isn't he wearing white and red stripes?,Politics & traffic,0.0,2017-07-21 11:52:53
cpa21mo,hillbillypolenta,"I used to pass that Chadstone speed camera twice a day as part of my commute. I've gone past that speed camera a bit over *three thousand times*, and I've never had a speeding fine.

Yet every day I saw people flock through it above the speed limit. It's not awareness, it's arrogance and/or stupidity.",Work hours & uni,0.1719,2015-03-10 07:32:10
d492twc,bsf91,"For those who participate in Redditgifts, what's the best and worst gift you've gotten?",Politics & traffic,0.4588,2016-06-14 18:24:05
c6hc709,miffy303,"Not sure where you're based but Wise Guys Pizza is awesome, there's one in East St Kilda and also one in South Melbourne. I often walk past it and it smells incredible, its also really yummy! Also, I know it doesn't deliver but for cheap and good quality, La Porchetta really is a lot better than Dominos.","Cars, bikes & police",0.976,2012-10-04 02:30:09
d8g3ps7,cuchulain84au,I second this. The dinner is Amazingly American gluttony. The bar is nice.,"Cars, bikes & police",0.4215,2016-10-06 05:27:28
d7ivzxo,Hinxsey,This is Melbourne - Wait 45 minutes.,Casual chat & reactions,0.0,2016-09-11 23:55:22
c1j51kp,duccy_duc,I can't believe Soundwave doesn't have a mention. A sold out rock festival with Iron-fucking-Maiden headlining.,Trains & trams,0.4939,2011-03-03 14:28:34
cnmcw1k,Goatse_Wan_Kenobi,"Dick move by the cops. 

Are they allowed to drive along a specific cycle path *without* lights?",Work hours & uni,-0.5106,2015-01-12 09:44:16
ck609if,jayhow90,"No. I know people who work in fraud, and cash on hand jobs have to be reported as earnings. I dobbed in my former landlord to Centrelink for recieving benefits as he would only accept payments for rent in cash and he also worked a cash in hand job. OP should report his employer to Fair Work Australia. Of course he could apply for C-link benefits and keep it on the down low but that is fraud if he is earning over the threshold.",Work hours & uni,-0.2263,2014-09-01 04:27:38
cdynbvk,onwheels,Come on now. This is Australia. We don't get voice recognition.,Jobs & money,0.0,2013-12-10 23:14:53
ds22nnz,Byrnzy13,"Nope, I’m 26, and there are still 3 who are 12, 13, and 14. So very much still this time. 

That being said, everyone who has ever met my mum is in agreement that she is an amazing woman, and they have no idea how she manages it all.",Local life & places,0.7003,2018-01-02 00:12:34
ds12uhb,misterfourex,"&gt; You also have not asked me about my hundreds of other thoughts regarding social policy

I've seen what you thought was your best idea, why on earth would i want to hear the tripe that didn't make the cut?",Jobs & money,0.7441,2018-01-01 07:11:50
dbgfvy5,samdiatmh,"Haven't told my boss that I plan to take Friday and next week off due to a holiday

How far up shit creek am I? And would you recommend updating the resume?

edit: for the record... I work casual, and we got confirmed of our extension 3 weeks ago (then was the right time to ask) - and booked the flights for said holiday during November",Local life & places,0.6662,2016-12-21 07:08:55
dc423ph,JupiterCrash,It's a weather term. Oppressive heat = sweltering/uncomfortable heat.,Politics & traffic,-0.4019,2017-01-07 08:24:26
cvdfxle,000dispatcher,"Possibly, but if you had the option to accrue that leave and it was being taken away from you, would you not fight that decision. It pretty much impossible to get anything back once it has been removed from you, slippery slope and all.",Work hours & uni,0.7767,2015-09-25 04:37:00
ds14koq,VESSV,Turnbull and Hunt are both using this to try and score a few political points,Jobs & money,0.0,2018-01-01 08:25:00
cpvag0s,rpy,Big thanks to the Victorian government for releasing this data to developers - I'm looking into adding these datasets into [NextThere](http://nextthere.com) and [Triptastic](http://triptasticapp.com) now.,Opinions & public issues,0.4404,2015-03-30 06:06:15
dvd1qgo,ozfighter,"since highly paid actresses in hollywood were molested by a donor for the democratic party.

somehow this worthless fat cunt has become the paragon of all men.",Work hours & uni,-0.743,2018-03-08 05:13:06
d670qbs,redion1992,"Better than the iPhone app. No message, the app just crashes.",Jobs & money,0.1779,2016-08-06 20:21:23
d59xnpg,stinx2001,"Mind me asking how much it costs? I work in Southbank so location is good, and need to have my knees looked at.","Cars, bikes & police",0.4877,2016-07-13 00:09:40
dwucynd,friendly_buddha,Yeah I'm pretty sure any agent that sends marketing with a legally obliged notice of inspection WON'T hold up in court.,Work hours & uni,0.7964,2018-04-05 08:32:55
cimhcql,Spyders_web,"Been thinking of getting another cat, after my little mate passed away just short of 2 years ago. Oliver looks a lot like him. 

Still don't think I'm quite ready to get another one, after having my buddy for nearly 18 years...

Hope you can find a fantastic, loving home for him! Best of luck.",Jobs & money,0.9725,2014-07-02 08:49:50
diqvwnx,zsaleeba,Yeah but that's with no traffic.,Casual chat & reactions,-0.296,2017-06-11 06:34:33
dsle39u,wingus__dingus,"I've lived out this way for over 20 years and always have seen flying foxes about! The numbers I see at any one time varies but they can live in small groups in local areas. IIRC there's a colony at Cranbourne Botanical Gardens.
Flying foxes are actually migratory too, so after summer a lot fly north to Northern NSW and Queensland.",Casual chat & reactions,0.0,2018-01-12 22:36:33
e66nax2,heykody,"so you want a dj for your wedding, that won't charge you wedding rates right?",Opinions & public issues,0.1477,2018-09-18 09:22:24
cwzhpdn,Schnooks,"Both tunnels have 3 cameras each, not sure on the rest of the network.",Casual chat & reactions,-0.2411,2015-11-14 00:39:13
cacr3mk,azirale,"Gah, late to the party. I'm interested here too, I wasn't able to justify getting a ticket when they were available, and now I'll be hosting friends from interstate that are going to PAX.",Local life & places,0.8176,2013-06-05 17:31:47
cul9b0m,misskass,"If you're one of my friends from my terribly hideously inactive DnD group I'm gonna come to your house and beat you to death. If not, have fun, I'm still holding out hope that said friends organise some sessions sometime soon. :(",Local life & places,-0.6126,2015-08-30 23:41:19
cvt308l,Fumanchui,"unpolished, neat, I do my own maintenance. I have one dicky toe which kind points the wrong way, a horse stood on it and broke it. It looks slightly retarded but its not offensive.",Work hours & uni,0.3108,2015-10-08 23:20:18
cnxg47l,joonix,wtf kind of thread is this? how do you know what reddit is yet you don't know what a motel is?,Jobs & money,-0.6322,2015-01-22 19:03:57
d7jclzd,zee-bra,The mission opshop on glenhuntly road in Elsternwick is a goldmine!,Politics & traffic,0.0,2016-09-12 09:11:07
db35wku,pressbutton,"Yeah I quell the shame of my voice by cloaking the old brain with beer. Also sing off key like [""Me may mah mo, me mo ma may""](http://i.imgur.com/upu3qlo.png). Then afterwards everything else sounds perfectly in tune!",Politics & traffic,0.7263,2016-12-12 05:00:27
chwsjds,ryashpool,When drunk by a person that sounds about right.,Work hours & uni,-0.34,2014-06-02 01:11:18
chggw4l,ninjabk,"Just change the front page to look like [this.](http://i.imgur.com/tY6AuR2.png)

Easy Peasy",Politics & traffic,0.6597,2014-05-13 01:33:55
e5irh64,Ededde,"Two main reasons:

1. Arthritis and tendinitis from transcribing.  

2.  Moved to Australia and the companies that I worked for don't employ overseas.


As much fun as it was listening in on not yet released HBO shows and the NYC police corruption committees, it was destroying my body.",Opinions & public issues,-0.0772,2018-09-06 22:03:49
cnh6ytu,autowikibot,"#####&amp;#009;

######&amp;#009;

####&amp;#009;
Section 29. [**Largest tram systems**](https://en.wikipedia.org/wiki/Tram#Largest_tram_systems) of article  [**Tram**](https://en.wikipedia.org/wiki/Tram): [](#sfw) 

---

&gt;

&gt;The six largest (street) tram networks in the world by track length (over 100 miles) are [Melbourne](https://en.wikipedia.org/wiki/Trams_in_Melbourne) (250 km (160 mi)),  [St. Petersburg](https://en.wikipedia.org/wiki/Tramways_in_Saint_Petersburg) (220 km (140 mi)), [Amsterdam](https://en.wikipedia.org/wiki/Trams_in_Amsterdam) (200 km (120 mi)),  [Berlin](https://en.wikipedia.org/wiki/Berlin_tram) (190 km (120 mi)), [Moscow](https://en.wikipedia.org/wiki/Trams_in_Moscow) (181 km (112 mi)) and [Vienna](https://en.wikipedia.org/wiki/Trams_in_Vienna) (172 km (107 mi)),. 

&gt;Other large (street tram) systems 100–160 km long include (but are not limited to) [Antwerp](https://en.wikipedia.org/wiki/Trams_in_Antwerp), [Bremen](https://en.wikipedia.org/wiki/Trams_in_Bremen), [Brussels](https://en.wikipedia.org/wiki/Brussels_trams), [Bucharest](https://en.wikipedia.org/wiki/Transport_in_Bucharest), [Budapest](https://en.wikipedia.org/wiki/Trams_in_Budapest), [Dresden](https://en.wikipedia.org/wiki/Trams_in_Dresden), Gothenburg, [Hanover](https://en.wikipedia.org/wiki/Hanover_Stadtbahn), [The Hague](https://en.wikipedia.org/wiki/Trams_in_The_Hague), [Kiev](https://en.wikipedia.org/wiki/Kiev_Tramway), [Leipzig](https://en.wikipedia.org/wiki/Leipziger_Verkehrsbetriebe), [Łódź](https://en.wikipedia.org/wiki/Tramways_in_%C5%81%C3%B3d%C5%BA), [Manchester](https://en.wikipedia.org/wiki/Manchester_Metrolink) (93 km (58 mi)), [Milan](https://en.wikipedia.org/wiki/Trams_in_Milan), [Oslo](https://en.wikipedia.org/wiki/Trams_in_Oslo), [Paris](https://en.wikipedia.org/wiki/Tramways_in_Paris) (90 km (56 mi)), [Prague](https://en.wikipedia.org/wiki/Prague_tram_system), [Riga](https://en.wikipedia.org/wiki/Trams_in_Riga) (182 km (113 mi)), [Silesian Interurbans](https://en.wikipedia.org/wiki/Silesian_Interurbans) (201 km (125 mi)), [Sofia](https://en.wikipedia.org/wiki/Sofia_Tramway), [Stuttgart](https://en.wikipedia.org/wiki/Stuttgart_Stadtbahn), [Tricity](https://en.wikipedia.org/wiki/Szybka_Kolej_Miejska_(Tricity\)), [Toronto](https://en.wikipedia.org/wiki/Toronto_streetcar_system) (82 km (51 mi)), [Warsaw](https://en.wikipedia.org/wiki/Warsaw_Tramways), [Zagreb](https://en.wikipedia.org/wiki/Zagreb_Tramway) and [Zurich](https://en.wikipedia.org/wiki/Trams_in_Z%C3%BCrich) (73 km (45 mi)).

&gt;The longest single tram line in the world is the 68 km (42 mi) [Belgian Coast Tram](https://en.wikipedia.org/wiki/Belgian_Coast_Tram), which runs almost the entire length of the Belgian coast.

&gt;

---

^Interesting: [^Tram ^stop](https://en.wikipedia.org/wiki/Tram_stop) ^| [^Tram ^engine](https://en.wikipedia.org/wiki/Tram_engine) ^| [^Karachi ^to ^Melbourne ^Tram](https://en.wikipedia.org/wiki/Karachi_to_Melbourne_Tram) 

^Parent ^commenter ^can [^toggle ^NSFW](/message/compose?to=autowikibot&amp;subject=AutoWikibot NSFW toggle&amp;message=%2Btoggle-nsfw+cnh6ytu) ^or[](#or) [^delete](/message/compose?to=autowikibot&amp;subject=AutoWikibot Deletion&amp;message=%2Bdelete+cnh6ytu)^. ^Will ^also ^delete ^on ^comment ^score ^of ^-1 ^or ^less. ^| [^(FAQs)](http://www.np.reddit.com/r/autowikibot/wiki/index) ^| [^Mods](http://www.np.reddit.com/r/autowikibot/comments/1x013o/for_moderators_switches_commands_and_css/) ^| [^Magic ^Words](http://www.np.reddit.com/r/autowikibot/comments/1ux484/ask_wikibot/)",Trains & trams,-0.2871,2015-01-07 12:40:21
c4lxljx,modeski,"Nope, commuter trains over shorter distances than I commute now.  I used to live a 35-minute train ride from the CBD stations in Glasgow, Scotland.  They have one or two guards per train, and they patrol up and down constantly.  Everyone gets asked for their ticket.  Those that don't have one can buy one from the guard.  They can take cash/eftpos/credit and print out paper tickets on the spot.

Of course, some people don't get asked for their ticket, but there's guards and machines *before* the exit barriers at the CBD stations so people can buy one there.",Casual chat & reactions,0.0,2012-05-09 11:56:08
e8ld4aj,heccnhella,Or The Cornish Arms,Politics & traffic,0.0,2018-10-28 08:15:28
d10aw9j,Wizard_of_Ozzy,"[So we got a really small run of vinyl done](http://i.imgur.com/iGJ9oOE.jpg)

Featuring: Alternate artwork and hand-numbered. This baby will be in my collection as 1/22",Local life & places,0.0,2016-03-15 05:00:10
cuuce68,pressbutton,It's funny reading it if you assume he's talking about a big poo,Jobs & money,0.4404,2015-09-08 12:22:58
dr8e3nj,mustang2002,Poor people are statistically more likely to be in jail. Let's just preemptively jail them,Trains & trams,-0.4767,2017-12-14 09:32:39
e8opzfg,fundieInAChainWax,Pentecostal version of Jesus is not the real Jesus of the Bible.,Politics & traffic,0.0,2018-10-29 21:01:47
de0cqcp,mocha13,"I didn't do the overnight, but I did a 'ghost tour' there one night. It wasn't as good as other similar tours (the Beechworth Asylum one is amazing) as a lot of it was the tour guide telling us 5-6 times that she had a ""degree in demonology"" and then showed us an iPad full of ~~overexposed~~ ahem... ghost photos. 


It would have been a lot better if it had focused more on the history and not on the ""Pass this iPad around and look at this grainy photo someone took that has a dust speck that we're calling a ghost in it""

OH she also told us the third floor was so haunted that cameras wouldn't work up there but.... spoiler alert, they worked just fine. 


/skepticism",Jobs & money,-0.3603,2017-02-21 05:23:40
e6ll8b0,evilbatcat,The Bobbitt solution.,Work hours & uni,0.3182,2018-09-25 08:06:57
coi08pk,Moon_Lover,"Take away, night in my new house with no one except me and the guy im seeing and maybe some alcohol and ill give him the card I made him :)",Local life & places,-0.25,2015-02-11 09:58:03
dd7t0hl,MichaelOLynn,"&gt;The boooook offfff ~~Arnold~~ Bernard...  
FTFY",Opinions & public issues,0.0,2017-02-02 01:33:34
cxej1om,mikeydotcomdotau,"Imagine the mental gymnastics required for talking snakes,  zombie jesus and Mary's immaculate contraption.",Trains & trams,0.0,2015-11-27 07:13:12
cueungt,Fulvio55,"That's not the primary reason **at all**. The profit is just a byproduct of the way all markets work anyway.

The real point behind cryptos is to cut out the profiteering bastards that have their hands in your pocket at every step of the way. There is NO other way for me to give you money without there being a substantial cost involved.

The problem is that the costs are normally pretty well hidden. People react pretty quickly when you charge them a fee for something, but when its hidden in the price, they just don't seem to notice. At least not until they discover an alternative.",Work hours & uni,-0.0172,2015-08-25 07:22:11
clcw2cl,beattun,"fellow paddy here, st kilda or not st kilda, I'd be expecting to hear the victim was Irish before I'd be expecting to hear the assailants were Irish, I know we love a drink but we don't make a habit of making cunts of ourselves to that level in Australia",Trains & trams,-0.6486,2014-10-18 14:08:35
d91fscf,marzerfarker,When I lost my license it took 2-3hours from rowville to bentleigh. 3 buses.,Casual chat & reactions,-0.3182,2016-10-21 05:55:58
d9qwr2u,potatoinmymouth,"That doesn't have anything to do with the RRL operationally. The trains that run the Albury line actually use a different gauge (track width) so they're totally separate from the rest of V/Line's fleet. This is why opening the RRL had no impact one way or another. 

Of course, organisationally, V/Line now has to deal with increasingly running a commuter/metro rail service, particularly on the Geelong corridor, in conjunction with its long haul services like Albury.",Casual chat & reactions,0.0772,2016-11-08 10:57:44
e23tj0e,fortalyst,I like the way goodhamsandwich thinks!,Work hours & uni,0.4199,2018-07-10 03:24:39
difomg8,CartesianSkeleton,The RCH and their staff are one of the main reasons I'm alive today. Very thankful for all the work they've done.,Local life & places,0.7645,2017-06-04 06:13:32
cth6hdy,Shes_the_Cheese,"IF your sick your sick mate, work can deal. Look after you first. 

Signed: The guy who let work come first for 10 years and has the body and mind to prove it.",Local life & places,-0.765,2015-07-26 23:45:02
e52ohab,virtueavatar,Perhaps there's a bus driver reading the sub that might be able to entertain us with a few possibilities as to why they'd do this.,Jobs & money,0.3182,2018-08-30 02:18:37
dictau7,DomesticPotato_,"But thanks for scrolling through months of content just to start something online hahaha, just goes to show you can't help some people..",Politics & traffic,0.7822,2017-06-02 08:14:34
csi5qu0,Bark0s,"More a historic down trodden ethnic working class.  Big italian community, now a lot of chinese. It's great and cosmopolitan, not a super rich area. Cheap feeds, good times.","Cars, bikes & police",0.2335,2015-06-25 12:41:20
cihbhl2,post_rock0,"&gt;Anyone know how widespread this sort of thing is?  
  
What, people telling you stories and you believe them and broadcast it? Quite widespread as it happens. [Even national media do it](https://www.youtube.com/watch?v=vMk8KKWAq7c)",Work hours & uni,0.0,2014-06-26 04:05:31
d05bq63,raybal5,Yes many people have little clue on what the hook turn rules are.  I spotted someone in Elizabeth St recently who decided to complete her hook turn before the lights changed.  She cut off two lanes of cars and a tram.  Dopey person.,Work hours & uni,0.1531,2016-02-19 01:45:10
dsgfzrp,patrick_pencilpusher,"what girl in their right mind would do that. you realise rape is only prevented through policing/physical threat in our society, not because we have natural good hearts?",Work hours & uni,0.1779,2018-01-10 05:51:45
d52h11p,zozozozozoz,"it's just internet people, kiddo. don't let them get to you. YOU DO YOU.",Jobs & money,0.0,2016-07-07 05:29:08
cylhdg3,tamasys,My apartment seems incapable of cooling down at night this week and it's so hard to sleep. The joys of a black rendered brick apartment block. RIP me.,Opinions & public issues,-0.4882,2016-01-04 13:31:00
dgfm4wj,Ashrey2,"The old me would never do something like this. I hate the old me. 

I'd love to come, if you'll have me.",Politics & traffic,-0.1556,2017-04-18 19:13:21
dq9sgbs,ProudNormie1,"B-BUT MUH ALTERNATIVE ENERGY SOURCES 
YEA WELL WHERE ARE THEY AND WHY AREN'T THEY IN WIDESPREAD USE?
UNTIL THEN BURNNNNNN COALLL LIKE CHINA",Trains & trams,0.6908,2017-11-24 10:15:43
dfzoosa,futtbuckicecreamery,"Wheeled umbrella rack out 2 minutes before it started raining. Retail masterstroke!! (I have no life and am entering hour 9, please kill me)",Casual chat & reactions,-0.7339,2017-04-08 08:32:09
cumtamc,danshep,"&gt; There has been no substantial increase in council's spend on its Christmas and New Year's Eve programs since 2014.

So... there's no news here.",Local life & places,-0.5795,2015-09-01 07:40:02
czqs7fr,ISTJ83,It's not that bad... and its usually cooler in summer than the rest of the city.,Casual chat & reactions,0.431,2016-02-07 05:17:38
cc98vf0,dilbot2,"Paranoia is not particularly Jewish. It's shared by all who jump at shadows fed by security agencies wishing to increase their budget.

Just chill, kiddo. There *are* a few sickos out there but I think you're far safer here than in say, Israel.",Trains & trams,0.7803,2013-09-16 04:38:26
cqf3ckt,Astro_naut,No photos of myself but here's the [astrobub being a penguin](http://imgur.com/evADhQt),Politics & traffic,-0.1531,2015-04-17 03:02:28
e4w6unq,grahampaige,"Hay BWD.  Not much.  Too many
Meetings today.

Has BWD been a good dog?","Cars, bikes & police",0.4404,2018-08-27 01:42:03
dsiihrm,ozfighter,"nixon is where it all started, what a cunt that woman was.",Work hours & uni,-0.4939,2018-01-11 10:52:18
dsylt6q,Azraeleon,"""Health Therapy""",Opinions & public issues,0.0,2018-01-20 08:23:28
cw65z8a,owenvdw,What sort of place do you want? Sit down cocktails? Craft beer? Get pissed and hit on girls?,Local life & places,-0.7059,2015-10-20 07:36:39
dq9gsyl,jubbing,Kinda.. I don't know why they design it to look like it was made in the 80's though.,Politics & traffic,0.3612,2017-11-24 03:31:29
ca1ht5p,Cutter76,"Google Maps link to Pine Forest outside Woodend, if your that side of town.

-37.404392,144.514117",Local life & places,0.0,2013-05-19 02:04:38
e1iz8mi,Puddlette,1881 and I don’t think it’s been reno-ed since,Trains & trams,0.0,2018-06-29 23:36:06
dlf115k,klystron,"Start a website like the one for [the Montague Street Bridge.](http://howmanydayssincemontaguestreetbridgehasbeenhit.com/)

IstheKingswayclockright.com",Casual chat & reactions,0.3612,2017-08-10 07:21:11
dtrm3u2,tragic-waste-of-skin,No they won't.  They'll keep up the charade that it had nothing to do with it.  They like to live in a bubble.,Trains & trams,0.0772,2018-02-05 12:36:58
chpo2i6,ninjabk,There was an interview with her last night on TripleR. She was delightful.,Local life & places,0.5859,2014-05-24 00:06:49
cz03qew,succubii,"So I'm starting gym tomorrow, I'm really kinda sorta maybe super nervous but I am sooooo keen.

One step closer in potential(?) dream(?) career, here I come.",Local life & places,0.7827,2016-01-16 04:46:50
dmzto2z,rayjizzlejohnsizzle,"It's late and I'm tired but something about this post speaks to me. I've been there dude. Often. Good to read you gave them the arse.

For me, it would have been wishing it was the person I was meeting with being that pigeon...",Local life & places,0.6428,2017-09-14 14:11:49
cukoq4m,irrational_abbztract,"Legend. I'll keep you updated. I'm planning on going go-karting maybe the coming weekend if I'm not working. I'll be putting it up on the meetup group I made too. Interested?

Also, what games do you play? And which platform?",Local life & places,0.6848,2015-08-30 12:36:30
d60u3zn,Taijoker,"Maths has never been my strong point, but the articles maths don't seem to make much sense. If 35000 people have travelled in 6 months, with 300 trains 250 trams and 500 buses that run every weekend, that means there were 25200 services in 6 months, meaning only like, 1.38 people per service. 

I'm really hoping that they mean 35000 people used it every weekend",Casual chat & reactions,0.7607,2016-08-02 10:16:40
dy3lig6,Anarcho_Humanist,"Good, hopefully this is a step towards a Restorative Justice system.","Cars, bikes & police",0.8402,2018-04-28 03:57:10
cgge3gb,TallTonyH,Post a pic of the model.,Jobs & money,0.0,2014-03-31 13:00:20
cl72rr7,zozozozozoz,"Delicious breakfast at Lux, now home to cleeeean! Then there shall be much relaxing.",Politics & traffic,0.8016,2014-10-12 03:42:53
dtp776t,Kozeyekan_,"Yep, where a $30 cowboy cocksucker requires a bit more clarification.","Cars, bikes & police",-0.4404,2018-02-04 01:00:11
cyrfxin,WogButter,"Facebook, there's a large Melbourne group for 2nd hand gear.","Cars, bikes & police",0.4939,2016-01-09 03:31:23
dg67uec,Bonsa12,I worked at a large store and we didn't (Coles),Politics & traffic,0.0,2017-04-12 17:32:39
d5a1urk,lkernan,His surprise would have become disappointment when his manager took it out of his wage.,Jobs & money,-0.296,2016-07-13 01:58:48
e6di8bd,Offensiveraptor,"You assumed I wiped stolen phones and I noted your assumption.

You Aussies are a dumb bunch.

I offer the service of wiping IMEI and provide the service. That's all I do, you can bring any phone you want to me, I'm not going to ask about the background of the phone.

Hopefully more Aussies get their phones stolen so we have less retarded Reddit posts.",Jobs & money,-0.8781,2018-09-21 12:32:10
ct4r38o,cameronm,"Got a job offer this morning.

Now to break the bad news at work. It's going to be interesting. I'm a little terrified.",Local life & places,-0.6712,2015-07-15 23:34:29
cpk6j4t,chanwa,It's mostly free when you're sectioned.,"Cars, bikes & police",0.5106,2015-03-19 19:13:20
cwx7g5y,ozias_leduc,"i've been thinking of what kind of booby traps we could set up. like home alone but with more of a running man vibe, more spikes etc",Politics & traffic,0.0644,2015-11-12 01:34:37
cpw4zz8,IvanTSR,"Anything that happens in the first 6 months of a new govt was usually in train (hur hur) under the previous. Not that this makes it any less legitimate or that the govt doesn't deserve credit for continuing to run with it - after all once elected they're the government of the day and can do what they want. 

Just how government works - but trying to attribute it totally to the change wouldn't be correct.",Work hours & uni,-0.1134,2015-03-31 00:36:53
cslai1k,Lichenic,Probably a bit late but had the most wonderful dinner experience at Touché Hombre near QV. Dessert doughnuts are a must,"Cars, bikes & police",0.7572,2015-06-28 09:35:26
c4liffz,whtrbt,"Is there a foolproof way to get out of a ticket?

Please note that I currently have a yearly myki and no need to do this. :)",Casual chat & reactions,0.7351,2012-05-08 13:22:57
dyd6k4b,temporaryclouds,"Fun fact that everyone forgets for one reason or another, 100% employment is literally impossible.

This is an economic, statistical, mathematical, historical, whatever you want to call it, fact. Not an opinion.",Opinions & public issues,0.5574,2018-05-03 04:27:02
e4wdz5t,NoodleBox,"I was made to go to bed after Summer Heights High! 

(But Wednesday night was 'stay up a bit later' night for me so that was fun! Kath and Kim, Spicks and Specks..)",Local life & places,0.7528,2018-08-27 03:55:22
dkn4khy,Anuxinamoon,"Pretty sure Zen Gaming Lounge had a console section on the 3rd floor. They have heaps of couches and TV's set up there. 
That's where I hung out when I was watching esports. Im pretty sure they said its normally console area.",Politics & traffic,0.875,2017-07-24 09:19:48
9p4fky,bigluki1,"As usual, every news outlet is plastered with every little action and thing the royals are doing.

&amp;#x200B;

My question r/Melbourne is; does anyone here legitimately even care about them?

&amp;#x200B;

I have never met anyone in my life who actually cares when they tour and do their visits.

&amp;#x200B;

Just curious what my fellow Melbournites think.",Trains & trams,0.8176,2018-10-18 00:53:37
choxko5,healspam,Client doesn't know duck all,Politics & traffic,0.0,2014-05-23 02:06:46
c5cwew8,Gullyhunter,"Otway estate beer is awesome. They also do gift packs as per request. They have like 5-6 different types to choose from. Also as some one who was lived all over the country they are up there in my top 5
http://www.otwayestate.com.au/ for more info",Politics & traffic,0.8834,2012-07-12 09:36:24
dsr5zzs,choc_96,"Is it just me, or has *The Age* increased their limit on free articles?",Opinions & public issues,0.6597,2018-01-16 07:07:01
d5a8fxc,NoodleBox,"I did that. 

Turns out it was the same kind of noises as a hard drive + fridge make. Couldn't hear it.",Jobs & money,-0.1027,2016-07-13 05:14:36
c6diuql,piezo32,"Degraves Laneway, Luna Park, Flinders St Station, South Bank, etc.

Just go to into the city and shoot. ""Iconic"" things everywhere.","Cars, bikes & police",-0.34,2012-09-26 02:52:22
e5cit6i,wongm,"Photo of said kids from back in 2006.

https://www.flickr.com/photos/legoblock/5686289205/",Politics & traffic,0.0,2018-09-03 23:48:59
dopon93,circle_square_leaf,"Not that hard physically, if you are not super unfit. To give you an idea, I usually ride a little short of 50km in a 6hr shift, which a very sustainable and not particularly taxing rate. Like every job, there are frustrating aspects, but the km ridden and weight hauled isn't really one of them in this job. I love riding and discovering routes, it's great not to have a boss on my ass, and I've met awesome people. It's the perfect student part-time gig for me. (The rain can totally suck though!)

Customers are generally fine. Your mate is in the tiny minority, you should tell him that. Most people are totally happy to see the guy that just bought them food. Also, if there is an issue like lateness or spillage, I am nice and show them the steps they should take to remedy the situation. And the ones that are dicks, I just shrug and go back to my cheerful riding.

edit words",Local life & places,0.988,2017-10-22 06:33:31
52z6un,chajanpan,"Hi! 

I'm looking for a community garden or even someone in Melbourne who has a compost bin to give my green waste once a week. I can't have a compost bin in my apartment block and I really don't want to throw it out in the regular rubbish (trying to be eco-friendly and zero waste).

If anyone has any tips or ideas, I'd love to hear them. Thanks!","Cars, bikes & police",-0.3579,2016-09-15 23:54:22
dvvup2p,zachdawizard,Will it sell out is what i’m wondering,Opinions & public issues,0.0,2018-03-18 07:57:55
cfkxqdy,elasticdumpling,"man they're getting lazy. if your going to try scam us, at least put some effort into it.",Work hours & uni,-0.7351,2014-02-21 11:31:00
dj3lfmt,epicpillowcase,"What's your goal with criminology? Huge glut of law/forensics/crim type interest at the moment, waaay more grads than jobs. Make sure you research the grad employment statistics before you decide.",Work hours & uni,0.765,2017-06-19 09:23:31
drf1adb,notasgr,[Look harder](https://thumbs.gfycat.com/GratefulEnormousCutworm-max-1mb.gif),Work hours & uni,0.0,2017-12-18 10:49:27
cvt3fdr,Wizard_of_Ozzy,Conflict with one of her bosses. I think,Work hours & uni,-0.3182,2015-10-08 23:32:34
d89ejmo,aftersilence,I never expected to cry over an AFL game. But that...that killed me.,Local life & places,-0.756,2016-10-01 09:15:55
e1irogo,elwynf3011,A great way to get home after the Mumbles Mike pub crawl... sadly long gone before I completed that milestone,Local life & places,0.3182,2018-06-29 21:26:49
ddulkbu,raybal5,"The first half of your post is a waste of space and basically says, I'm a victim.  It is not going to endear you to many people.

&gt;Please forgive the long story.
I've basically been suffering for a long time, I got kicked out by my parents, went through depression and got a chronic illness that almost killed me, and now afterwards I've got chronic migraines that make all day every day difficult and painful. Like, if your leg hurts it only makes walking hard. If your brain hurts, that just fucks up everything. It makes me forgetful, slow and utterly exhausted. Some days I want to just drill a hole in my skull to release what feels like extreme, throbbing pressure.
Despite all that, though, recently though I have started to actually, through some kind of divine providence, put my life together. I got a full-time job through an amazing charity, started making progress on maybe treating my migraines and maybe finally being a productive member of society. The final piece was when I got a bike learner license because I needed transport and I didn't have anyone to teach me to drive a car. So I spent all the money I had buying a scooter and I've been commuting to work daily now - it's really changed my life being able to be independent and mobile. Before I couldn't see my neurologist because they were too far from my job to visit after work, but now I can take a late appointment and get there on time. I felt for a short while like maybe being okay was within my reach.",Work hours & uni,-0.7299,2017-02-17 03:37:50
ctxsjd0,tubelight,+1 for Black Flat. They serve coffee by Axil Coffee Roasters.,Politics & traffic,0.0,2015-08-10 09:21:47
d436iom,ekol,"Nice, any more details? 16 June and time? hoyts or village?","Cars, bikes & police",0.5171,2016-06-10 02:48:18
d7oozcm,jools993,"You could probably find something of that description within your price range easily, in the western suburbs. If those particular areas didn't work out. Try st albans, sunshine, sydenham, delahey.",Opinions & public issues,0.6808,2016-09-16 01:58:09
cpgh6lf,alltimeisrelative,"I'm surprised it let you take a photo, the few I've seen have always run off very quickly.",Work hours & uni,0.2263,2015-03-16 12:04:30
e14tgad,Rosasome,"The Record Boys.
Devilrock 4.
Sin City.
From Hell.
Spidergoat Canyon.
Pussy XXX.","Cars, bikes & police",-0.8481,2018-06-22 22:03:23
cthdxno,Shes_the_Cheese,Considering 98% of rennet has been made in a lab these days it's like not eating vegemite because fish scales.,Local life & places,0.3612,2015-07-27 03:30:55
cvew2v4,ramessesmusic,"Are there any other places like Horse Bazaar. It's an amazing and loving down there, and they promote creativity. It's beautiful.",Local life & places,0.9601,2015-09-26 16:15:44
cohlfft,Steve00,Haha nope but i saw it in another thread and had to introduce the awesome sloths facts of slothFactsbot to everyone here :P,Jobs & money,0.9052,2015-02-11 00:10:22
cx5ks0j,Janny90,"Who did you go through? I'm getting quotes of ~$400 with no spare key.

My car is a 2003 model so it does have the transponder keys too.",Work hours & uni,-0.296,2015-11-19 10:28:46
cqqtseg,Nos_4r2,The Australian government should make them apply for a complicated visa every time they wanted to cross the border and detain those who crossed the border illegally #stopthe~~boats~~fordterritorys,Opinions & public issues,-0.4215,2015-04-27 23:34:14
8e9tp9,chynnese,"Hi everyone, I'm wondering if anyone's got any suggestions for local tattoo artists with a similar style to Korean tattooers? Their art style is very small, delicate, almost like tiny paintings.

Haven't got an idea for a design for myself yet, just scouting around and hoping to find more artists to follow!

Examples of what I'm looking for: [[x]](https://www.instagram.com/p/Bd7H_NQhHv3/?taken-by=gong_greem) [[x]](https://www.instagram.com/p/Bgvl-YEjkve/?taken-by=tattooist_chai) [[x]](https://www.instagram.com/p/BhgrkENlUX6/?taken-by=saegeemtattoo) [[x]](https://www.instagram.com/p/Bb6VaW8lXt_/?taken-by=studiobysol) [[x]](https://www.instagram.com/p/BgYpw-4BVXW/?taken-by=siyeon_tattoo) [[x]](https://www.instagram.com/p/BfqEt3yFVr3/?taken-by=vane_tattoo_)

Closest I've found so far is probably [@kalula_tattoo](https://www.instagram.com/kalula_tattoo/), so artists similar to her would be appreciated as well.

Thanks x",Opinions & public issues,0.933,2018-04-23 08:00:47
41lqle,kyg99,I was wondering if you actually needed to touch on when you are travelling short distances on a bus e.g: one or two stops away is my school? I see a lot of people never touch on  and only sometimes do the drivers care. I just want to save money but not break any rules/get fines.Thanks,Jobs & money,0.4678,2016-01-18 23:38:10
dz3uglh,BrightHairDontCare,"Yep, I have no idea what's going on in people's minds when they use the hand hold and stand RIGHT IN FRONT OF IT. You can stand diagonally across from it and still have something to hang onto, plus you free up more space! And if you're not a nuffy, more than one person can hold onto those hand holds anyway.",Work hours & uni,0.8748,2018-05-17 01:11:05
d7bpcqr,joonix,best way to organise this would be to create a whatsapp group IMO.,Trains & trams,0.743,2016-09-06 17:16:33
dzl9b7c,reaper123,I think someone has had to much of that white powder.,Trains & trams,0.0,2018-05-26 01:36:48
doe7z0m,nonchalantpony,$85 for six hours for the large room is pretty good. How come $100-120?,"Cars, bikes & police",0.7269,2017-10-15 11:51:27
d0cseua,zozozozozoz,How do people think that it's acceptable to climb on someone's motorbike to take a photo? So damn rude.,Politics & traffic,-0.6673,2016-02-25 02:31:23
dc2i5lg,Notanaturalblonde,"Just saw it on the news, some Wally has left a suitcase on a bench.., they're 'investigating'...",Trains & trams,0.0,2017-01-06 08:15:15
d52gx53,zozozozozoz,"AND THERE IS NOTHING WRONG WITH THAT. In fact, I find it impressive.",Jobs & money,0.7504,2016-07-07 05:25:10
cvtct1u,sahrey,i always felt like heels were more of an OHS hazard than sandals.,Work hours & uni,0.3612,2015-10-09 03:57:51
cynohnz,crayonshank,"That's great! Did you also give up every other sugar drink including flavoured milk, sports drinks, ice teas, energy drinks? 


That was probably the hardest for me. It was especially difficult when getting take away and the only drink in the fridge that's not loaded with sugar is water.",Politics & traffic,0.6122,2016-01-06 04:17:04
d4uvzzm,mr-snrub-,"Did you earn a little extra than expected? Maybe get a bonus or work a couple of extra hours?  
If so, your payroll woudn't have compensated for it across your PAYG payments in year and a little extra would have put you over that threshold for medicare levy.  
Payroll tax is a funny thing.  
Sorry to hear you didn't get a decent return.",Opinions & public issues,0.755,2016-07-01 03:12:01
d0cdxtw,SierraKiloBravo,"Mrs SierraKiloBravo and I are off for our first whirl with our new tent this weekend. We have been out once before with friends in their gear for a night at Regular Camp at Mount Disappointment (VIC), but apart from that this will be our first time. We thought about going back there because we know it (or to Number 1 Camp up the road), but were thinking something near some water might be nice. Has anyone had any experience with some nice car accessible camping spots west / north of Melbourne (1 - 1.5hrs drive)? There are bunch on findacamp.com.au but I'd rather hear from people who have been to some good places. Thanks in advance :-)","Cars, bikes & police",0.9607,2016-02-24 20:41:11
dta4fjc,twerkshop,At least you didn't get hacked with a machete like that other guy at Bubble.,Trains & trams,0.5801,2018-01-26 17:36:25
csqgbfy,botiasb,"there is always [pc case gear](http://www.pccasegear.com/) online store but i believe you can pick up from their warehouse, their shipment methods are fast and ive never had anything damaged come from them","Cars, bikes & police",0.4782,2015-07-02 23:48:07
ca2eqf6,NexusXtremeOne,"No, I'm leaving America because America itself has become unsafe.

Have you ever read about any of the BS going down in the US?",Trains & trams,0.0,2013-05-20 16:31:27
dfwcasq,kirklanda,"Shandong Mama for normal restaurant

Maha for expensive restaurant

Brae for super-expensive restaurant",Politics & traffic,0.0,2017-04-06 05:27:51
cvtddvp,Xtian84,Tell me? I'll fix it. Then you can fix my KMS clusterfuck.,Work hours & uni,0.0,2015-10-09 04:18:02
ciscy4v,cl3ft,"I am often in a similar situation to you, I ride hard and find myself stuck behind pedestrians on the bike path when there's oncoming cyclist on St Georges road. But I'd never judge someone like you have. 

Firstly they'd both have to have noticed you, then they'd have to guess your intention (accelerate or decelerate or stay the same speed), then communicate their plan so they don't work at odds with each other and you, then carry it out in tandem despite different abilities.

What they did was be predictable and consistent and legal to make your decision making easy. They don't know you're at your limit.

All it sounds like is a misunderstanding or a moment of inattention on everyone's parts. Nothing to get mad at all cyclists about. 

Fuck if losing my momentum is a reason to judge all cyclists how do you cope with the stop sign running cars, mobile phone users, the failure to indicaters, the close drivers and the sudden parkers and the taxis?",Work hours & uni,-0.9229,2014-07-09 06:43:43
do2640o,lemondrop__,"The reason I'm housesitting for my grandma (who's 73, mind you) is because she's at Bathurst 😂",Jobs & money,0.4404,2017-10-08 02:00:50
dumfdkg,mindsnare,That's pretty hilarious.,Politics & traffic,0.7096,2018-02-21 22:59:43
dc2oq6j,papa_georgio,"The same kind of person that bitches about this would be the first to bitch about ""incompetent cops"" when something does go wrong.",Work hours & uni,-0.9313,2017-01-06 13:20:58
d52p7k2,PM_ME_YOUR_CHESTHAMS,At least I caught a Growlithe in the milk aisle!,Casual chat & reactions,0.0,2016-07-07 12:10:46
cm1jyyu,CatWeiss,"The system gives you a default price, and I guess it assumes you are doing a return trip.  Even though it's been in use for years, most of us still don't understand it, and the system calculates wrong fairs all the time.  Sorry I can't provide a proper answer!

This is the official word http://ptv.vic.gov.au/tickets/myki/touching-on-and-off/",Jobs & money,-0.5707,2014-11-13 18:23:15
d8ykh01,mattizie,"OK here you go:

##Initial cost items:

* Bike: Honda CB250 - $1,000
* Learner permit - $350?
* Probationary licence - $200?
* Gear - legal minimum $100 for just a helmet, usually 1k if you value your skin

Total ~ $2,500

##Yearly cost

* Rego: $500/year
* Fuel: $20/week = $1,000/year
* Insurance (3rd party) = $250/year
* Servicing = Do it yourself, or just run it into the ground ~$500/year.

Total = $2,250

##Time saved from commute

* 15 minutes each way = 2.5hrs/week = 125 hours/year @ $30/hour = $3,750

##Less cost of PT

* Yearly MYKI ticket (zone 1+2, can't find zone 1 only) = $1,500

##Finally

-$2,500 - $2,250 + $3,750 + $1,500 = **+$500/year**

Of course, this doesn't take into account how much fun you'll have riding every day. Nor the friends you can meet when you join a riding group.

You'll also be able to go practically anywhere, which PT cannot do.

EDIT: you'll also not have to worry about cancelled trains like our OP here.

-----------------

u/Indetermination

&gt;And a wheelchair for when somebody taps you on the freeway?

Not going to lie, like with almost all exciting things in life, it is a bit dangerous/risky. But you know what they say about an inside cat compared to an outside one.",Casual chat & reactions,0.8988,2016-10-19 10:59:53
cq7jy6h,LeftyDave,I found the rail in brissi good last year for a conference. Bus replacement trains were express and faster the the scheduled train!,Casual chat & reactions,0.4926,2015-04-10 08:46:04
d8g31oo,highbury_fields,"If it's during the work week, then seriously, anywhere in the CBD should be fine: most bars fill up with office workers, most of whom wear suits.  There are a couple of bars that are more oriented to uni students, but other than that.... just pick one.  Father's Office, Captain Melville, Emerald Peacock, Gin Palace....those are what spring to mind without thinking about it.","Cars, bikes & police",0.0129,2016-10-06 05:02:12
c2axioz,cramitinyourcramhole,"http://www.tpg.com.au/maps/

Put your address in the bottom left and see how far away from the nearest exchange you are. There's 4 kinds of 'zones'.. let me know!",Casual chat & reactions,0.0,2011-08-08 10:21:53
dabvhnu,jpchris96,"Yeah, I was guessing he's a low level aspy",Politics & traffic,0.0258,2016-11-23 02:03:38
cthepaa,Steve00,"You do not need to touch off on trams unless your entire journey is in zone 2, which yours is not!!",Casual chat & reactions,0.0,2015-07-27 03:56:51
ch9wiuj,ifiwereaspoon,Great subreddit!! Just subscribed! My favourite meal is a chicken parma.,Local life & places,0.7163,2014-05-05 07:31:04
dbfysks,elevensevenone,"Thickened cream has additives to make it thicker (thus the ""thickened"" part).

I've never had any problem using it for everything from ganache to whipped cream fillings to just pouring over hot puddings for desserts, etc.

Key to whipping it successfully - use CLEAN bowl &amp; beaters (re-wash them if you have to) - and then chill bowl and beaters before adding the cream to it.  Preferably use a stainless steel bowl, too. I know there's a reason for it, but it just works better.    Glass &amp; other types of bowls just don't let the cream whip properly.",Trains & trams,0.8314,2016-12-20 23:17:37
dep1kjl,nicoleluvzya,"Melbourne's summer goes from mid December to late March.

Then it'll drop to around 20˚ every day with the odd warm one followed by colder days heading into June, we then have a winter that goes from June to late September and then bang, its warm again, but you have more cold days.

Our rainiest months are March &amp; October.",Local life & places,-0.0772,2017-03-09 04:19:41
dmw8330,1luv8008135,Can't wait for the sequel,Casual chat & reactions,0.0,2017-09-12 09:17:32
dvcexs4,hydrangeastho,International Men's Day is November 19th. If you want to celebrate you are welcome to do so then :),Local life & places,0.8828,2018-03-07 22:10:34
ccw9wb0,chenzoid,The last day of year 12. Celebrations and pranks.,Local life & places,0.0,2013-10-21 12:45:36
e2powza,LeaveBobbyAlone,"See you know what model! Proves my point further that u follow this shit. 
Arent you sick of them shoving it down your throat? You dont even register that they do it tho? Its normal.
Out of all the things in the world youre pleased that its going to be an apple store. That is fucked. And no for me its not a natural progression of landscape or the times. But it is for you. And yes, i have a problem with that.",Politics & traffic,-0.3881,2018-07-20 07:41:13
ck9gxpo,jason_mitcheson,Cheap place to eat: Noodle kingdom or Shanghai village in the city. For Shaghai village it can be more fun if you're with a big group. Always full of students.,"Cars, bikes & police",0.5563,2014-09-05 00:50:26
c892f2g,jpdyno,Ooh.. This looks good. I'll definitely keep an eye on this.,"Cars, bikes & police",0.6808,2013-02-04 10:22:49
d0cjval,Cheese_the_Cheese,Missed you cunts.,Jobs & money,-0.7269,2016-02-24 22:51:28
cthht6w,Shes_the_Cheese,"But I cooked it, so does it still count as drinking?",Politics & traffic,0.0,2015-07-27 05:57:50
clsjygm,DavidMelbourne,"&gt;Absolute rubbish in that article, you obviously have no idea about racing or horses

Please enlighten me clever nigger...","Cars, bikes & police",0.2732,2014-11-04 11:14:58
dv8ru3g,Akira675,"If only there was some kind of invention that could obscure the view through that section.. Like a screen for privacy..

[Oh, perhaps](https://levelcrossings.vic.gov.au/__data/assets/pdf_file/0005/225851/CTD0241-CTD-Screening-Report-03-FA-Web.pdf) a [Privacy Screen?](https://levelcrossings.vic.gov.au/__data/assets/pdf_file/0020/222149/LX-CD9-FACTSHEET-Screening-final.PDF)",Jobs & money,0.3612,2018-03-06 01:20:05
duvtbrt,notasgr,"Huh, I find blank sky quite fun to do, my brain seems to be able to look at the shape of the pieces better when there isn’t any distinguishing features on it.  Dappled leaves and grass I find hardest.",Work hours & uni,0.7574,2018-02-27 01:30:04
ci23myh,elpieso,"Agreed. Looks like the hanger has been snapped off. If it was just the derailleur then bolt on a new one, but because the hanger has snapped you'll need to get a new one from GT. Or you might be able to find a universal one? I haven't been in Melbourne that long or I'd be able to recommend a shop.
The parts are pretty easy to fit. The only problem you may run in to is splitting the chain and rejoining it. It needs a special tool but these can be pretty cheap if you shop around. Or could just get a bike shop to do it for you. 
I'd offer to fit it all for you but I live in Frankston and it's a little far for me to travel on the one day off a week I get :-/","Cars, bikes & police",0.9709,2014-06-08 10:50:58
dbygekb,TheGoalOfGoldFish,"No no, you're doing it wrong.

The Sky is fluro RED! And falling! News.com.au PM me for details...",Work hours & uni,-0.7568,2017-01-03 20:10:04
cju5pcg,Chaos_Quint,"Make sure you put everyting on the inspections report. But go even further and take photos of everything. I had a landlord like this once and then took me to VCAT and blamed me for existing problems. Thanks to my evidence I won. Hell, the tenant nearly always wins at VCAT anyway.

If the dishwasher is in the house during the inspection and it is not explicitly mentioned any where that it is not in working order or included (especially if there were photos of it in the advertisements) then they will have to fix it. If a reasonable person would assume that a dishwasher was in working order, then it should be. It is part of the property. I have had exactly this and they fixed it no problems (Harcourts) It is not an urgent repair so they will drag their feet. But they will fix it or probably replace it with dodgy 1 star rated one from some Chinese Grey importer.

Put everything in writing. Always email the landlord or property manager. Nothing over the phone or that you can't later verify. If you fill in one of those maintenance forms make sure you take a picture of it on your phone and keep it. I had a horrible experience once and it was those little things that saved me. For example.. We had some holes in the walls when we moved into the house, to make it look better I fixed the holes.. I paid for the plaster etc. They took me to VCAT because I didn't sand them well enough back to the wall and you could notice where the hole was.  They tried to make me pay to paint it. The VCAT member was awesome and really gave them hell... pretty much laughed them out of the session. But these are the things they will try because a lot of people have overstretched on their 'investment' properties and try and take the money another way.

The electrical issues sound like an emergency repair and mould in the bathroom will require photographs and contact immediately. That stuff can you kill you (I'm not a doctor but saw it on 60 minutes once so am an expert).

You are paying good money for a house and you should get your moneys worth. Appreciate they might not have the funds straight up but you have to let them know.

Good luck!",Work hours & uni,0.9725,2014-08-19 01:50:01
dalb77k,Berelus,"No, definitely not.

You need to purchase the ""Pass"" component seperately. If you've only bought Myki Money, it won't automatically give you a cheaper fare by switching to Pass.","Cars, bikes & police",0.4019,2016-11-30 00:17:41
3znrcr,knowledge_is_gold,"I've been interested for a while and I noticed that the 8 week program starts in Feb, I just don't know anyone who has done the program. Has anyone on here done it? Is it worth paying the money for the program? I know it's easy to say ""just don't eat sugar"" but I was wondering if the program, specifically the recipes on there are worth it?",Opinions & public issues,0.7303,2016-01-06 02:53:56
d5a0zcw,_otsegolectric,"Anyone know if self cleaning kitty litter thingies are any good? I've only just discovered that they exist, and they're a fair bit of money so I want to know it's actually going to help.

Sick of getting home to my apartment and having to deodorise the place.",Jobs & money,0.6344,2016-07-13 01:35:49
clo4324,alltimeisrelative,I've only had to go up and/or down that about 3 times but I understand why it's such a nuisance. I hope they change it into something far more convenient.,Work hours & uni,0.5927,2014-10-30 12:44:51
cnm61yt,Hellman109,"How are they bad for cyclists? they only need to be spaced enough for cars to not get through, so cyclists should be able to go between them easily.",Work hours & uni,-0.2732,2015-01-12 03:58:50
e0yvvxp,epicpillowcase,"You know what, downvote me to filth but it's a good sign when juries don't just make a snap decision. It means they're taking it seriously.

This particular case is complicated. What Gargasoulas did is abhorrent, but mental illness is real, and can make people commit violent crime. Even if he doesn't stand trial or he does and he's found not guilty, he's not going to walk free. He'll go into forensic care. Surely his removal for the safety of the public is the most relevant outcome, not the nature of that removal.",Work hours & uni,0.5571,2018-06-20 02:59:53
e7hwiql,armitageshanks,"Call the recruiting companies listed on the job ads.  Just call them, have a chat.",Opinions & public issues,0.0,2018-10-10 04:59:26
d4odoab,WhatCouldBeBetter,Nah. Indicating is too much hard work for the typical Melbourne driver nowadays.,Work hours & uni,-0.2023,2016-06-26 06:26:01
e0x1mrn,MadeCucksCry,Someone gave my lost wallet back to me and I gave them a $35 lotto ticket,Work hours & uni,-0.3182,2018-06-19 07:49:29
cjg8plv,CaptainBeeFart,"Super easy to get into Mamasita on a Sunday night, fwiw.",Local life & places,0.7783,2014-08-04 03:27:13
cn17se6,R0gerWilc0,A baseball bat to the face.,Trains & trams,0.0,2014-12-21 10:36:30
ds1477s,ramdomdonut1,"You believe the police?

They are going to say excatly what their bosses (the politicians) tell them to say.",Jobs & money,0.0,2018-01-01 08:08:09
ci3uh8v,BigDogAlex,"I keep mine in my wallet, which I keep in my jeans. Had it for about 4 years now. It's showing some wear and tear, but structurally it's still as good as new.","Cars, bikes & police",0.5927,2014-06-10 13:41:15
cnpm5ef,ceribik,"&gt; 100Mbp/s*

mega bits per per *[sic]* sec ???",Politics & traffic,0.0,2015-01-15 08:18:00
e3ejcfw,rauland,"OP, were you using reusable plastic bags before they removed single-use bags?",Politics & traffic,0.0,2018-08-01 09:48:14
dyhc766,Pacific9,Exactly my thoughts. Then the timelines of his whereabouts and locations didn't quite add up.,Jobs & money,0.0,2018-05-05 07:31:57
dqlefsb,bot92a,I dare say it is extinguished now,Jobs & money,0.0,2017-12-01 04:13:09
e7yunis,Screambloodyleprosy,"All goes hand in hand. Teens, crime, group mentality.",Work hours & uni,0.4404,2018-10-17 23:51:02
e6q2wsq,CoeusLoki,That's just karma for going to a Starbucks in Melbourne.,Trains & trams,0.0,2018-09-27 09:48:16
e508ilr,RacerBen10,"Good to hear.  I think because of the extra services, plus a lot of people who used to travel to South Morang to catch the train are now getting on at the new stations.",Casual chat & reactions,0.4404,2018-08-29 00:01:13
cuu84cb,Unleashedmemories,"If you're sharing the popcorn maybe, otherwise I can't see the problem!",Jobs & money,0.6542,2015-09-08 07:32:53
c8v5xul,The_Lebanese_Blonde,"&gt; Having only been in St Kilda and the city itself, I have no idea which places are nice, and which should be avoided. 

Maybe you should visit these places and have dinner or a drink, and see what you like instead of relying on internet strangers to tell you what you like.","Cars, bikes & police",0.4939,2013-03-13 23:40:49
cuderxt,n0tcricket,I think you can find this kind of 'some parts' in any country.,Trains & trams,0.0,2015-08-24 01:12:22
dh116bv,mad87645,"It's redirecting the same 100,000 vehicles that clog up Heidelberg though",Casual chat & reactions,0.0,2017-05-02 13:32:22
cphjy0j,theReasonableMan,"Was that taken yesterday morning? If so, I was in the Nova balloon!",Local life & places,0.0,2015-03-17 11:19:28
e2d31cz,XenonKitten,"Thanks to the wonders of my power bills being sent to Outlook.com where I can find them easily ;) I can see my current rates as 21.6c peak, 10.2c off-peak, and service 86c per day. All these are ex-GST so add 10% because apparently it's legal for utilities to quote pre-tax prices even though retail stores cannot.

So yeah, I'm on a pretty good deal overall (found it via the Vic Government's comparison site btw) but it's that little buzzing ""service charge"" that kills you. You can't economise so much when a dollar a day is being sucked out of you just for having the power turned on.",Opinions & public issues,-0.6175,2018-07-14 05:36:07
ceqsaug,gutless-wonder,It is interesting... Tennis?,Trains & trams,0.4019,2014-01-16 04:27:01
cgt58b7,oh_shit_pearly_white,"I just moved to Oxford, UK from Melbourne and work in a record shop here.. I am surprised how many people love her over here, one of our biggest sellers",Local life & places,0.7269,2014-04-15 17:23:43
dwu575a,Livid_Wombat,Just use mailinator.com,"Cars, bikes & police",0.0,2018-04-05 04:42:18
c2cm43e,Astro_naut,"This sounds awesome! The other night a few of us were thinking we should organise another real big meetup, because there was a couple of people who missed the global meetup and wanted to meet some more people. Maybe I'll test this out and make an event :)",Local life & places,0.7345,2011-08-15 15:53:28
ddrc4dj,adayinalife,As someone who has just purchased their first nice bike these stories have me worried. What kind of bike chains / locks did you have?,Work hours & uni,0.1531,2017-02-15 02:23:13
cys9sle,rdmarshman,"It's been a long time since I had one, but Fresco's at Burntbridge used to be quite good.",Local life & places,0.6474,2016-01-09 23:16:48
cn7aex8,Disturbedsleep,"Have been using TPG for years. Only ever had one problem, they said it was likely the modem, checked, had to replace it. Put the MIL with them, she has never had any problems either. 

Much depends on where you are moving to, generally any of the suburbs are ok, and you have a choice of whoever. Tel$tra and Optarse tend to be overpriced, anything from iiNet, Internode or TPG should get you through. 

If you have any hassles, head over to the [Whirlpool](http://whirlpool.net.au ) forums and ask for some assistance, they have always been pretty good for assistance over there.",Politics & traffic,0.6866,2014-12-28 10:14:55
c791ido,countlustig,"The cinema provided YOU with crappy service so you reserve the right to make it shittier for everyone else by not switching off your phone, talking and arriving late?",Jobs & money,-0.7717,2012-11-30 08:08:51
cpq2nm5,tezzl,"OMG ... I've been sternly chided, abraded and shamed by the nazi meme police ... I think I'll have to withdraw from the Internets and slink off somewhere into a corner of the real world to eke out the last days of my paltry existence ...",Trains & trams,-0.5574,2015-03-25 09:56:53
ddiuem4,Fawksyyy,What's the purpose of what you wrote? What are you trying to achieve  with that comment?,Jobs & money,0.0,2017-02-09 07:37:23
cvtad5o,stinx2001,"I'll run 2 kms, jump over some stuff, run another 2 kms, jump over some more stuff, run another 2kms, try electrocuting myself etc",Casual chat & reactions,0.0,2015-10-09 02:45:09
dun5epl,superrelavantay,"Without knowing the specifics of that incident  (that article doesn't go into to much detail), getting doored is no joke, even at low speeds. Having said that, I avoid riding anywhere near school zones if I can around pick up/drop off time. Same as I wouldn't ride down a main road in peak hour, or at all, too many variables, and despite who's in the right, getting hit by/hitting a car will ruin everyones day. A bit more more mutual responsibility and respect would go a long way I think.",Work hours & uni,-0.7085,2018-02-22 08:02:46
dqj4lhk,EconomicDecline,Yeah nah. Going to have to do better. The post (and the other linked) gives no definitive examples of sorts of opinions and views that are being silenced. You need to give some examples. Otherwise this sounds like it's people who align with UPF and Reclaim having a tanty.,Jobs & money,0.6124,2017-11-29 23:02:48
c9kwbwo,mysterx,Is this phobia of shadows a peculiarly Melbourne thing or what? Every new article about some tall building is focused solely on the shadows. That proto-Burj Dubai never got built in Docklands and as best as I could figure it was because of the shadow.,Opinions & public issues,0.5859,2013-04-23 12:33:36
cfymr1t,Astro_naut,"Probably not at all convenient for you in South Melbourne but my favourite is Cafe Aberdeen in Macleod, incredible food and good coffee. I had homemade crumpets with honeycomb butter and grilled banana the other day, yum!

I also love The Darkroom in Fairfield, they do great breakfasts!","Cars, bikes & police",0.96,2014-03-10 01:42:19
dd8ai6n,TruthAboutTithing,"The final act should be the jw chapter, with smurfs and no birthdays",Work hours & uni,0.1027,2017-02-02 10:03:00
dpw0a24,melbbear,Go on Saturday! that’s when all the treats are there,Local life & places,0.0,2017-11-16 02:15:28
d49z7vl,JustLearningToReddit,May be i should eat toast now. My toaster oven is only half broken. Anything to not let this slump consume me.,Jobs & money,-0.4767,2016-06-15 09:45:59
cyizfdv,Azza_,Plenty of GA seats.,Casual chat & reactions,0.0,2016-01-02 04:27:12
dd3a8hx,-Kuya,"I really enjoy producing these community news/entertainment segments but I'm still trying to get things to come out nice and polished, though I'm also fairly proud with how this turned out and really wanted to share it with anyone!",Trains & trams,0.9272,2017-01-30 07:37:29
dzdhrm6,tacitus42,"I might, but I'm not sure it will  have any benefit really. I live pay to pay. only reason I have a bank I guess is so I don't have to carry cash everywhere.",Opinions & public issues,-0.01,2018-05-22 06:18:54
fwzzf,missaddict,"Looking around but hard to find...
The only course I know of is a permaculture course in Eltham but I was hoping if any of you might know :)  

I went to do cert 4 horticulture at NMIT at Greensborough but couldn't finish because of personal problems with 7/2/08. But I realized everything they were teaching I already knew and thought was common knowledge :|",Local life & places,0.4497,2011-03-04 02:49:50
df7t12h,yeew21,What's he like? He alright with sharing equipment?,Jobs & money,0.7691,2017-03-21 14:07:11
ctmjhjw,vjsharpeyes,Well glad I am not alone. We are on the St Kilda exchange too. I chose the wrong week to work from home!,Local life & places,0.4646,2015-07-31 06:59:24
7n71em,kook_supreme,"Any recommendations? Did a quick search and couldn’t find anything recently.

Looking at a place to tint a new Hyundai.

Thank you","Cars, bikes & police",0.3612,2017-12-31 06:26:00
dnka9kw,Kozij,Did they just decide to let the dog loose deliberately? Cunce.,Jobs & money,-0.3182,2017-09-27 02:42:47
df7hq09,Screambloodyleprosy,"Could be a private security contractor, could be Police/AFP/Defence Force conducting an excercise.  Usually after something like what happened in Bourke St you'll find the latter out and about and won't notice them doing their thing.",Work hours & uni,0.5994,2017-03-21 06:46:20
d7ouzy7,PE_Class_Champ,"Not OP, but I'm also looking in the Frankston area for an upcoming move. Langwarrin keeps coming up in my searches. I don't need public transport. Any general overall thoughts on Langwarrin?",Opinions & public issues,0.0,2016-09-16 04:43:50
caripwk,Spartengerm,Looks like she's been 'painting',Opinions & public issues,0.3612,2013-06-27 20:40:58
csqkgh5,Alect0,"I've escalated things to three different ombudsman after the company has failed to fix things for me. Once because a credit card company refused to refund me a fraudulent amount - the signature wasn't even close to mine on the receipt so I just contacted the Financial Ombudsman with the issue and within 24 hours of the ombudsman speaking to me the bank had agreed to refund me the amount plus some extra for the inconvenience and apologised a lot as they said they could clearly see the signature was fraudulent. I was following the advice of a friend who said this would hurry up the refund as when I tried to escalate it internally the bank said it would take another 50 days or something to investigate further and I was already sick of waiting two months for the first investigation. 

I then had to go to the Transport one because I had so many problems with my myki not working, them never replying and basically no way for me to escalate the issue within myki. The ombudsman side of things was very easy but it did take time as myki kept attempting to fix things and it wouldn't work so I'd have to go back to the ombudsman as they asked me to let them know if myki didn't fix things by X date.

Finally I went to the TIO over iinet fucking me over - kept billing me for months after I cancelled the service and wouldn't refund it. This was the most difficult due to iinet being total assholes but the TIO was very supportive to me through this process and it had to be escalated multiple times. I wanted compensation as well as my bills refunded because of the hours and hours I'd spent trying to get iinet to listen to my issue (in the end the bank had to block them from my credit card as even though I'd cancelled my account ages before they still kept billing me and would not fix it). The ombudsman told me they couldn't rule that iinet had to give me compensation, only that they refund me the money they never should have taken but did tell me that given I had other issues with iinet in the past, I was free to make a separate complaint to the ombudsman about them. I told iinet this and they gave me compensation and an apology. The ombudsman was very nice through this process but iinet were total cunts - I literally was only asking for less than $50 compensation and fuck knows what it cost them given how many times it went back to the ombudsman as I was not happy with their resolution. I got a lot more money than that from iinet in the end. 

Sometimes ombudsman is the only way to be connected to someone in the company that can actually fix the issue. That's pretty much what they did for me - connect me to someone who could actually help me from the company I was complaining about.",Work hours & uni,-0.9573,2015-07-03 02:03:58
ddr9zss,hedaik1,When are you due for your next reddit anxiety breakdown? Noticed you had one just a few days ago.,Politics & traffic,-0.1779,2017-02-15 01:32:56
dc5br6w,MaxThrustage,"Embiggen Books on Little Lonsdale is really good. Sell decent coffee, too. A perfectly cromulent shop.","Cars, bikes & police",0.8122,2017-01-08 05:36:10
dqiwg7z,Sub_Corrector_Bot,"You may have meant /u/dredd instead of /U/dredd.
 
 ---------------------------------------
 
^^^Remember, *^^OP ^^^may ^^^have ^^ninja-edited.* ^^I ^^correct ^^subreddit ^^^and ^^user ^^links ^^with ^^^a ^^capital ^^R ^^^or ^^U, ^^^which ^^are ^^^usually ^^unusable. 
 
 ^^**-Srikar**",Jobs & money,0.0,2017-11-29 20:52:30
c24uh7l,angrypoodle,"I'm watching this with interest.

I know The Hive has ties with Deloitte Melbourne.  As a place to work, it is a great place to meet creative people with plenty of business ideas - especially in the Consulting, Digital and Online teams.

Also, It might not be a bad idea to start a subreddit for Melbourne startups/meetups.  It would not be the first time I met a Melbourne entrepreneur through reddit.",Local life & places,0.9161,2011-07-11 03:04:56
dwef197,insanopointless,Literally the cheapest groceries in Melbourne and it’s overpriced? How does that work?,Opinions & public issues,0.0,2018-03-28 02:55:33
e3en7ec,_blip_,He's in a clearly marked bike lane.,Work hours & uni,0.4019,2018-08-01 11:42:27
daloulk,Farisr9k,"Hanaichi at QV for some god-tier Japanese Curry.

It's cash only though because it's a money laundering front so go to the ATM beforehand.",Opinions & public issues,0.0,2016-11-30 05:38:07
e2x08ln,TwoPassports,What are those the guys by the tree doing? #ifyouseesomethingsaysomething,Local life & places,0.0,2018-07-24 00:16:42
cvd7kun,FilthMonster,So you guys literally just finished industrial action and are right back into it? No pay rises during this time as well either.,Jobs & money,0.3391,2015-09-25 00:20:33
cxsgytt,Hinxsey,"Haha never seen it live but have seen some pictures, looks like its mandatory to drag Jennifer Hawkins out every year for her contactually mandated appearences",Jobs & money,0.5187,2015-12-09 04:28:27
dcbh0kr,Nos_4r2,"Well there is the Airport Shuttles as well. Like the Airport &gt; St Kilda &gt; Southland &gt; Frankston Shuttle. 

There is also one that will drop you off to your home. I dunno where OP lives but just calculated a one way trip from Airport to a home in Glen Waverley and its $75 for 2 people. 

For Airport collection to your front door, $37.50 per person is not too bad",Casual chat & reactions,0.7248,2017-01-12 04:13:38
do3zcu5,thisbitchsays,"Alma Park on Saturdays  
There are people food and dog food trucks, puppers everywhere  
Just ask permission to pet first",Jobs & money,0.0,2017-10-09 05:41:35
e0z6cna,pgc317,Thanks everyone -- tried Harris Scarfe and TK Maxx and went with one from TK Maxx!,Local life & places,0.4926,2018-06-20 06:59:36
cw5xkmq,crakening,"It won't be until 'realistically 2040 at the earliest before we see that second metro tunnel built, meanwhile the area will have developed very significantly since.",Opinions & public issues,0.0,2015-10-20 02:22:43
dxjoqpr,ccccolegenrock,"I think the real question we really need to answer is, is this the winter I finally pussy out and buy heated grips?",Jobs & money,0.0,2018-04-18 02:18:12
dsy7oqi,kitelovesyou,"It'd be the least of the problems with my car, as long as it drives. Bogans bash and scrape it anyway whenever I park at the shops. There's graffiti all over my fences, I don't give a shit as long as I'm safe and not homeless. Priorities, hey?",Work hours & uni,0.4809,2018-01-20 01:56:34
dsr0cup,futtbuckicecreamery,An HIV joke. Charming.,Politics & traffic,0.7184,2018-01-16 04:35:45
d08rqwm,hostilepenguin,It was bad in the late 1980's.   If you stay away from time travel you'll be right.,Casual chat & reactions,-0.5423,2016-02-22 01:46:34
douxx2i,Ardeet,"Yep. I wondered how an oBike is defined.

If you and a couple of mates oxy’d one into pieces small enough to take into the MCG or Wheel and reassembled it on site would it still count?","Cars, bikes & police",0.296,2017-10-25 08:40:43
cudlews,jampola,"&gt; Does Myki accept dogecoin? What? :)

Myki doesn't accept coins!",Work hours & uni,0.6209,2015-08-24 04:46:11
dd7vrti,invaderzoom,"Isn't it all ads for the stage show - which being created by the guys from south park, I doubt the show is actually trying to push the mormon agenda.",Work hours & uni,-0.128,2017-02-02 02:32:50
cgzdfok,blacksunday,"Yeah, I was finding the same thing and hoping it was just my lame google skills.",Local life & places,0.296,2014-04-22 22:09:57
clctt8j,Deon555,"Probably not, this happened last month:  http://www.premier.vic.gov.au/media-centre/media-releases/10823-all-suspended-sentences-abolished-from-today.html",Local life & places,0.0,2014-10-18 11:15:21
e74o72a,WoppetLikeYouWoppit,I took a similar shot from the ground a while back. I like yours better. Lots of different perspectives to explore in there.,"Cars, bikes & police",0.6597,2018-10-04 02:18:02
ds0waxw,Fawksyyy,Its not a great idea but the thought behind it is having citizens care about their community and owning a property might help that rather than just giving people income.,Opinions & public issues,0.869,2018-01-01 03:35:03
dxviwep,ActualLiteralRapist,"Just purely by the tone and substance of your response, you re-enforced the stereotype.",Work hours & uni,-0.3182,2018-04-24 08:23:46
dnsjojo,nthfitz,"The link provided actually says otherwise

&gt;SAME DAY RE-ENTRY - If you exit the centre and want to return on the same day, there must be one hour between exit and re-entry in order to receive another three hours free parking.",Casual chat & reactions,0.5574,2017-10-02 08:22:33
dsy4nva,kitelovesyou,"&gt; There's nothing I hate more than graffiti

You must not have many problems. I know it's annoying, but honestly, it seems like whingeing from above.",Work hours & uni,0.8413,2018-01-20 00:50:26
cth6qxm,pressbutton,Yeah I guess NZ or Scotland,Jobs & money,0.296,2015-07-26 23:52:16
cr914cm,urban_kid,things will be RIGTH?,Trains & trams,0.0,2015-05-14 16:45:42
ci5k8en,TimN90,"&gt; start drinking and enjoying coffee. 
  
And then prepare to question yourself as to why you're spending at least $100 a month just on a morning coffee habit.  If I stopped drinking coffee I'd probably be able to buy property in Toorak.
  
*spelling.",Casual chat & reactions,0.3612,2014-06-12 10:03:45
dokttip,TimN90,What does the cool change do to pollen?,Politics & traffic,0.3182,2017-10-19 06:59:31
ck8f1dm,BaconSyrop,"I've seen my mums torrent I guess you can call it ""informative porn"" because its nothing but murders shows and then ghost shows",Work hours & uni,0.3356,2014-09-03 22:20:47
c5qz6jx,dsnmi,Done. Although I wish I could recommend it to more people. It took me closer to 30 minutes and seemed very pedantic at times. I applaud the idea but think they might have been able to get a lot more people answering if they asked less questions. Isn't it better to have double the number of people giving half the number of opinions?,Jobs & money,0.6695,2012-08-10 08:58:47
d1hnh16,fraqtl,"All apartments (in high density blocks) built in recent years are way way too small. Too many bathrooms, too much ""space efficiency"" etc.",Opinions & public issues,0.1531,2016-03-29 13:57:02
e2pz95u,tokyobandit,"er, I am on the lease, f30 is on the lease and m30 is on the lease, we share a bond I think, we are all tenants of this apartment. Sorry if that isn't specific! It's just your regular run-of-the-mill sharehouse.
I am unsure whether it's month to month or 12 months, the landlord doesn't seem to care when people move out/in.",Trains & trams,-0.4624,2018-07-20 12:48:42
cbktmas,Daniel15,"I work at a company that develops a talent management platform (recruitment, succession planning, performance reviews, remuneration reviews, etc.) and some of our clients are only just ""upgrading"" to IE 7 from IE 6. In 2013.",Opinions & public issues,0.5574,2013-08-10 08:39:10
c45a113,eateggs,"From all accounts the Mardi Grass is a heap of fun, just don't try and bring anything home with you. The coppers maintain a pretty decent presence throughout the event and pick off ""troublemakers"" but their main setup is on the roads out of Nimbin where they stop &amp; search every car they can, especially if you have out of state license plates. :(","Cars, bikes & police",-0.6705,2012-03-27 00:15:34
cyuvsy5,drunkill,"They have provided for all permit requirements for carparking, which is 0.5 carparking spaces per apartment in the city. They found that most buyers were not purchasing their own carspace outright so decided not to build the extra two levels of parking.",Opinions & public issues,0.0,2016-01-12 03:22:10
cnm60n2,dfbowen,"At one stage, MSN (now Bing)'s trip planner (and probably others) suggested turning there.

http://www.geekrant.org/2005/12/16/online-trip-planners/",Opinions & public issues,0.0,2015-01-12 03:57:32
dncfpuf,chickentonightislit,"This is correct. If I were to get in next year, it would be my fourth year of university.",Local life & places,0.0,2017-09-22 06:44:30
e2dbd9e,BullNiro,Yeah I was reinforcing :),Politics & traffic,0.6369,2018-07-14 10:18:12
d17l6h3,Bordiga321,"Yeah, I went in earlier when I saw the online service was down, they are on strike and turning people away unless its urgent.

Don't know if the strike and website outage is related though.",Local life & places,0.25,2016-03-21 06:10:03
cubohcw,Vicsig,Actually cheaper to hire from rent a bomb.,Opinions & public issues,-0.4939,2015-08-22 10:31:14
cxsp4h3,katackisoho,I saw my first owl ever yesterday and just stood there for two minutes staring at it! Haha,Local life & places,0.5093,2015-12-09 11:16:13
dh72x1w,Skeeball_Fanatic,Yes. And the UFU thugs will now resume crushing you.,Jobs & money,0.0516,2017-05-06 04:52:26
cqtvqc0,Zeonglow,It's more fun to blame them.  Technical arguments about the randomness introduced by so many level crossings losses most people,Casual chat & reactions,-0.5378,2015-04-30 14:55:37
e4573kj,Maphover,"Your first question is quite deep. I would have to nominate:

* **Tribalism:** You don't have to stay loyal to your political allegiance on every point. You can pick and choose your stance on a social/economic issue even if it differs from your preferred party. DON'T follow the how to vote cards.

* **Toothless government:** Industry cannot self-regulate. Industry education programs are not effective. Government needs to mandate industry regulations to protect (e.g labelling, foodstuff percentage quotas, consumer protection).

* **Nurturing innovation:** Our political system is built on short term thinking for re-election. Our country has significant land, coast and insular protection. While our [top exports](https://dfat.gov.au/trade/resources/trade-at-a-glance/pages/top-goods-services.aspx) are minerals and education, we also have a great opportunity for innovation across science/energy/medicine. We should be a source of leading intellectual property.",Opinions & public issues,0.9734,2018-08-13 23:53:44
e4v0nxn,rnzz,"It's probably a GoGet parking spot, which he just used.",Casual chat & reactions,0.0,2018-08-26 13:34:11
d7j1u0h,mac-87,Gotta saturate the market! His harem is probably his unsuspecting girlfriend and some blow-up dolls.,Politics & traffic,0.0,2016-09-12 02:14:19
d0vqclu,Aussiefarmgirl,Whoa! They look good! And it's not far out of my way.,"Cars, bikes & police",0.5399,2016-03-11 06:59:00
e6my2xv,NofanAu,"Yeah sub club is pretty fun, usually a decent crowd there. Xe54 or boney is fun also.",Local life & places,0.9001,2018-09-25 22:08:20
dji8che,CoeusLoki,Your (possibly literal) funeral.,Work hours & uni,-0.3612,2017-06-28 11:45:35
d7ufth2,Silver_Python,"Generally EAPs are externally contracted by your employer and don't have any direct contact with your colleagues, managers or HR department. At most, they tend to provide very broad statistics in regards to overall usage (ie number of employees using their services, number of sessions they have attended etc).

Source: Personal experience, have used EAP services multiple times across multiple employers and never had anything I discussed get back to the workplace. 

Now Workcover, that's a different matter entirely!",Work hours & uni,0.2481,2016-09-20 11:23:59
dnc5y8c,chickentonightislit,"Moving back home is my main reason for switching. Been living interstate for too many years and missing my family a lot, however, Melbourne also has top universities for my chosen degree. I might not be so lucky if it's in regards to my marks at uni. I'm a C-average student, and also failed a class. I wouldn't be too bummed about not being able to finish my degree over there as I found out a while ago that I didn't at all enjoy my current degree, and I've sort of just been sitting along for the ride.

I would actually prefer to do another course which RMIT offers as there isn't a course in my current state for it. I'm aiming to apply to finish my current degree as I'm only a couple units off completion (after this semester), just for finishing a degree-sake. It's definitely wishful thinking at this stage. Thanks for your info regardless.",Opinions & public issues,0.4382,2017-09-22 02:12:08
d0cfnac,vinhhieu,Check out the Citibank plus card. No international transaction or exchange fees and they exchange nearly exactly the market rate. Just withdraw at ATMs with no foreign bank fees or something.,Opinions & public issues,-0.5267,2016-02-24 21:18:14
cmvhd6w,speirmint,"Excellent, thank you!",Politics & traffic,0.7574,2014-12-15 13:52:17
d26orn5,Timoo42,Damn I was too late to the party,Local life & places,0.0,2016-04-17 20:27:55
e66n9y3,ImmortalPancreas,"As others have said, you can't claim repayments, you need to claim it in the FY you incur the debt. This is sometimes possible depending on why you're studying the course and you can amend your old tax returns if you qualify.",Opinions & public issues,-0.3612,2018-09-18 09:21:23
cfnum2k,halfpastlate,"&gt; pom  

&gt; reasons too bureaucratic and dull
  
Should be right up your alley then aye?
  
wotif.com can nab you some pretty good deals on accomodation.","Cars, bikes & police",0.5267,2014-02-25 00:31:15
dbc2hz7,jyssiquah,"Jesus, I hope you get your cholesterol monitored along with those 250 hunks of cow!",Politics & traffic,0.4926,2016-12-18 06:57:01
d7j9jgz,landsharkkidd,"Aldi in CBD + inner suburbs, just a sales assistant.",Casual chat & reactions,0.0,2016-09-12 06:18:42
cogzjpy,The-Doctor-94,Some of his international trips have been for important things...,Opinions & public issues,0.2023,2015-02-10 13:15:41
e70qgrs,scriptkitty1337,"you run this risk gambling online unfortunately. Sports games get fixed all the time does that mean we should ban sports betting?

Bookies can do the same shit that the poker site did by having not enough money to cover all their players balance as well. Should we just completely ban gambling in that case?",Work hours & uni,-0.934,2018-10-02 10:02:40
dqnjnze,Mortar_Art,Oh that sounds way more fun!,"Cars, bikes & police",0.5974,2017-12-02 12:05:53
d22fp81,Omegaville,"This is the same logic as taking Julia Gillard's ""There will be no carbon tax under a government I lead"" and continually smacking her over the head with it.  Something was said, something else happened, it's not the end of the world is it?",Jobs & money,-0.296,2016-04-14 11:36:19
d3vl6op,ruinawish,"Dermatologists specialise in all things skin.

As /u/highbury_fields mentioned, oratane is some strong medication that will really dry you out (adverse side effects are plentiful, and relatively annoying--and not recommended for those who might have mental health issues already). I've had success with it though.

For the most part, excessively oily skin is genetic based, though also influenced by diet.",Opinions & public issues,0.6004,2016-06-04 10:01:24
d5zaxtr,3000inthegardens,Head down QVM tomorrow morning or a time that suits you and one of egg sellers either side of Queen St just after Thierry should be able to give you what you need.,Local life & places,0.0,2016-08-01 06:37:47
d0co5ie,Fumanchui,"Hold on there cowboy, I'll not have anything sully my peanut butter. You crazy.","Cars, bikes & police",-0.34,2016-02-25 00:40:20
clcs4gz,makesyoumoist,"Well I think he got a fright, while I don't support his behaviour I also understand his shit Dad ratted him out for drink driving so he walks to work.His ex had an intervention order on him but turned up to his home and told him she was aborting their 3rd child when the assault went down.While I don't defend his actions I do think he is a good bloke who had dealt with very trying circumstances.His brother has recently changed his Facebook name to a maternal surname, I think highly of their Mother, my Auntie  and their Dad is a shit cunt.",Work hours & uni,-0.9406,2014-10-18 08:09:00
ckngybt,NoodleBox,I'm reading in your accent now.,Politics & traffic,0.0,2014-09-20 07:57:53
e2zv5xo,dartandabeer,"Getting really sick of all this liberal crap this subreddit keeps spewing out. 

Stop upvoting this garbage. 

Anyone with common sense knows most  Sudanese arent in fucking  gangs.",Work hours & uni,-0.8122,2018-07-25 08:18:51
dfzoa69,Swimbikedie,"Just watched ""The Arrival"".  Who do I sue to get the last 2 hours of my life back?",Local life & places,0.0,2017-04-08 08:10:10
cwxb2y4,ozias_leduc,"i do ! although i should get onto serial numbers too i think.. good reminder, thanks!","Cars, bikes & police",0.7494,2015-11-12 03:24:05
di1r0e5,cayal3,Tel Aviv has Military kids carrying their assault rifles on trams. Very confronting.,Trains & trams,-0.6901,2017-05-25 23:26:48
cbakzs5,mlg131,The driver shouldn't have been a cunt,Work hours & uni,-0.4939,2013-07-26 06:45:50
c8eyi82,spoco2,"Exactly, it'd be awesome :D",Politics & traffic,0.8455,2013-02-14 05:35:59
dbxprg3,faithlessdisciple,"Ahhhh, Snopes. Com.  Debunking bullshit with as much aplomb as Penn and Teller.",Jobs & money,-0.5859,2017-01-03 07:03:53
dvvf1e4,TimN90,I'll believe it when it happens.  There's been at least 3 time in recent memory where NBA players have officially said they're coming to Australia for various events or a genuine showcase game and it never went down.,Local life & places,0.0,2018-03-18 01:04:56
dg155ms,khongkhoe,"NO YOU MAY NOT!!!  
jesus, look at the nerve of this guy lurking on r/melbourne   
PITCH FORKS",Politics & traffic,-0.6496,2017-04-09 12:52:24
dwawlk4,Miss-Omnibus,Should you not be providing facts to back up your argument?,Opinions & public issues,-0.3612,2018-03-26 11:18:09
dsittls,HeathensHollerHeaven,Truly is an oppressive night. I can't sleep like this,Local life & places,-0.2287,2018-01-11 15:38:48
cohvzfq,fishyfish16,"You should join the new /r/Melbourne reddit group of us motivating each other to get healthy! I've got to strengthen my core too because it's bad and I want to learn how to swim (my parents didn't want me to learn). I still have smoothies but of course, I make them. Makes you realize how bad some food is. Although I like Nudies...",Jobs & money,0.1977,2015-02-11 05:40:27
dfsxnn3,Lamont-Cranston,"From the Clifton Hill/Northcote area, there's a bunch of stickers around the area - on the bridge on walls on traffic signs and polls on lamp polls - about porn and rape culture.",Casual chat & reactions,-0.6908,2017-04-04 04:32:43
d9nh2ei,sweetcornondacob,the only real answer is planking,Jobs & money,0.0,2016-11-05 23:34:13
e2tbg7n,fractalnite,"Youre now the dad for these 2 idiots, enjoy",Politics & traffic,0.4939,2018-07-22 03:08:51
ctljt6u,Aileerose,"I want to go to Japan too!
You must eat everything!",Politics & traffic,0.2225,2015-07-30 14:31:33
deov4fx,CaptainSharpe,Thing is this Kong movie is getting quite good reviews.,"Cars, bikes & police",0.4927,2017-03-09 01:52:45
djod9sl,TheCoreToSee,oh dear. A brown person using the racism card to not pay for the damage they did. Pay up deadbeat,Jobs & money,-0.7007,2017-07-02 07:09:12
c2ta7cc,julzham,Same here! To me it was always known as the Starbucks and Nightrider spot,Jobs & money,0.0,2011-10-21 14:42:30
dch5o1z,eatawholebison,This. If you keep everything light just for a day you can do the razorback and back and get some great views along the way.,Casual chat & reactions,0.6249,2017-01-16 00:05:01
e6p8br3,calhoon2005,Alanis Morissette version or Morgan Freeman version?,Trains & trams,0.4019,2018-09-26 22:50:55
dti035g,chillinintheburn,"Springvale or Footscray markets are usually good for it. There's also a couple of small shops around Footscray which also sell fresh seafood very cheap. 

If that fails just ask Matthew Guy.","Cars, bikes & police",0.34,2018-01-31 02:51:49
e6pahpn,whackadoodle_cracked,My husband has to work tomorrow as well. This is good. It makes it feel less like missing out,Work hours & uni,0.6469,2018-09-26 23:26:30
cemwyzs,postingstuff,"Because it's not really ice cream. It's milk with soft serve powder added, then frozen. That's why if you don't eat them like a dog licking its nuts you end up with milk everywhere.",Politics & traffic,-0.5283,2014-01-11 14:16:44
cuu2f90,todp,"Back at work today, only 2000 emails waiting. Culled down to 29 which is fantastic. Flying under the radar at the moment- no clients know I'm here yet. Well, except the one that burst into tears on the phone earlier. 


Only took me 4 hours to get onto reddit.",Local life & places,0.3818,2015-09-08 03:11:19
dnh5mri,sallgonepetetong,"Thanks for the reply. It must have happened a few days ago because all the chewed branches have wilted and look half dead already. They seemed to miss a few branches so I don't think it will be totally ring barked.

The strange thing is that there is lettuce, parsley, basil and tomato's in the yard that haven't been touched",Jobs & money,-0.5859,2017-09-25 08:18:55
dunbh4p,HeathenCyclist,Not sure they aren't conflating two memes. Fam and truncation.,Trains & trams,-0.2411,2018-02-22 11:59:56
d7oudxo,Inquisitorsz,"That website is amazing. You can see the whole history. 
Since Feb this year there were 3 times when it was hit twice in the same bloody day.   
WTF people?",Local life & places,-0.5622,2016-09-16 04:23:29
dlkz0eg,carcinogenicshitlord,They've probably been in there longer. When you restock the shelves you out what was at the back to the front and the new ones go to the back. They probably restocked last night and by the morning shit was frozen,Opinions & public issues,-0.5574,2017-08-14 00:07:43
dckumlq,f33bz,offender is a very decent word for this asshole.,Trains & trams,-0.3612,2017-01-18 10:02:33
dt356mq,nihilistdenialist,"So last night me and a friend didn't leave work until half an hour after our shift. We didn't see anyone we knew on the tram and we started talking about... basically everything. I was discussing my crush on this girl and something dumb I did in relation to that. My friend mentioned his crush on a manager. 

You can imagine the sense of dread I got when a girl from work got off the train...",Local life & places,-0.2387,2018-01-22 23:36:20
c7nlrp0,enferex,"&gt; I've got a couple of nights booked in a holiday inn, and I'm gonna have to use the first few days to find proper accommodation.

I would make this priority.  You should give yourself about 2 weeks at the least.  Depending on when you arrive, many rooms will probably not be available until the end of the month.  In the worse case scenario, you can score a stay at a hostel.  The [YHA](https://www3.yha.com.au/) hostles seem like decent places to crash.  I stayed at one for three weeks while locating housing.  It wasn't too bad.  Also, does your employer have a housing locating service?

Since you will probably be relying on pubic transport, and it's not too bad here, you would do best if you found a pad just off a tram line.  Also note that Miki covers all zones, so one card to rule them all.  29/12/12 RIP Metcard (never forget).",Local life & places,0.874,2012-12-29 02:56:57
d49i367,ohyeah_cool,I couldn't agree more.,Trains & trams,-0.2755,2016-06-14 23:45:21
dg23mv2,Voxluzi,hello my house mate and i have disorders but we're not australian we're here on a three month vacation are we allowed to come!!!,Local life & places,0.0,2017-04-10 02:46:32
d8v6u1y,Liftbigeatpig,Thats a sweet compact camera. I have the mark 2 &amp; love it.,Politics & traffic,0.802,2016-10-17 02:26:41
cgpq0df,alphabeat,This guy will feed you Guinness and do poo analysis. Come to mine,Local life & places,0.0,2014-04-11 11:47:49
cohv6tc,Shes_the_Cheese,"Damn, tough love from Zozo.",Local life & places,0.25,2015-02-11 05:09:35
cq7rikc,dojoca,Transperth's smart rider card works flawlessly. I wish we had it here in Melbs.,Jobs & money,0.7351,2015-04-10 14:47:05
dmxbwez,AUSMEL351,"Does it matter? I wrote it quickly on my mobile, and I was on the exact tram...

Of all things to complain about, surely the first would be the lack of location (was at Bourke) and my spelling...I wasn't expecting that...",Work hours & uni,-0.2023,2017-09-12 23:31:23
dmmn858,Blanket_Criticism,Don't work in construction. Always jobs in my industry even in recession. Been paying more in rent than my parents paid to buy their own home in instalments all their life. Therefore I don't give even the slightest of fucks. CRASH AND BURN.,Opinions & public issues,-0.8531,2017-09-06 06:25:01
dfwfb1d,raybal5,My favourite is - restaurant.,Politics & traffic,0.0,2017-04-06 07:29:41
d7293a7,cuchulain84au,"OK, I'm going to leave this here, as I was more interested in getting to know you than your strange version of rhetoric (like, for example, you misunderstandings of fallacies, as you have provided here). I do just want to say one last thing. If you truly believe in what you stand for, you will probably get a lot further support if you speak about your beliefs with civility and conviction of heart than with random insults and poor argumentation. You just had to chance to provide real insight into why I should be concerned about the threat of Muslims. Instead you wasted it. Your cause should be ashamed of you.",Work hours & uni,-0.0018,2016-08-30 05:05:00
ddh5uqv,TheBringerOfDarkness,Camry? Or corolla?,Local life & places,0.0,2017-02-08 05:22:57
dqg54sf,invaderzoom,I got trapped on the helicopter there when I was about 4 years old.  Was terrified.  Good times.,Local life & places,-0.6705,2017-11-28 09:08:31
d3b5325,Heater79,Can't help you but wanted to say I loved your use of ripper.,Trains & trams,0.6928,2016-05-19 02:59:35
cfgjspn,mad66,"Up vote for Video track,  Down vote for audio track.",Trains & trams,0.0,2014-02-16 07:04:49
cudkttk,dojoca,I don't think people understood my sarcasm... the bubble's existence is a A FACT.,Trains & trams,-0.2263,2015-08-24 04:23:16
dk7ktd1,row-zee,"Doors open at 6, but I believe the screening will begin at 8. No cover charge, they have a special GoT menu too. Check them out on Facebook.",Local life & places,0.1901,2017-07-14 12:59:00
cfn326c,CaptainBeeFart,"&gt; The bottle necking of people at Flinders St was the main problem with the festival, and I really hope the organizers took note.

They *did* take note.  That's why the performance stage was moved from the steps of Flinders Station (where it was last year) to Fed Square.",Local life & places,0.5709,2014-02-24 03:24:26
cqwsluw,natostrike,Lots of places do lunch and dinner menu switches that are price based. This is more direct I guess. I just think that a stupid drunk tax is not so bad as people who drink too much and go out create a lot of issues for society that cost money to all tax payers.,Opinions & public issues,-0.0301,2015-05-03 08:23:44
dt1i2rv,kitelovesyou,"I don't know if it's changed since I was in Wellington &amp; the South Island 20 years ago, but I was struck by how many beautiful quiet unspoilt affordable places there were not that far from city centres. Near Melbourne, everything decent has been over-developed and over-crowded to an inch of its life. (This was not true of Darwin.) Also, the property prices are insane.",Casual chat & reactions,-0.4015,2018-01-22 02:13:39
dgxzb6l,testbug0,"Locally listed most likely, no reason for an obscure house to be state listed.",Trains & trams,-0.3566,2017-04-30 12:51:26
cvsyrna,cayal3,They had a statue of (I think) Michaelangelo's David in the front yard.,Opinions & public issues,0.0,2015-10-08 21:24:40
ceqlyfw,NoodleBox,"It's very warm today.


44* in Bendigo.

^(oh and can anyone provide a watch now link for This Is Jinsy S2E3?)

Tried sleeping last night.


Sucked.",Local life & places,-0.204,2014-01-16 00:35:43
d17ir7d,chanwa,Centrelink &amp; Medicare are on strike today.,Local life & places,-0.128,2016-03-21 04:23:06
cjhdmgy,atregent,"And people are always encouraging me to get more! 

""get stuffed, old man"" they exclaim. 

""will do!"" I reply with much enthusiasm

Always room for more stuff 😁","Cars, bikes & police",0.8715,2014-08-05 08:20:45
djgkhhb,Breakneck-McBreak,"Best bet would be finding English gastropubs. There are a few around. Check the menu online. I'm sure you'll find something like a nut roast for your vegetarian girlfriend.

And for your good self you could have some breakfast kippers, spotted dick, Marmite, black pudding and other gastronomical atrocities that is English food.","Cars, bikes & police",0.8225,2017-06-27 12:11:54
d6d0upq,FironB,"Fuck u, cunt! Ive got a ute and i drive fine. All the tradies i know r gr8 drivers.",Work hours & uni,-0.3595,2016-08-11 09:16:04
dc2gv26,hale10,"Mate just loading reddit to ask the same thing! No peds, no cars, what's up?!",Politics & traffic,-0.2254,2017-01-06 07:18:59
ds1y252,dcbarlow,You've put so many words in my mouth I don't think I can speak; a roll of the eyes will have to do.,Trains & trams,0.0,2018-01-01 22:35:44
d9mj6d1,saisaion,The exercise of putting other people's weights back,Trains & trams,0.0,2016-11-05 04:33:47
dd7snw7,NoodleBox,"I saw two of them late last year (earlier this year?) and they seemed a bit ""touristy"" (they went from Ballarat to Melton or Rockbank of all places).",Local life & places,0.0,2017-02-02 01:25:59
e8n1mno,wiggycj,Yea if u give the baby a beer itll sleep. Cheaper than a babysitter.,Politics & traffic,0.0,2018-10-29 01:59:41
cwy384n,geoffrowe,Should you be concerned about something you know absolutely nothing about? Probably not.,Work hours & uni,0.0,2015-11-12 20:38:45
e4w0ujd,whackadoodle_cracked,"They didn't change after Sandy Hook, so there is nothing that will ever make them change. 

It sounds cold, but I have stopped caring. If Americans don't care, then why the hell should we",Work hours & uni,-0.8356,2018-08-26 23:53:29
dgtbvcs,ewokracing,"Epic failure as a usable space. The facade is getting removed shortly. 
Another RMIT white elephant. The building was meant to be twice as big but RMIT ran out of cash with Building 80 on the way and then people started climbing the glass/steel framework. It is probably one of the few new buildings in the CBD that I actually like the look of though both inside and out. Have you seen the Hitler podium?",Opinions & public issues,0.2732,2017-04-27 09:19:13
d6u9ipq,tennis1987,"This is the sort of binary thinking that should be avoided. Rules can be enforced through ways other than multi-hundred dollar fines that many cannot afford to pay. Would it not be less resource-intensive to allow the car's owner a short time frame to have the issue resolved, as opposed to the lengthy process of dispute resolution? Life is not black and white.",Work hours & uni,-0.3544,2016-08-24 04:14:51
e5we0g7,Stompsie,Yesterdays trespasser was in Highett and the train came to a stand still for 40 minutes. That was fun. Like we needed to spend even more time on trains.,Local life & places,0.7003,2018-09-13 11:53:14
dsifz30,frggr,"With the rise in (the reporting of) ""Islamic terrorism"", of course we're going to see an uptick in people claiming to be part of terror groups, when clearly they haven't been. It's a pattern repeated over and over and over.",Trains & trams,-0.743,2018-01-11 09:03:41
e5pfc7f,goodhamsandwich,Is traffic that bad now that people are commuting by kayak?,Casual chat & reactions,-0.5423,2018-09-10 03:56:37
c79tsb9,TimMcMahon,"Yup, and apparently it's cheaper to just order some chicken patties instead of chicken nuggets.",Politics & traffic,0.0,2012-12-02 01:41:13
d1p093s,FunkySquirrel,Try playing at GESAC on East Boundary road,Casual chat & reactions,0.2023,2016-04-04 04:57:27
d8zccp5,mr-snrub-,Until they do the level crossing near Watergardens station,Casual chat & reactions,0.0,2016-10-19 21:22:39
dt3p9ud,dinosaur_underling,"Snapfish are pretty terrible. I made 4 orders before christmas and they lost two of them. Then I had to contact them to find out what was going on, they never told me.",Local life & places,-0.296,2018-01-23 06:08:19
9cqtnk,roofayel88,"Aside from the fact it stops at a set of lights. The eastern during peak hour with the T2 is generally flowing. However I’ve noticed recently even the T2 is stopped at Chandler hwy. 

Could it be to do with the work on Nicholson street? What do you denizens of r/Melbourne think?",Casual chat & reactions,-0.4329,2018-09-04 00:37:24
d6a02cv,universe93,"Yeah but you have to reach the safety net first, by paying money you may not have. So I'm not surprised psychologists are the first point of call for a lot of people. Not everyone needs meds either. I'm curious though as to who you see because in 7 years of mental health treatment I've never come across a psychiatrist like that!",Opinions & public issues,0.8607,2016-08-09 04:34:05
chtod9z,Funkyalien,Let me know if you come across any must see/eat/drinks in Tokyo!,Politics & traffic,0.0,2014-05-29 02:36:31
cal638g,isdnpro,"In seriousness though, you're probably eligible for TAC claim.",Opinions & public issues,-0.0516,2013-06-18 11:37:33
6nj9vy,indehhz,"I've been interested in skateboarding for a little while now, mostly just watching some braille skateboarding and a couple skate competitions. But I've never really tried it out, now that I'm an adult, I'm aware I break and injure a lot easier but what's the best way into skating, even just to cruise around a bit and learn some easy tricks?

Where should I buy a skateboard from?

How much should I be aiming at altogether with safety equipment, board and anything else?","Cars, bikes & police",0.9622,2017-07-16 00:11:59
dturuyf,k3bab,I think you're going to have to stretch your budget to at least three times that amount to get a nice pretentious plate of smashed avo and ethically sourced coffee.,Jobs & money,0.4215,2018-02-07 01:45:27
cah56o6,bitterz,"The tickets should by mailed by the 17th of June and arrive the 25th, inbox me if you are interested with a price and hopefully we can meet up in the city after the 25th for the transaction. :)",Local life & places,0.8126,2013-06-12 04:19:28
dbawpqp,CuntyKidz,"Not OP but as someone who visits restaurants 5 days a week, 2-3 of those will be at a steakhouse, I feel I can respond. 

I only complain if it's done 2 degrees out of what I request, eg. a medium scotch fillet comes well done or a medium-rare eye fillet comes blue. 

The reason I don't complain if they're 1 degree off is because it's a fucking hassle. I don't want to eat 1/3 of my meal (sides included) before realising the bulk of it isn't as I requested because then by the time it's redelivered, the rest of my table is finished and essentially I'm delaying their return to work whilst I await my meal.

50% of the time they'll cook it perfect, another 25% of the time it will be 1 degree over/under cooked, so I'll only bitch for the other 25% when they fuck it up entirely. I know the waitstaff at these places and they know I only complain when it's not right.

If I bitched everytime my medium-rare came medium then I'd be sending back every second meal which is a bigger problem for me than the restaurant. 

Other food is different. Unless it's fucking awful or has hairs in it, I'll be like OP and 'reply good'. Why? Because eating is secondary, I'm there to talk to someone and a waiter interrupting that is the last thing I need.","Cars, bikes & police",-0.9502,2016-12-17 09:28:49
cvszagf,Wizard_of_Ozzy,So I'm coming to your place for dinner tomorrow night right? :),Local life & places,0.4588,2015-10-08 21:37:54
cwnxqmi,Supersnazz,I'm doing it next year. Really looking forward to it.,Trains & trams,0.0,2015-11-04 07:52:51
dnlpx7l,melbdude1234,"Could think of 100 better options for lunch than hunky dory for same price bracket that don’t actually use BASA as their fish fillet. 

China bar again there’s so many other options in the cbd for similar cuisines with way more charm.",Trains & trams,0.7089,2017-09-27 23:17:41
d05mg38,black_shaka,"Ha, I've always turned when my light went amber and was safe to so, mehhh, not going to change now",Work hours & uni,0.4404,2016-02-19 07:14:40
e8cekgc,Stadiametric_Master,Yarraville is more family orientated I'd say.,Jobs & money,0.0,2018-10-24 05:21:56
dbg7dvx,Big-White-Dog,"I know right!?

She's going to be house sitting for us while we're camping, so I guess she'll still get them when they arrive though",Local life & places,0.0,2016-12-21 02:36:48
cvdp2yo,lord_khadow,"So when you consider overtime, dictated by the employee, not the business - $80K is not that far off.",Opinions & public issues,0.0,2015-09-25 13:15:58
cyzx5j1,zozozozozoz,Can't you just hobble to the SkyBus?,Casual chat & reactions,0.0,2016-01-16 01:16:11
cdzih6b,Akira675,Seconded. Best snippet of morning news.,Local life & places,0.6369,2013-12-11 22:52:36
db65mf7,FiveAM88,Agreed. I did it for 4 years and it killed me inside.,Politics & traffic,-0.5267,2016-12-14 03:14:19
dt390vq,whackadoodle_cracked,"It probably would not attempt to come back inside, there's a lot more prey for it outside

Also it's extremely easy to catch them without getting bitten, I do it all the time (I get a lot of spiders at my house) and I have never even come close to getting bitten",Work hours & uni,0.4927,2018-01-23 00:46:21
cyrkyx6,acherion,"All the other posters in here have offered great options, and I'll add another one here: Camera Lane (corner Hardware Lane and Little Bourke St) deal a lot with second hand lenses (mainly Nikon but they have Canon, Sony, Pentax, Olympus, etc) so you might find a copy of the lens you want there. 

EDIT: mobile typos","Cars, bikes & police",0.6249,2016-01-09 06:40:05
dbfwa90,matthras,Last day of teaching at Deakin for the year; not for the trimester  though! It's a weird feeling.,Local life & places,-0.126,2016-12-20 22:22:20
cirhbb0,OboesBleat,"Man, I really think you missed the classes where they put you on opposite sides of the room and make you argue for a certain topic. Yikes.",Trains & trams,-0.4144,2014-07-08 10:50:01
d7lu784,Walter_Ego,"i've had success the day before, and even on the day, but i guess it depends on which car park and how busy it is.","Cars, bikes & police",0.3291,2016-09-14 01:25:33
dc6zs96,LeslieHughesLDP,Sounds like a good night in.,"Cars, bikes & police",0.6597,2017-01-09 11:35:01
cqbbx52,MelbourneUrbex,"Near a station, large 3 bedroom terrace, $384 a week.",Casual chat & reactions,0.0,2015-04-13 22:31:21
e2gt8wx,ihlaking,North melbourne police station can do it. Not a long tram ride away and would sort it out. CBD is tough.,Casual chat & reactions,-0.128,2018-07-16 05:09:24
dc41aok,mrstinton,"I forget that ""oppressive"" is a meteorological term too. Appropriate enough...","Cars, bikes & police",-0.5574,2017-01-07 07:47:47
dmf1r0e,LordSandwhich,This is why I don't wish the crash. I accept it but don't welcome either side of it. We are stuck in a banquet of consequence.,Work hours & uni,-0.602,2017-09-01 09:35:01
cnqiyw7,pressbutton,What? Delays? Metro always meet their targets!,Casual chat & reactions,0.0,2015-01-16 03:18:28
dcq9p54,Donners22,"&gt; If they give you consent, you can record and have it be admissible in court after the fact. If they don't give you consent then it's not admissible. 

Calls recorded without one party's knowledge or consent are used all the time in criminal proceedings in Victoria. 

They're called pretext calls and are a regular part of investigations in criminal matters.",Work hours & uni,-0.6774,2017-01-21 22:20:39
cohozcp,atregent,Cable ties are a perfectly acceptable solution,Work hours & uni,0.8316,2015-02-11 01:54:58
dpcs5tu,weapon66,On meetup.com there's a group valled melbourne social group. They have 2 meetups a week of roughly 30 people,Trains & trams,0.0,2017-11-04 23:16:02
d33mdpf,aonf,Not a Portlandia clip? For shame.,Jobs & money,-0.4767,2016-05-13 03:41:54
d0ci1p2,theferretgirl,On the way to a job interview!,Opinions & public issues,0.0,2016-02-24 22:09:01
cwy8dzz,PM_ME_YOUR_CHESTHAMS,Throw out your toothbrushes.,Politics & traffic,0.0,2015-11-12 22:47:40
e2sfvh6,TheMightyDontKneelM,"No you don't fuck the CMFEU, the CMFEU fucks you!",Jobs & money,-0.4102,2018-07-21 17:24:52
cdpezfa,encabule,"Buy a fedora and tip it regularly, or you'll be given an on the spot fine.


Edit: Ideally, to passers by, this is how you should appear AT ALL TIMES: http://i.imgur.com/whPGPtU.jpg

Edit 2: Reddit Gold! Thanks stranger! *tips fedora*",Jobs & money,0.7955,2013-11-29 05:48:24
dmw12tl,lasanja,"Two months? Damn, how do you do it? I'm struggling with my partner being away for 3 weeks :(",Local life & places,-0.8299,2017-09-12 04:45:47
cplmyt7,BookTalk,"We operate primarily as a book exchange, but will pay cash in some circumstances (mostly coffee-table type books, such as art, architecture, design, photography, etc.)

Located in Richmond",Opinions & public issues,-0.1531,2015-03-21 01:35:57
cm27k2h,emilyrose93,"Nah, it'll probably be $7.80 because ""*Fares for all journeys in more than two zones on V/Line services receive a 30% off-peak discount, except where touch off occurs within Zone 1 before 9am on a business day or touch on occurs within Zone 1 between 4pm and 6pm on a business day. Customers must touch on and off to receive an off-peak fare.""",Casual chat & reactions,-0.1027,2014-11-14 09:16:45
cshthsj,knowledge_is_gold,"Have you tried the supermarkets / nightfill / cleaning? 

Or what about [Call Centres](http://www.seek.com.au/jobs-in-ccentre-customer-service/in-melbourne/#dateRange=999&amp;workType=0&amp;industry=1204&amp;occupation=&amp;graduateSearch=false&amp;salaryFrom=0&amp;salaryTo=999999&amp;salaryType=annual&amp;advertiserID=&amp;advertiserGroup=&amp;keywords=&amp;page=1&amp;displaySuburb=&amp;seoSuburb=&amp;isAreaUnspecified=false&amp;location=1002&amp;area=&amp;nation=&amp;sortMode=ListedDate&amp;searchFrom=&amp;searchType=browse)  
   
Or try [Indeed](http://au.indeed.com/No-Experience-Required-jobs-in-Melbourne-Eastern-Suburbs-VIC)    
   Or you can always try 
[Warehouse work](http://www.seek.com.au/jobs-in-manufacturing-transport-logistics/pickers-packers/in-australia/#dateRange=999&amp;workType=0&amp;industry=6092&amp;occupation=6105&amp;graduateSearch=false&amp;salaryFrom=0&amp;salaryTo=999999&amp;salaryType=annual&amp;advertiserID=&amp;advertiserGroup=&amp;keywords=&amp;page=1&amp;displaySuburb=&amp;seoSuburb=&amp;isAreaUnspecified=false&amp;location=&amp;area=&amp;nation=3000&amp;sortMode=ListedDate&amp;searchFrom=&amp;searchType=browse) / Picker/Packer

edit: formatting","Cars, bikes & police",0.0,2015-06-25 02:31:44
duqx5pb,thrml,"Semantics, my favourite game.",Local life & places,0.0,2018-02-24 06:10:41
dmvnls5,OldBertieDastard,"/r/beholdthemasterrace but I think that might be for photos of people

Nope looks like #3 post of all time is very similar to yours",Jobs & money,-0.395,2017-09-11 23:47:29
dzt9f2e,AvaTate,Hasn’t this thing been stolen a couple of times?,Local life & places,-0.4939,2018-05-30 08:46:39
ct4rbfb,zozozozozoz,"Getting up for crossfit this morning was so hard, but I did it and i'm glad I did! Now to get into work...",Local life & places,0.5939,2015-07-15 23:41:09
djhzwbt,raybal5,This is because these ugly bollards have holes in them.,Politics & traffic,-0.5106,2017-06-28 05:51:37
dkyq330,EvolvingMeme,"Like the terrorists selling water rights to their cutton buddies, and causing droughts downstream? Or like the terrorists declaring the war on Koalas for a product with less future than VCRs?",Trains & trams,-0.8577,2017-07-31 13:34:43
cthe8hj,Soan,"I'm finally getting excited about tonight. Dinner at Sake, followed by Dylan Moran's show. And for the train ride back home, I bought some short stop doughnuts and krulers. It's gonna be an awesome date night. Why is it not 5 already?",Local life & places,0.6486,2015-07-27 03:41:06
cthpwa2,drinksdeal,+1 for Fonda Richmond,Casual chat & reactions,0.0,2015-07-27 13:31:15
e4ving2,stonefree251,"I'd like to thank the tiprat that caused the police helicopter to hover over my house for 45 minutes at 4am this morning. Hope the stolen TV/jewellery/car/whatever, was worth it.",Work hours & uni,0.6808,2018-08-26 18:47:47
dxji1o5,Wbby,This argument is stupid. Demand may not be there right now but in 20 years it will be. Future proofing will make life smoother for all.,Work hours & uni,-0.4939,2018-04-18 00:31:38
dxxqm1u,wolfcat_aus,"As some one that has done the dawn service every year for 10 years in a row now, rain, hail, fog or as it was this morning, quite warm and comfortable I fail to see why complaining about a photo of an important Melbourne and Australian/Kiwi event is something people would bother with. But then I guess this is Reddit isn't it.",Local life & places,0.0202,2018-04-25 11:31:25
d10geth,deadreckonings,"Yeah I'm pretty sure I did! He doesn't really know how to multitask it appears, he was on the phone but apparently didn't bother to put the water on or anything while he was chatting away ¯\_(ツ)_/¯",Politics & traffic,0.7348,2016-03-15 10:14:30
d7j8krh,The_Real_JS,"Heheh, we're going to have so many good stories if you keep doing this.",Jobs & money,0.4902,2016-09-12 05:36:56
d52g8nq,Fumanchui,"What happened? I only saw the poo overflow in here.

Edit: Ahhh nvm, just saw it",Jobs & money,0.0,2016-07-07 05:01:24
cq6euv1,TomasTTEngin,"I really wanted an apology. 

Also, he was younger than me and I thought he could use the advice. I'd do it again in a heartbeat.",Politics & traffic,0.1189,2015-04-09 11:13:29
c0s17ye,jujuM,The Bedroom Philosopher is hilarious.  He was the support for an Arj Barker gig I went to back in 06 or 07.  Still have the his signed maxi single.,Local life & places,0.6597,2010-06-13 23:34:06
dxno7ge,Pexitron,Who are the fucktards voting LNP? Christ on a bike.,Work hours & uni,0.0,2018-04-20 00:49:59
drdgbxh,Indetermination,"I keep it in the drawer with my collection of saws, plastic garbage bags, chlorophyll and zip ties.

Oh yeah, there's also some in the middle kitchen drawer.",Politics & traffic,0.296,2017-12-17 12:38:00
dmqdo6o,tokyobandit,"RMIT was very good for my degree, and we collaborated with CompSci students a LOT (BA Game design, tho I did it through media comms) 
All of the people I worked with from the compsci degree were enjoying their time there and were challenged, with guidance at hand if needed and requested.
At either uni, work hard and be interested, engage w your staff and fellow students to get really good at what you're studying and you'll have a great time. But, yeah, my vote is RMIT.","Cars, bikes & police",0.8955,2017-09-08 14:58:18
e8oz0zf,sahrey,They're full of fat! I read somewhere that one sausage for a dog is the equivalent of 9 sausages for a human. I suppose that depends on the size of the dog... But generally the snags at Bunnings are not high quality.,Trains & trams,0.0,2018-10-29 23:14:07
dg15jdp,khongkhoe,"honestly..... it will die down. good traction i guess but the numbers will dwindle. im well prepared, mentally. all is good.

maybe ill make it a sunday thing. still fine tuning as i expected... maybe 10 replies? lol

subscribe to r/sadsquad",Jobs & money,0.8898,2017-04-09 13:07:02
e2cyf17,XenonKitten,"Really sounds like you've gotten yourself into a usage-only deal there - with the standard supply charges now, even with me living like an energy monk and finding the cheapest possible provider through the usual process of extreme maths, and with the only 24/7 appliances in my home being a fridge and a PC that sucks a whole 70 watts on idle, I've somehow come to be *grateful* for that ""only $300"" bill because, well, it's not $400.

My fridge is pretty old. Maybe that's part of the problem :-\",Politics & traffic,0.7564,2018-07-14 03:48:17
dpno386,tobtoh,"Oh ... I was hoping you meant that the airforce had produced these kind of angel wings over the Shrine: https://upload.wikimedia.org/wikipedia/commons/4/4f/C-130_Hercules_10.jpg

And video in case you are interested: https://www.youtube.com/watch?v=aOx_wHhitqk",Trains & trams,0.6705,2017-11-11 07:04:02
cal4we8,niksko,Well then. Hey neighbour!,Politics & traffic,0.3382,2013-06-18 09:00:40
ct51622,zozozozozoz,WHY DON'T YOU GUYS MOVE IN TOGETHER? Problem solved. Fuck i'm good!,Politics & traffic,-0.3595,2015-07-16 04:46:01
drn13yz,ozfighter,"i believe october of this year, the trouble is theyre foreigners and dont speak english very well, i get the feeling theyre being shafted. They tell me that the builder didnt actually finish their work until a day or two before the handover",Jobs & money,0.0498,2017-12-22 23:21:17
cnvr3bh,bitter_existence,Thank you for taking the time out of your day to respond sir.,Work hours & uni,0.3612,2015-01-21 04:45:28
cveo3bm,Skeeball_Fanatic,"I don't necessarily disagree with you, but I think you're diminishing a little bit exactly how tough a call takers job is. 

For a point of reference: I'm a Career Firefighter. I go to work, get a bunch of calls of varying seriousness and I go home. Sure, I see and have to work on some pretty awful situations, but I'm pretty experienced now and I'm pretty good at looking after myself. At nights, I get to go to bed between 11pm and 7am. If I'm really lucky, I don't get a call. 

While I'm sleeping, ESTA call takers are sitting up all night taking calls. Couple that with the vicarious trauma and grief they have to experience and you can see why it's a hard job. A very hard job. I've seen just about all there is to see and I don't reckon I could hack being a call taker. It is emotionally brutal. 

These guys and girls are great and I have nothing but respect for them and the work that do and they deserve looking after. 

As an added bonus, I can vouch for the fact that they're also pretty good at repeating really, really difficult Officers surnames over the radio. That shit is challenging.",Local life & places,0.9043,2015-09-26 09:47:09
cgl1km2,energy4anarchy,"11 times in 5 years?

A high vehicle getting caught on a low bridge... try 11 times a year minimum!

This shit happens A LOT more than you think",Work hours & uni,-0.7678,2014-04-05 23:36:30
cq3s821,The-Doctor-94,It must be different for my building. Just the other night we had a fire alarm go off and it turned out to just be the regular alarm of a person's apartment.,Local life & places,-0.7351,2015-04-07 04:10:16
e8rmywb,wharblgarbl,The law is focused on uploading pirate material right? Predominantly. Meaning that it's better to download a tram than upload one,Work hours & uni,0.6705,2018-10-31 02:45:02
ds27xm4,Azza_,Crime rate has dropped the last two quarters. Your article is 6 months out of date.,Work hours & uni,-0.5423,2018-01-02 02:01:49
dnfp29p,NJG82,"I travel to Geelong a fair bit, quite like the area actually. If I hadn't bought land in Point Cook I might have looked further south west. 

It's like any area really, has good streets and bad one's.",Casual chat & reactions,0.7408,2017-09-24 12:22:38
dbxgdtu,Cymelion,"Actually in this day and age - We need to change April Fools Day.

Instead it should be a day in which the media must print corrections and mea-culpas for all their poorly researched and sourced stories for the year previously. The media with the most is crowned the April Fool and must do something in recompense.

The internet holds them accountable and calls out any they missed.

Because if the news media is going to print fake stories 24/7 instead of on April 1st - then the day has lost it's meaning and needs a new one.",Jobs & money,-0.9136,2017-01-03 02:52:17
d5a8exq,Fumanchui,"No, I usually just have a little bit of cheese. Cheesy keeps me in good supply. I don't need any more than that.","Cars, bikes & police",0.4404,2016-07-13 05:13:33
cmtoi5g,acoustic_phil,Have you seen anything? I stood outside with a great view of the stars for 30 minutes and only saw 3 slow moving meteors (unless they were satellites),Casual chat & reactions,0.6249,2014-12-13 12:40:36
dpczjkh,Omegaville,"Better get Barnaby onto it, he's got some time on his hands",Jobs & money,0.4404,2017-11-05 01:51:30
d1zenkg,AlanaK168,They'd been living in their house before the law changed so maybe they should still be allowed 4?,Jobs & money,0.0,2016-04-12 03:54:54
ct7ruhs,dropbear8mybaby,"I have a secret to tell you about your past. Revealing this secret will put me in great danger with the spirits, however, so I have to spend a lot of money on protection magicks. I'll need at least $5,000 up front in order to help me purchase the necessary alchemical reagents for my protection spells before I can reveal this secret to you.",Trains & trams,0.5267,2015-07-18 16:19:09
e3xaqyp,Castratrix,"You are right, of course. And secretly, I did know that. I was messing with their heads. Downvote away, SJWs. I really don't care.

But you do, don't you, SJWs! *Delicious*",Trains & trams,-0.7385,2018-08-10 01:37:42
e2zvgpz,Viking_Hotline,Because all Melbourners are men.,Work hours & uni,0.0,2018-07-25 08:29:07
dalshih,Brotisserie_Chicken,"Seconding Om, it's fantastic bang for your buck and delicious as well.",Politics & traffic,0.8555,2016-11-30 07:51:31
cykpk0c,hodurrr,Better get inside real quick before you get stabbed.,Politics & traffic,0.0,2016-01-03 20:48:20
dqsbk5q,NoodleBox,"yeah that's the thing, it looks huuge. I don't think we'd eat it at Mum's family do so.. hm",Politics & traffic,0.296,2017-12-05 04:29:35
cvt6xl1,atregent,Working for what sort of company?,Opinions & public issues,0.0,2015-10-09 01:12:16
cgctze2,Astro_nauts_mum,"My family loves this: http://www.blackbirdcruises.com.au/index.html not sure what is happening today, but probably rain is diminishing and the flower show will be fine once you've had your coffee!",Politics & traffic,0.5205,2014-03-27 00:00:18
d0bapla,neexo,you need to relax cunt haha you've commented on this multiple times.,Local life & places,0.4019,2016-02-24 00:17:57
d2ed2c5,greedymushroom,I'm alive guys (fingers crossed) ... Thanks for your concern,Casual chat & reactions,0.6705,2016-04-23 16:02:57
d11opb4,flyinglotus,"or you know ""Lygon street"" since he was no where near chapel street and chapel street has nothing to do with this",Casual chat & reactions,-0.296,2016-03-16 06:13:54
d7cm17n,LuxShadow1,"2016, and people still don't understand how google works lol",Jobs & money,0.4215,2016-09-07 09:41:54
dmb99ou,Nota2ma,"This is a company that requires you to ""forego"" your consumers rights or some shit...

Their fuckery shouldn't surprise us anymore.

(Not 100% sure of the exact thing you have to give permission to forego. Someone more informed can correct me)",Jobs & money,-0.7488,2017-08-30 02:51:00
ctbms25,canyouhearme,"Did say 'target' didn't I?

And arranging your rail system such that the train can do as well as the car travelling on the road next to the track is hardly asking the earth. IIRC the speed record is 570kmh ...",Casual chat & reactions,0.2732,2015-07-22 01:52:14
cvszlgl,sahrey,Acceptable! I find drinking tomato juice a bit strange though.,Trains & trams,0.2003,2015-10-08 21:45:38
cvszcjo,atregent,That's the one. It was huge too from memory.,"Cars, bikes & police",0.3182,2015-10-08 21:39:24
cpg2g4h,Ngaru,"I thought there was a large population of foxes in Melbourne.  They use the train lines (where the tracks are, not the trains, they aren't that fantastic) to travel about.  Used to see em all the time on the Glen Waverley line.",Casual chat & reactions,-0.4449,2015-03-16 00:01:24
dka0m4r,dandiebopper,Oh that would work perfect. There's a group called thrusher which is a female skate crew who encourages both genders and people of all skill levels to come join them.,Local life & places,0.8316,2017-07-16 02:41:38
d0msqt0,Jersey11,travelled on the same hoddle st this morning and saw 2 x shell stations with 1) 95 cents. 2) $1.24 in a 1-2km distance :-S,Casual chat & reactions,0.0,2016-03-04 01:39:28
cm16aut,CatWeiss,"Absolutely!  This is especially true in Victoria, where we can vote below the line in the upper house without numbering every box.",Casual chat & reactions,0.5244,2014-11-13 06:31:57
dj54s4p,tripledoubles,"I mean, despite this being a thinly veiled Financial Planning by Yellow Brick Road advertorial, is anything he's saying in this article really that outlandish?",Work hours & uni,0.0,2017-06-20 06:32:47
ct3qmk7,gstandard00,"I guess you would be ahead if its using genuine wool instead of possible rat fur or whatever is a cheap substitute.

I've came across Jumbougg as well, normally presented by young Asian sellers..  I guess at worse it could be made from Australian wool but assembled overseas ?  On google streetview looks like you can visit their HQ at 1 Keys rd, Moorabbin.  They have a Now Open sign at the front.",Opinions & public issues,0.4118,2015-07-15 02:54:24
cthecg5,Shes_the_Cheese,Trying to get the Disney Store stuff from the US is hard.,"Cars, bikes & police",-0.1027,2015-07-27 03:44:48
cdxe4a0,joonix,I thought they were going to tear that thing down?,Politics & traffic,0.0,2013-12-09 14:18:23
dl3llji,mistyrain001,Do you actually work in a job where being a man down can make it seriously hard? I don't think you even know what you're talking about.,Jobs & money,-0.2732,2017-08-03 07:08:22
dbxfpz6,Ozdriver,"Before we pat ourselves on the back, let's not forget that around 95% of commenters on Reddit were fooled..

Edit: I'll change that to around 80%, but still a lot though. Someone else can count the comments and calculate lol. Original post [here](https://np.reddit.com/r/melbourne/comments/5l852f/is_it_legal_for_my_landlord_to_have_installed_a/?).",Jobs & money,0.7338,2017-01-03 02:38:09
chox5dm,alphabeat,Business meetings!,Local life & places,0.0,2014-05-23 01:49:29
d6bpd4f,bren_gunner,Overpaid? You do half a day digging trenches in the summer and lets see if you are happy with your job. What do you do for a living? If it has climate control or a clean flushing toilet you can go ahead and shut the fuck up.,Jobs & money,0.504,2016-08-10 12:24:53
d7a572m,Dearestbrittany,"So excited to see those little beans! 
Thanks :)","Cars, bikes & police",0.8097,2016-09-05 11:18:43
dmeyjrj,-FuckOffCommunists,"Nobody getting a loan with a 5% deposit unless it's some scam, prove it. Post paperworker ganga",Work hours & uni,-0.5719,2017-09-01 07:09:41
dqsha3f,Walter_Ego,"i cant wait until our tomatoes go off chops, gonna be so good","Cars, bikes & police",0.5777,2017-12-05 06:53:09
cl71xem,bushy82,"Yeah, that's the thing though. If it was 3am i wouldn't hesitate to call the police, but 930am on a sunday? midday? 

But it's all about the bass really. It just thuds away with no tune and it is just draining.",Local life & places,-0.2853,2014-10-12 03:07:14
cvt36vw,_otsegolectric,Seeing the Clifton Hillbillies tonight! I may or may not be working the door.,Local life & places,0.0,2015-10-08 23:25:36
dsqzzyi,it_fell_off_a_truck,Where dogs sniff when they greet other dogs.,Jobs & money,0.3182,2018-01-16 04:27:43
e74uxrd,Uberazza,"As someone who has recently relocated from the country to the city for the first time in my whole life (now mid 30s), why the fuck do they have 2 escalators go down and one go up from the platforms. Huge bottle neck. The Logic sure is people need to get to the platform quicker so they don’t miss a train, but the issue is most need to change at that station to another platform anyway, would it have killed the designers to put in dual up and down escalators?!",Casual chat & reactions,-0.837,2018-10-04 04:16:16
d324j9r,Soakl,"Late to the party, but for future reference you can find a fairly comprehensive list on http://eatdrinkcheap.com.au/  you can sort by location and deal type - also a great way to find trivia nights",Local life & places,0.875,2016-05-12 01:21:22
cncpnky,Blackrose_,"Oddly it just adds to that crushing feeling of - there is a few things I could buy here but as it's crowded, full of idiots, and I get pestered every 10 meters - ""Can I help you?"" with that din playing over head it just drives me away from shopping.",Casual chat & reactions,0.6428,2015-01-03 01:32:25
dmvbvzq,dippet,I did a bunch if inside job applications.,Politics & traffic,0.0,2017-09-11 19:52:08
dt38yye,calhoon2005,A real *how's the serenity* day here today. [just came across this little guy doing his thing](https://i.imgur.com/hOILP2V.jpg),Local life & places,0.0,2018-01-23 00:45:19
cwxaiyn,atregent,"We got a crimsafe screen door at the front, that thing is solid as. Triple point locks as well.",Local life & places,0.4019,2015-11-12 03:07:33
c4dlhsx,penguinboy08,"I actually work at PaperCut, if you have any questions feel free to send em my way!",Jobs & money,0.5562,2012-04-18 04:02:50
drdezbu,bitchanca,In a built-in wine rack...,"Cars, bikes & police",0.0,2017-12-17 11:33:58
ceqksti,alphabeat,Hello! What's your story then?,Jobs & money,0.0,2014-01-15 23:54:28
d60jlg5,Grommzz,I'm not sure if it's something you'd consider but Costco do the big trays for $4-5 a tray.,Politics & traffic,-0.1232,2016-08-02 03:03:06
dz8j6z5,tjsr,"There's always that one fuckwit who when every other lane of traffic is doing 40, they see the free lane and fly past everyone at 80 or 100.",Work hours & uni,0.5106,2018-05-19 14:03:28
cha02oy,onemoreclick,"I bookmarked Parmadaze a couple of years ago and use it all the time, thanks for the reviews. And just so you know, The Metropolitan Hotel must have changed chefs because now the parmas are shit. Also, it would be awesome if I could filter out the salad score from the ladder.",Politics & traffic,0.5267,2014-05-05 12:54:03
d77pzpf,hamhammerson,Love doesn't know age,Politics & traffic,0.6369,2016-09-03 05:35:45
die4w0d,knick007,"Amsterdam - Liked them , liked the ticketing system and you could buy a ticket on the tram. (Amazing right?)

San Fran - Old school trams are pretty cool. I tried hard to see if I could ride a Melbourne one but it wasn't around. Cable car is very touristy but still worth it. 

Hong Kong - double decker felt like it could fall over.",Politics & traffic,0.8873,2017-06-03 02:46:43
d52hzfh,sahrey,"lol i wasn't! they wouldn't take me. i sound like a dying cat.

side note: a friend got into the christmas carols choir on tv by miming.",Jobs & money,0.8313,2016-07-07 06:05:31
e1rtsu9,freshscratchy,"Krav Maga is the best for self defence, IMO",Trains & trams,0.6808,2018-07-04 11:22:16
dr9tzon,LiterallyAFascist,Or they just commit more crime. Aboriginal kids are raped at a shockingly high number compared to white kids. Whites discriminating isn't got anything to do with that.,Trains & trams,-0.8221,2017-12-15 03:24:01
c5bxc8a,MyNameIsAlec,Perhaps consider posting this is /r/self ?,Politics & traffic,0.0,2012-07-10 11:08:38
cdtigdc,InactiveUser,Murdoch blocked.,Work hours & uni,-0.2732,2013-12-04 18:50:52
cdryk3a,Akira675,"I know its a joke, but funny story. A friend got booked for jaywalking on Swantson when they did their annual crackdown. A week later I saw two cops jaywalk across Swantson into Macca's for lunch. You shouldn't enforce the laws just when its convenient for you.",Local life & places,0.8674,2013-12-02 21:03:17
cirho1c,megablast,"Since we are doing warnings, can I give a warning to the massive cunt driving a 4wd yesterday. I was walking along, and saw this douche pull up on the left turning lane, where a car in the forward lane and a cycle sitting next to him at the lights.

Then this douche 4wd owner accelerates at the lights, heading forward to overtake both car and cycle, completely illegally and incredibly dangerous.

I hope to find you one day, you fucking wanker.",Work hours & uni,-0.9483,2014-07-08 11:21:31
d4ukvj9,stinx2001,"You earning over $90k? Cos if so and you don't have private health you have to pay an extra Medicare levy. Could also be youve done something wrong, or maybe you just owe this year.",Opinions & public issues,-0.5423,2016-06-30 22:09:05
dbfrg8z,continental-drift,Always is when this close to the end of year and you are still working.,Local life & places,0.0,2016-12-20 20:46:01
c75krv3,jamurp,Probably at the pokies.,Local life & places,0.0,2012-11-23 12:10:52
ctl6yvj,rdmarshman,"BRRRRRRRRRRRRRRRRR

NOPE.",Trains & trams,0.0,2015-07-30 04:22:07
cpw1l4r,canyouhearme,"&gt; Metro don't have centralised visibility of every train in the network.

&gt; Yarra Trams has full visibility of all their trams via on-board GPS

Yeah, I kind of wondered about the rail system. In my previous dealing in the rail industry they always seemed to be quite backward in their system designs. However, it's not exactly complicated to gain accurate information from the same system they are already supporting on the trams. And they do have some info from the points sensors and dead reckoning already - probably enough to populate such a real time system.

Something that should be added to improve the system, cheaply, in the near future?",Casual chat & reactions,0.7269,2015-03-30 22:57:27
e2ezdbn,MalcolmTurdball,Literally can't tell if sarcasm.  Roads are not eco friendly in any way. Even the most conservative neocon can't spin that bullshit but you sound like you're serious.,Work hours & uni,0.5195,2018-07-15 06:22:31
ctbsyac,rdmarshman,They're inter-city not suburban you peanut.,Casual chat & reactions,0.0,2015-07-22 05:12:00
dgwdidr,Windydayhuh,"Tell. Me where you live, I'll go and get the acid and we can both trip in the botanical gardens",Casual chat & reactions,0.0,2017-04-29 05:16:02
d49wq8t,mac-87,*Standing ovation*,Casual chat & reactions,0.0,2016-06-15 07:25:46
e1rmj9s,Rick-powerfu,"King St weekends.


On a serious note a family friend from school runs a really good school.


http://www.efma.com.au/

South eastern suburbs. But definitely recommend.",Casual chat & reactions,0.8704,2018-07-04 07:19:35
d2zne3r,Hussard,"It's a small community - just pop into a FB group and ask around then. Iirc, it was Australian Blacksmithing Assoc or some such.",Trains & trams,0.0,2016-05-10 06:45:44
e8nkh2h,RabidLeroy,There’s also last minute glucogel jelly beans at your local pharmacy as well. They even come in red last time I checked! Perfect 150mg packets as well.,"Cars, bikes & police",0.8016,2018-10-29 09:54:29
e21rpj4,wordswontcomeout,The fucking road signs are a travesty to logic and reasoning when trying to figure out which lane you need to be. They need a do-over.,Jobs & money,-0.5719,2018-07-09 08:26:41
cohdnfz,stinx2001,Yay let's post pussy pics http://m.imgur.com/a/8TjjK,Jobs & money,0.5267,2015-02-10 20:40:35
duqq18e,Nick_Tanner,Inflatable Regatta event. Think it’s only once a year.,Local life & places,0.0,2018-02-24 03:19:57
coipidq,rdmarshman,I've got a stack of gear - my favourite combo of all is probably the cheapest. 10w istick mini with kanger aerotank 3.8ml. I run 1.2 ohm coils at 3.3 volts. It's fantastic.,Politics & traffic,0.5574,2015-02-12 00:10:52
c77cvwk,dandysan,I saw someone on my Facebook selling theirs for half price last week. Wait until Thursday and heaps of other people will be too.,Local life & places,0.0,2012-11-27 04:28:39
docrce1,Holi19991,Wow what great advice,Politics & traffic,0.836,2017-10-14 12:25:07
cqbf23u,streuth_mate,"&gt;Preston, Kensington, Moorabbin, and Yarraville

Prices have risen, but these suburbs are still predominantly SHIT. (I grew up around these areas).

Go for a drive and yes there are some ""nice"" houses - however 80% are still absolutely shit.

I was in Parkville and Carlton almost 50 years ago - my grandparents BEGGED us not to move there because it was so poor, dangerous and poverty stricken.

Parkville and Carlton are now what you would call Gentrified. These other suburbs are merely in a bubble.",Casual chat & reactions,-0.9799,2015-04-14 00:00:08
d6kh4f9,j0rdy1,"Do not muzz at either of them you'll stick out like a sore thumb. Wah is a completely different vibe compared to Cloud though, Cloud is what people call the Melbourne rave in terms of dancing while Wah crowd hates that dance. People kind of dance however they want to at Wah other than the Melbourne rave style dance.",Local life & places,-0.3818,2016-08-17 00:25:48
dfox014,universe93,why is half this comment in bold,Jobs & money,0.3818,2017-04-01 13:52:23
cec9osh,blahblahbush,"On The Strand in Williamstown is a good spot. There's a great view of the city and near-eastern side of the bay - St kilda, etc.",Casual chat & reactions,0.7906,2013-12-29 02:46:01
e4tml3n,Oi-FatBeard,"Do you get the text lag with yours? I'll try to swap apps from/to TC and it takes ages, only noticed it when I installed TC in the first place",Politics & traffic,-0.34,2018-08-25 18:48:36
dc10t15,breadinabox,bad lush in the background*,Jobs & money,-0.5423,2017-01-05 11:41:21
de9c8qx,raybal5,"Due to the Privacy Act, you should not make Date of Birth a mandatory field.  It would be best to request people indicate which age range they are in.",Opinions & public issues,0.6705,2017-02-27 02:03:41
cobk7ob,Alect0,"Sunshine smallgoods? http://sunshinesmallgoods.com.au/shop/Continental-Deli/Hans-Smoked-Strassburg-2-kg

Don't worry about gold :P",Trains & trams,0.8095,2015-02-05 01:41:27
e2cyu49,TheUnderWall,"HA! NO!

We actually have the most expensive company for our area.

I will check to see how much our fees per kilowatt are right now.

AND it is 29 cent per kWh. Higher than the average.

https://www.canstarblue.com.au/electricity/electricity-costs-kwh/",Opinions & public issues,0.0,2018-07-14 03:57:14
dcbk7ro,Noahrobben,They have 28$~35$ costs for getting you to and from airport towards eastern 'burbs,Casual chat & reactions,0.0,2017-01-12 05:36:42
d8zeci2,WellAsk,It's true they do a mean burger and chips,Local life & places,0.4215,2016-10-19 22:03:42
c9itdzp,Tastetheradness,"I had my iPhone repaired by http://www.iexperts.com.au/

They seemed legit and were cheap. They are based in little Collins. Use both 'genuine' apple parts and OEM from memory that are a bit cheaper.","Cars, bikes & police",0.0,2013-04-20 01:03:03
c1vnuya,Melburnian,That cafe is in the Degraves St underpasss if anyone is interested.,Casual chat & reactions,0.4019,2011-05-24 02:12:05
cuu7fa7,cameronm,"I don't think anyone would have a problem with that!

What kind of hotsauce? Maybe Sriracha would cause less concern in the plastic bottle and all.",Trains & trams,-0.4574,2015-09-08 06:50:06
cxse2f8,raybal5,Totally agree. Eating white bread is like chewing on cardboard.,Local life & places,0.6478,2015-12-09 03:04:07
d4cu7o3,DontMentionWombats,"Reminds me of business school in France, with people from countries who'd never seen snow leasing cars to drive through rural forest roads in winter, and others just being dumb.

A Portuguese guy ran his Mini into a ditch while looking for a CD.

An Iranian girl drove a car 60km from Paris in 3rd gear, on the highway.  She then drove the replacement car 60km from Paris in 3rd gear, on the highway.

A girl from New Zealand backed over a wild boar.

An Israeli guy got drunk, tried to race the police, and lost.

A Canadian guy sped through a tunnel, didn't see the 90degree turn at the end, hit a berm, launched his convertible into a river, bailed out, swam ashore, realized the car floated, swam back out, and pulled the car to shore.  The cops were not amused.

A Belgian guy ran over a massive antique vase.

An Indian guy missed an S curve, zipped between two oncoming cars, and skidded sideways 20m into a corn field.

An English guy got his Caterham stuck on a speed bump.  Ha ha.

Another Canadian was speeding, didn't see a roundabout, and went straight through it, narrowly missing the cenotaph in the middle.

Etc.",Local life & places,-0.8699,2016-06-17 09:52:14
cawdn7m,lemagor,A user-pays model is a good thing. People should pay for the resources they use.,Opinions & public issues,0.3612,2013-07-05 13:19:34
e2xd3kf,1jnkhb3553445jb,"Inequality is increasing and is tied to increasing costs of living and stagnant wages. Expect it to get worse. Homelessness is also increasing, tbh it's been bad and getting worse for at least five years now.",Opinions & public issues,-0.8658,2018-07-24 03:55:35
e5li7vq,Generic_Esoteric,Its ironic considering Farage is the one advocating a German (Merkel) doesn’t rule England.,Work hours & uni,-0.128,2018-09-08 04:52:43
dbb573u,timetotom,That was awefully good to read.,"Cars, bikes & police",0.4404,2016-12-17 15:57:47
dopnq7j,circle_square_leaf,"Not yet.

Do you feel like a pizza Genie? ;)",Trains & trams,0.5267,2017-10-22 05:57:22
db6ghb9,Puddlette,Immigration :) wasn't outsourced.,Local life & places,0.4588,2016-12-14 09:06:32
dwkc8i4,psylenced,"However, they will also detect when an ID is used multiple times.

So if you try and use someone's proof of age and then 10 mins later use a driver's license for the same person, it'll flag that to security.",Work hours & uni,0.34,2018-03-31 03:33:50
c6hbukn,GGtesla,"the tomato sauce they use at dominos tastes like ass , if im forced to eat something from there its the chips or possibly a bbq pizza , not sure how the tomato sauce got screwed up ,",Politics & traffic,-0.8467,2012-10-04 02:09:40
dieffya,What_Is_X,"No, I've seen and smelled people smoking weed in broad daylight in Amsterdam (including next to police officers, hilariously). No one cares as long as you're not rude about it.",Work hours & uni,-0.296,2017-06-03 09:11:27
e3n5s30,tooch1,Just like one of those VICE articles where they say it’s “problematic” if you don’t want to fuck transsexuals,Jobs & money,-0.1779,2018-08-05 12:14:01
e2d63cc,Kore07,"According to my bill about 19khw/day and 1.2k khw/cycle.
I think we *may* be getting screwed over by connection charges cuz our apartment has the one provider and we don’t have an option of changing - apparently this whole apartment connection/provision gives us all overall cheaper rates 🤔 but as I said, unfortunately we don’t have an option to change providers.",Opinions & public issues,-0.6956,2018-07-14 07:04:19
clcsadv,Pacific9,Any chance that they will be hit with a suspended sentence?,Work hours & uni,-0.2023,2014-10-18 08:25:31
cbcxiar,Snowwwwy,"Sorry I can't help out anymore than that.

I posted a status on my Facebook, asking if anyone had a spare room - nothing as of yet though.",Jobs & money,-0.3732,2013-07-29 23:47:35
e31a3zn,stonefree251,Tiprat was from Werribee - so he was really committed to his cause to travel so far.,Casual chat & reactions,0.3384,2018-07-25 22:32:24
c5qfw5f,angry_salad,"Hated this ~7years ago.  They demolished the wrong adhoc climbing/bouldering wall that the bikers complained against.  

Happy ending : new better walls were provided which included tidying up quarries park. Nice.",Jobs & money,-0.1531,2012-08-09 08:01:40
cvdp6ud,lord_khadow,"This is really important to say. I agree with you 100%. However, I think the frontline staff deserve the attention first.",Work hours & uni,0.5563,2015-09-25 13:19:48
dt38279,jimothy3175,hahaaa sucked in chav!,Local life & places,-0.5093,2018-01-23 00:28:50
dg52hod,roshkiller,yes to the 1? haven't been to the office yet and the only option online was in packs of 10+,Jobs & money,0.4019,2017-04-11 22:53:50
d0cvnbl,dinosaur_overlord,got about an hour to kill in the CBD near flagstaff gardens. Any tips?,Casual chat & reactions,-0.6908,2016-02-25 03:59:01
e1pm716,danstoncul,"I saw the sunset after work and thought to myself..""I'm sure I will see many sunset posts on r/melbourne later.""",Local life & places,0.3182,2018-07-03 11:07:24
ct4vnje,Larrold,Hello. I'm eating Greek Yoghurt.,Politics & traffic,0.0,2015-07-16 01:51:00
dq4xs0g,wtf_is_mypassword,They have likely all finished up for this calendar year. RMIT's clinic just ended for the year.,Opinions & public issues,0.0,2017-11-21 12:13:16
dee5w5r,Fartingloudly,How is 1928 a different time? You still get fined for selling alcohol to aboriginals in some places in 2017.................for good reason.,Work hours & uni,0.4404,2017-03-02 00:45:53
d095ntj,redtrx,"Watch out for shit beaches. And glass. Glass is bad for bare feet, one of the few reasons we invented shoes in the 50s.",Politics & traffic,-0.7964,2016-02-22 11:05:23
d047nos,FixerM,That's the idea. Build which parts: the website?,Opinions & public issues,0.0,2016-02-18 05:49:29
dqnjtzc,showershitters,In some countries this is actually a law,Work hours & uni,0.0,2017-12-02 12:13:25
dggg7h7,cadsy48,"Long arm of the law, they say.",Work hours & uni,0.0,2017-04-19 05:20:43
duwfonv,ms_stack,"There are different ways of obtaining certs. What about an instructor led program, somewhere near your work. Maybe they can pay half of your tuition. If they are keen on upskilling their employees then you could approach this with them. I've worked at an MSP before and it sucked the life out of me. I will need work for an MSP ever again. but that's me.

There are different fields in IT. It's such a huge field. System admin, network engineers, security specialist, storage admins, web developers, cloud computing, etc I could go on.. and each one of these roles have specialised roles too.",Opinions & public issues,0.6808,2018-02-27 11:23:01
d2pa61d,Paladinoras,"Well according to the Telstra website it does

https://www.telstra.com.au/broadband/nbn/fibre-to-the-building

Have you tried asking the salespeople again?",Politics & traffic,0.2732,2016-05-02 04:19:51
ca2rqpq,kewriosity,"Dw, we practically [invented](http://en.wikipedia.org/wiki/Cultural_cringe) that feeling",Jobs & money,0.128,2013-05-21 02:26:18
cohzgmu,cayal3,"Man the Block is a bunch of flogs building a house.

If a bloke spoke to his wife like Dee speaks to Dazza, the whinge-brigade would be all up in arms about some sort of verbal abuse.",Politics & traffic,-0.7089,2015-02-11 08:53:58
clga4rh,siborg71,Limelight on Blackburn Rd (Doncaster East) is pretty good and fairly reasonable on price.,"Cars, bikes & police",0.7269,2014-10-22 04:07:10
e5lpbbs,DocCannery84,Maybe because dating Muslims do that us like saying Americans do that. You're talking too large a size of population. Next you'll say all Christians fuck little boys.,Trains & trams,-0.25,2018-09-08 08:04:55
d70thlu,grant1wish,With a name like redrum you are already setting yourself up for failure.,Jobs & money,-0.2023,2016-08-29 04:06:38
1nb17t,ticman,"Anyone else without power at the moment?  Up in Olinda I lost power at around 11.30am.  SP Ausnet said restoration time was 2am, then unknown, then 10pm then 2am and now 6am.

Not only did I miss watching the footy but my laptop is on its last legs of power before flickering out.. :(",Local life & places,-0.7003,2013-09-28 10:59:22
e7zbhm7,Stonetheflamincrows,"33 year old woman here. I absolutely care that Harry is here. Just texted a friend “Harry at a primary school, think my ovaries are going to explode”. He’s damn fine, she’s beautiful, they are clearly besotted with each other, what’s not to love?",Local life & places,0.8412,2018-10-18 04:20:09
d0chw02,evilpole,So who is this reddit replacement?? Remember to show your dominance zozo,Jobs & money,0.2869,2016-02-24 22:05:28
chyhlz3,Kozij,Or he could not eat the grub and get a refund.,Jobs & money,0.0,2014-06-03 23:47:15
dc08yha,MechanicalStig,"Limited experience here, but just yesterday I'd returned a faulty mouse within warranty to Centrecom and it was a breeze - just packed the mouse and accessories back into the box with the case number from Logitech and they were happy to accept it back for a replacement, or exchange for another mouse.",Jobs & money,0.7579,2017-01-04 22:36:50
cfymu6j,Emmaleep,"i did a placement in Macleod and i know the cafe you are referring to, found the people very friendly, its like being in the country out there very tranquil.",Jobs & money,0.775,2014-03-10 01:45:50
dopag05,gdeathly,"Yeah I filed a lost item report, no luck yet unfortunately!",Work hours & uni,-0.6454,2017-10-22 00:29:01
ca1zlol,Jabber_wocky,Bundoora/Reservoir. Plenty around the uni campuses up there but they get snapped up very very quickly.,"Cars, bikes & police",0.0,2013-05-19 23:03:59
d096e7g,elshandra,"You know there are options, right?

https://www.consumer.vic.gov.au/housing-and-accommodation/renting/during-a-lease-or-residency/repairs-maintenance-and-changes-to-the-property/non-urgent-repairs",Trains & trams,0.0,2016-02-22 11:53:05
cepv1vs,SharksCantSwim,Galleria on the corner of Bourke &amp; Elizabeth is air conditioned and besides the 12-2pm lunch rush it's basically dead.,Casual chat & reactions,-0.6486,2014-01-15 03:30:15
ct4uz5w,SEXPILUS,"My body is physically incapable of doing this. My SO doesn't understand, hence the Shia-isms being yelled my way.",Work hours & uni,-0.3818,2015-07-16 01:30:23
e2p2n3m,Akira675,"&gt; You could make an argument about whether it's a cultural fit but not about privatising public space.

That's what I did...",Opinions & public issues,0.0,2018-07-19 23:53:53
cjcv2al,hillbillypolenta,The fedora is strong with this one.,Opinions & public issues,0.5106,2014-07-31 09:22:56
dlf8mbb,twerkshop,It's old. People don't need clocks anymore.,Jobs & money,0.0,2017-08-10 12:27:19
d521hbb,Cheese_the_Cheese,"Woohoo! It's resolution day for Cheeseoid.  

- First off the bat is the GP to get a referral to a podiatric surgeon, just in case I need it, also to discuss my options.   
- Physio to work on some other issues, discuss potential rehab and prehab plans and then 30 minutes of reformer pilates. Dem squats under constant tension fucking suck.   
- Sports podiatrist, this one knows what a snatch, clean and a jerk are. She apparently also understands that compromise isn't something I'm good with.  

Fingers crossed I can get this to as close to 100% as possible as soon as possible and get back to normal Cheese.",Work hours & uni,-0.556,2016-07-06 22:34:14
dbplpiy,mr-snrub-,"My parents grew up in Brunswick and I personally don't see what's so great about it.  
Yes, its convenient to be able to walk out of your door and have a dozen eating options at your door step, but it doesn't have anything the CBD doesn't have.  
It's too busy in Brunswick and if you work in the CBD it makes more sense to avoid the morning crush.  
The CBD is honestly great. I lived off St Kilda Rd for a couple of years and I used to love walking from my apartment into the CBD. Plus there's nearly a dozen trams into the city and other suburbs and you're close to Chapel St, Albert Park, South Melbourne, and the beach :)",Casual chat & reactions,0.9695,2016-12-28 09:02:24
cwrpt7t,dashingtomars,TIL. Post a date plan and the women will just line up.,Local life & places,0.0,2015-11-07 11:36:21
cvtcjkd,Shes_the_Cheese,"Yeah dude, e can make it in the break room, there's a big ass oven in there. No deep fryer though.",Politics & traffic,-0.5423,2015-10-09 03:49:03
ch9xukj,felixsapiens,"I know this is r/melbourne, so I'm going to be unable to change the tide of opinion, but I just wanted to quote myself from the parma/parmy thread the other day; purely for your edification, and in the vain hope that it sways some of you fine folk of Melbourne towards the more legitimate pronunciation.

&gt;Technically the Italian pronunciation is ""parr-mi-*jah*-nah"". (""mi"" of course to rhyme with the Knights who say ""ni"")

&gt;So the vowel in question is in fact an ""i"" vowel.

&gt;""Par-mah-jah-nah"" is just lazy pronunciation, or bad Italian.

&gt;So ""parmi/parmy"" is definitely short for ""parmigiana"" where as ""parma"" is something else: it's a little bit like the Italian word ""parmigiana"" has been twisted to try and rhyme with ""torana."" So very Aussie....

&gt;""Parma"" is a region in Italy (capital: Parma) where they make great prosciutto. So ""parma"" is I feel a bit confusing to use to refer to a dish.

&gt;""Parmigiana"" of course refers really to the cheese: technically it refers to  ""parmigiano-reggiano"" (parmesan) - ""parmigiana"" literally means ""cooked with parmesan cheese"" - but most parmi's these days don't really use much parmesan, preferring a less strong cheese.

&gt;So, for the sake of authenticity, and best reflecting the Italian heritage of the chicken parmigiana, I think ""parmi / parmy"" should be the correct pronunciation, also so as not to confuse people who might be going on holiday to Parma.",Trains & trams,0.9656,2014-05-05 09:46:05
e8mrhrx,continental-drift,"&gt; Also hidden surcharges for using cards?

I didn't think that was legal anymore?",Trains & trams,0.2168,2018-10-28 23:27:57
cqucnhy,super-inappropriate,"I agree. I believe that people have the right to protest and free speech.

I don't think those rights should extend to willingly inconveniencing tens of thousands of commuters.

If anything, the protesters are not likely to get favour/support from the commuters they delay/inconvenience.

What happens if an ambulance or fire truck needs to get through? What happens if people die because the intersection is blocked? I know it might sound extreme, but it is a possibility.

Next up, will we have people laying across the Swanston St bike lanes to protest adoption rights for the LGBT - or something else with no connection to bike travel?",Work hours & uni,-0.8042,2015-04-30 22:12:57
cpgczgb,trianglelightening,Wow that's so awesome :-)!!!,Politics & traffic,0.877,2015-03-16 06:38:27
cggd8gf,blahblahbush,"I had a Citibank card a few years ago, and used it to buy a camera and an ipod before I went overseas.  

My bag got stolen and they replaced both.  They didn't even quibble.",Jobs & money,-0.4939,2014-03-31 12:03:54
dfc15y0,lemondrop__,"Do you have a slow cooker? My friend Marge bought a slow cooker so all I heard for months was 'Fran, you've *got* to get a slow cooker.' And you know what? I got one! The end product doesn't look as pretty your kale and lettuce breadless sandwich, but trust me, it's delicious.",Politics & traffic,0.9088,2017-03-24 01:46:32
cucofl4,mrenage,Big fan of Waze.. Great for avoiding shitty traffic too..,Politics & traffic,0.1027,2015-08-23 09:35:52
1fpohi,UnholyDemigod,"Woman wants to do something on the weekend, trying to thing of shit to do in Melbourne (we're in Lara). We've already done the zoo, the museum, aquarium, scienceworks, Queen Vic market, old Melbourne jail, been to Dracula's, been to a burlesque show (ain't taking her there again, that's for *damn* sure), aint for enough cash to piss away at Crown and she don't like footy. Any ideas?",Local life & places,-0.8321,2013-06-05 10:12:07
cvtisdi,atregent,That's gotta hurt. What's the topic?,Jobs & money,-0.5267,2015-10-09 09:15:09
cdszfw6,saycheeseanddie,Darn! It's only seasonal here for Halloween :(,Politics & traffic,-0.4926,2013-12-04 01:42:24
c3mqlsc,qwibber,Some one posted [this](http://i.imgur.com/AB8bY.png) about a month ago.,Local life & places,0.0,2012-02-01 06:26:39
dvc5sl6,NovotelSouthWharf,Will try and do an alien 👽 soon...  or a pac man would be cool?,"Cars, bikes & police",0.3182,2018-03-07 19:54:04
dji7eva,EvolvingMeme,"Okay. However, this won't stop me to speak up against anti-social behaviour that bothers me.",Trains & trams,0.2472,2017-06-28 11:11:29
dbfydat,Largebrickwall,that doesn't change,Work hours & uni,0.0,2016-12-20 23:08:05
ck0eal8,continental-drift,"Nah I was up at about 1:30 for a while. Then I woke up at 4:30 and 5:15, and then one last time at 6:10 before my alarm at 6:15.",Local life & places,-0.4215,2014-08-25 23:05:20
c2hpuly,d_kism,Cruise around some building sites in the outer suburbs and see if any of them need a labourer. It's shit work but you'll be outside most of the time and see how the building industry works.,Opinions & public issues,-0.3182,2011-09-05 23:26:17
dbg6dld,DontMentionWombats,"We're having lunch tomorrow, I do have to prepare.",Local life & places,0.0,2016-12-21 02:13:59
dtkaiuq,FuriousKnave,Toeys hate this shit.,Politics & traffic,-0.8381,2018-02-01 08:17:32
cejx95d,abearwithabowtie,"Thankyou for that!
Only issue is that, most of the time labs like those will have sports scientists and no engineers... Am calling them today :)",Work hours & uni,0.5562,2014-01-07 22:37:33
dirvkap,Moondanther,"Only a very desperate developer is going to offer that sort of money, maybe in the OP's article where they had 29 of the 30 properties but in the dealings I have had with developer/investors, below market value is the standard. 

They want to make a profit and the more they pay for the initial properties and the construction work, the less profit they make.",Opinions & public issues,0.84,2017-06-11 23:50:48
c59o9fr,sumdog,I meant in the US..the international date line is in the Pacific,Opinions & public issues,0.0,2012-07-05 10:33:34
dkxbdmw,Dr_Cannibalism,"I, uh, I don't understand what the big deal is here. Is there some kind of local legend I'm missing or something?",Work hours & uni,-0.296,2017-07-30 14:32:29
cqas14f,rape_culture_shock,"Reservoir is weird, I've ridden through it plenty of times and you can definitely see that South Reservoir is being rebuilt, old houses being knocked down and blocks of land being subdivided into six houses. I mean, it's not too bad of an area either you've got Northlands shopping centre on one side and High st on the other.


Whats really weird about Reservoir is that there isn't even any actual shops there really. But I mean, it's so close to Preston via tram/train/bus so I guess it's not as big a deal.",Casual chat & reactions,0.1226,2015-04-13 13:28:48
13zmxd,frowq,I know its kinda late but I was hoping maybe someone got a spare ticket or knows anyone who does?,"Cars, bikes & police",0.5719,2012-11-29 11:55:59
cuu8lf1,purpleautumnleaf,"Random question for the random thread, there's an ad on the radio and I can't for the life of me remember the name of the company or exact name of the product, and I want to tell my dad about it for his new deck. It's about glass screens, and in the ad they talk about them as an alternative to cafe blinds. They mention that they're in the same price range as cafe blinds, and they don't bang in the wind like cafe blinds can. Anybody know what I'm on about?",Jobs & money,0.4215,2015-09-08 08:04:52
e7z4p3d,Mr-Euffreducci,"How can you hold criminals accountable for their actions and warn the public about the threats they pose when they are inevitably let out when you keep them anonymous?

You must be really confident these folks will be reformed through our legal system if you are this happy to be kept in the dark.

If your not confident, that's pretty despicable that you would want to prevent future victims for being able to distance themselves from these individuals as their identities are prevented from getting out to the public.",Work hours & uni,-0.5556,2018-10-18 02:24:01
drdd9eb,DancinWithWolves,Top drawer? Interesting,Politics & traffic,0.5423,2017-12-17 10:05:16
cap4gq0,tigerburning,Galleons in St Kilda. The scrambled tofu and Japanese mushrooms is just divine. Miss Jacksons in St Kilda also nice but a bit overpriced but ace too.,"Cars, bikes & police",0.4404,2013-06-24 12:43:56
c7a073g,hearpaulroar,"Hmm, I can stretch my budget 50c =). I'd assume they are pretty universal within the metropolitan area.","Cars, bikes & police",0.4939,2012-12-02 13:13:15
chxzeb0,toastyfresh,"There should be! I was in NYC last year when the red wedding episode was coming up - I had read the books and there was no way in hell I was going to watch that episode alone on a smartphone or something..

Found a pub in NYC where they have GOT screenings, GOT themed beers and free jello shots for each major death (they ran out of jello shots that night).  George Martin is known to hang out there occasionally. 

Awesome, awesome night.  You could totally spot the book readers from the watchers though.",Local life & places,-0.3305,2014-06-03 12:21:41
cwon1zk,tamati007,"Longest straight line of road apparently in the world if i remember....250-300km.
 Its a doozy....need matchsticks to keep ur eyes open....",Casual chat & reactions,0.2263,2015-11-04 21:36:27
cvscsq5,rawrtiger,Nah but there was a dinosaur at woolies the other day if that's what you're looking for?,Casual chat & reactions,-0.0516,2015-10-08 11:21:07
d8yx469,universe93,"&gt;  I started one day off with a big bowl of porridge with honey. I followed that with 4 no-doze tablets and ran to catch the tram. 

good lord you were doomed before you even left the house","Cars, bikes & police",-0.3182,2016-10-19 16:33:02
cgl1j0i,energy4anarchy,"Lower the god damn fucking roads or raise the bridges.

Jesus. How many more fucking times does it have to happen",Politics & traffic,-0.4215,2014-04-05 23:34:39
ct4uprx,blkout180,"Lol the guy has clearly been at work all day and is taking his dinner home rather than sitting there eating it on the train, yet you're still complaining? Maybe you should have brought your issues up with him :).",Local life & places,0.5719,2015-07-16 01:22:20
e1mn51d,Supersnazz,"My street in Frankston is older than Big Ben, The Statue of Liberty, or the Eiffel Tower.",Casual chat & reactions,0.5267,2018-07-01 23:40:23
cuxctnn,mrgtjke,"Just make sure it is mathematics you are using, and not card counting",Politics & traffic,0.3182,2015-09-11 00:07:12
d49wyiq,WarTapir,Hello from QLD!  Taking the parents to see the cane toad races in Port Douglas tonight.,"Cars, bikes & police",0.0,2016-06-15 07:37:30
dkzq6pc,thisbitchsays,"Yeah, we'll be going out to eat less now  
Which is going to save us a lot of money, but it's money we were putting into local cafes and restaurants",Opinions & public issues,0.4019,2017-08-01 00:59:12
cxeeffc,potplanty,"&gt;president of Right to Life Australia Margaret Tighe said the laws represented a ""tragic day for the smallest Victorians"".

Sorry Margaret but until they're born, they don't belong to any group of people.",Trains & trams,-0.2846,2015-11-27 04:06:53
czlhw9i,pressbutton,Custody battle I wonder,Jobs & money,-0.3818,2016-02-02 21:47:03
c6covjz,mfoucault,"This is not that easy to do. A few tips, call them partners, not sponsors. Find a company that is relevant to you and suits the demographic. When you have the company, write a tailored cover letter telling them how they will benefit from the partnership. Write what EXACTLY you want (money, product? how much?). This makes it easier on the person reading, as they don't have to be inventive in their offer. You want to find people with similar ideals to you. Push the line that their brand and your design awards link together, etc. Remember, NO ONE will give you free stuff without return. They need to have a return that is equal in value from you compared to what they are giving.",Jobs & money,0.9235,2012-09-24 14:56:33
d63f29q,leespin,An app for occasional cone smokers? :P,Politics & traffic,0.3547,2016-08-04 02:49:23
de0fjk9,andanon,"The Espy is closed indefinitely, but I think OP might enjoy the old bar (in Fitzroy I think?)",Local life & places,0.6486,2017-02-21 06:56:58
e8nln1d,samdiatmh,"I've actually done that this year....

&amp;#x200B;

Got me some of those ""share pack"" dairy milk on Saturday, or whatever it is that is on sale at Colesworths this week  
The packet is pretty much gone, and I need to go and get some more",Local life & places,0.6597,2018-10-29 10:35:28
d72h841,Omegaville,About the same number who downvoted me for saying I'd give him a kicking,Jobs & money,0.0772,2016-08-30 12:02:07
dz4gnzz,cayal3,Constant attention seeking isn't usually well received online.,Trains & trams,-0.2057,2018-05-17 10:48:31
cft30ew,An_Ugly_Pigeon,"I'm not against torrenting material that you'd usually have to pay for myself, but you can't act like you're not in essence committing a small act of theft. Some people don't feel comfortable with doing that. What exactly is wrong with that?",Work hours & uni,-0.8979,2014-03-03 07:39:09
dflgj5f,MorrigansRaven,I will be there if I remember. My phone likes to withhold my appointments from me,Jobs & money,0.4215,2017-03-30 07:24:41
d3xm07z,faithlessdisciple,No probs. I'm 41 but apparently look 30 ish- thanks to that sub and the routine has really helped.,Local life & places,0.5023,2016-06-06 02:56:05
d4duoi2,stfm,It's probably just me but I feel the roads are shinier in the wet compared to other cities in Aus. Makes it harder to see and judge corners/obstacles.,Opinions & public issues,0.0,2016-06-18 02:07:29
7ja35x,Reddituser0346,"I am trying to think of a Christmas present for a mate. They have a dog they are very fond of, so thought I would get something for the dog. Never had a pet myself so was hoping someone could recommend a place in the CBD where I could check out different toys or other gifts suitable for a dog?","Cars, bikes & police",0.8304,2017-12-12 11:13:59
dkzxmyk,thisbitchsays,"Whatever, I take my smoke break in the car cos heater.",Casual chat & reactions,0.0,2017-08-01 03:44:32
ck0hjxb,grahampaige,I had a friend that couldnt apply for her license (for the first time) before she turned 25 for legal reasons,Work hours & uni,0.5719,2014-08-26 01:00:38
d8lpr51,actualbeefcake,"""yeuuurgh"" is the actual sound that came out of my body when i read your comment.",Jobs & money,0.0,2016-10-10 10:53:44
dyxvzhb,Hellman109,"Ive been to Colorado, more Boulder then Denver but...

No mountains here.  yes we have mountains, but seriously nothing on the Rockies.  Like nothing at all.  Your lowest point in CO is probably above our highest point in VIC.

Our freeways aren't as good, as we dont have a mountain base to run them along basically.  When we have roadworks you cant fly past them at full speed like you can in CO, they slow speeds to like 40kmph.

But overall, why do you think you'll like Melbourne? Its a great city over all with pretty crap weather overall.",Casual chat & reactions,0.9292,2018-05-14 02:55:25
7jz0wb,10togo,"My neighbour has just come to me to show me an infringement notice he received in todays post. It's from EPA. The notice says he has thrown a small item from the drivers side window of his car and it goes on to say it was a cigarette but. This all happened on Geelong Road Footscrazy on Nov. 17. 

Has anyone come across this one before. My neighbour thinks it must have been him but he has not admitted to the crime.",Work hours & uni,-0.8044,2017-12-15 11:00:21
e68zv3m,downtherabbithole-,"Yeah, I hope they lose business.",Work hours & uni,0.34,2018-09-19 11:52:05
da14ifd,overtimeking,All staff get basic first aid (1 day course). However staff is under no obligation to provide first aid as long as they organise assistance.,Work hours & uni,-0.296,2016-11-15 11:21:51
d0zy6ut,grahampaige,That's some serious sea level.  Water world here we come,Casual chat & reactions,-0.0772,2016-03-14 23:07:29
e6pdzn0,That1WithTheFace,"Going to visit a breeder tomorrow, to possibly secure a fur baby for BF and me. So excited I can barely contain myself.",Local life & places,0.6722,2018-09-27 00:25:34
dsrbmur,Raul-7,Vn ss' are starting to go stupidly expensive,Politics & traffic,-0.4588,2018-01-16 10:44:17
cutumwt,continental-drift,Huge case of them today as well. Luckily I've got a few hours until my first meeting to psych myself up for it.,Local life & places,0.7717,2015-09-07 22:48:38
dm7be0i,Emr-,Park in barkley square and catch the tram down,Casual chat & reactions,0.0,2017-08-27 19:20:20
cvterxu,Unleashedmemories,"Ugh my mum has the worst spatial awareness. She used to forget where shops were in this Y shaped plaza in town. Plaza had like 30 shops mum geez, you're here all the time.",Politics & traffic,-0.743,2015-10-09 05:15:01
dabz82f,pukesonyourshoes,"Makes sense, thanks.",Work hours & uni,0.4404,2016-11-23 03:39:30
d51dx2c,JustLearningToReddit,"My 7 year old phone was recently bathed in a roadside gutter. Do not have the money to buy an expensive phone (expensive is anything over $30).

Saw [this](http://www.officeworks.com.au/shop/officeworks/p/optus-alcatel-one-touch-pixi-3-prepaid-mobile-phone-op3000641) on officeworks .

The q&amp;a section mentions that this phone will be locked to optus network. How much would it cost to unlock it? I can't find the cost unless I fill out a form. I ideally would like it unlocked for free given the phone costs under $20.

There is one other issue with this phone only available in store. So the taxi fare to the nearest store and back itself would cost me at least $20 after taxi concession.

All I need is a crappy phone that I can use to make and receive calls, log call history, send and receive text messages, alarm clock. I currently use a normal sim and I see this phone in officeworks uses a microsim. I can switch it free of cost at a local store which is fortunately within a reasonable walking distance for me.",Jobs & money,0.7096,2016-07-06 14:22:48
drnmaqs,Kozij,That's why I was hoping to purchase one.,Opinions & public issues,0.4215,2017-12-23 09:52:53
datb9gx,universe93,"i think this is the big one. the majority of people on this sub are young workers in the inner suburbs who use trams heavily, and the system definitely has some issues when it comes to trams. mainly lack of easy ways to top up",Work hours & uni,0.6249,2016-12-05 15:05:57
e8nchk1,Raul-7,Holy fuck that's one handsome pooch,Work hours & uni,-0.0772,2018-10-29 05:18:37
c6gqnlw,OZspankybear,"They don't deliver, but if you like Italian style pizzas try I Carusi in the north end of Lygon st.  Closest thing I've had in Melbourne to the pizza you get in Rome/Naples.

If you like the Aussie-style (thick-crust smothered in cheap ingredients) then Crust are at least half decent and consistent.",Trains & trams,0.631,2012-10-03 00:12:10
d05g2du,no_mistake,"There really is no turning lane. You're turning right from the left-hand lane and your only obligation is to be 

a) as far left as possible without encroaching on pedestrian crossings, and

b) as close as is practicable to the far (kerb) side of the road which you are entering.

If there are two lanes on the road into which the cars are entering, like I think happens along Clarendon St, then the first car enters the far lane and the next the centre lane.",Work hours & uni,0.0056,2016-02-19 03:31:57
dsqhcbg,filthmancer,"Got my first tattoo on the weekend, im treating it like a newborn haha :$",Local life & places,0.6486,2018-01-15 22:36:00
e42gfw8,Offensiveraptor,Ran down to the cop shop earlier today. Someone identified him before me. Now all they gotta do is catch him.,Local life & places,0.0,2018-08-12 17:22:50
ck0e634,covermeingravy,"TIL adult responsibilities do not disappear no matter how hard you ignore them. 

Let's just say the universe has given me a very expensive kick up the bum today. Past!gravy is very embarrassed and present!gravy is not happy with past!gravy. That'll learn me.",Jobs & money,-0.8337,2014-08-25 23:00:48
cubr3u0,dojoca,I stand corrected... lol.,Politics & traffic,0.4215,2015-08-22 13:11:31
cnxwwn0,brakeson,"This is amazing.
I spent a good 30 min looking at these.
quality post OP","Cars, bikes & police",0.7717,2015-01-23 02:51:14
dvxooua,draymondsdickkickers,For 5k you can return flights to the US and buy front row tockets to a cavaliers home game. Sure you'll only see 1-2 stars but you'll get to see lebron and then enjoy your time in the states,Local life & places,0.714,2018-03-19 11:40:39
cogjhpx,sgtreznor,they're too busy taking business trips,Opinions & public issues,0.0,2015-02-10 00:39:01
cofvnxi,jpdyno,"I moved into a brand new building in 2011, we were the first tenants in the apartment... What always astounded me was the room with the garbage shoot (shared area obviously, beside the elevators). Whenever it rained you could watch the water run down the concrete wall. Not just trails, The whole wall would be wet and it would puddle on the floor. The water would also run along the electrically heated hot water pipes running along the ceiling. 

I guess it shouldn't have surprised me that the fire/evacuation alarm would also go off, every time it rained. None of that was repaired in the 3 years I lived there.",Casual chat & reactions,-0.0685,2015-02-09 11:06:28
dv3uxxe,FloralDress,[rugs Rugs RUGS!!!](https://m.youtube.com/watch?v=jayAGGoU2Oc),Local life & places,0.0,2018-03-03 04:01:26
dtqpypm,ghosts_of_me,How do you figure that? The old heavy steel barriers would do that. A car would go through the new cable fences.,Politics & traffic,0.0,2018-02-04 23:25:12
cz3q45l,parawolf,See update in original post,Jobs & money,0.3182,2016-01-19 07:45:34
c78ifei,soth09,"I couldn't agree more.

For the uninitiated : http://www.youtube.com/watch?v=1L3eeC2lJZs",Trains & trams,-0.2755,2012-11-29 09:38:43
cq9gpjc,MelbMockOrange,"Back in town safe and sound.  I'm never ever repeating that holiday, too much stress.",Local life & places,0.4215,2015-04-12 03:21:48
dfwb155,Themirkat,The do good vegetarian?,Politics & traffic,0.4404,2017-04-06 04:46:55
e3vc2nf,DemiZenith,"USAR are the guys who rescue people who are trapped due to some kind of accident or structural collapse. MFB look after that here. 


Not sure how accurate these location markers are, but I don't think there are any buildings in Fitzroy Gardens around there so maybe someone got trapped under a fallen tree or a stand that collapsed? Can't remember what the weather was a week ago, but we've had some fairly windy days.",Jobs & money,-0.9221,2018-08-09 04:49:46
ct9gw8v,Flyerone,"I'm really after info about a practice in Melbourne on what I have heard is a system where the Ambo's basically dump and run. They arrive at Emergency, leave the patient on the stretcher (in the care of ???), grab an empty stretcher, specifically left at the E.D. for them to take and can then be available to respond again.

So this, and how this does or doesn't affect the dual response with MFB to 1A class emergency calls.

Do the ED's in Qld get trolley [blocked up like the ones in NSW](https://www.youtube.com/watch?v=PfPs0MujxFw)?",Work hours & uni,-0.7319,2015-07-20 07:01:38
cem07oo,casualsocks,Australian Open is televised live on Channel 7 all day every day during the Open.,Local life & places,0.0,2014-01-10 07:59:19
dt3vdui,faithlessdisciple,Maybe they are realising how little average Melbourne people pay respect to their hate?,Politics & traffic,-0.25,2018-01-23 09:52:02
c2593z3,Ores,"Definitely.
I'm just bitter as I've been working for VC funded companies in melb for the past 4 years and the experience has been underwhelming.",Opinions & public issues,-0.0258,2011-07-13 00:02:55
dpcldyv,Skeeball_Fanatic,I am a murderer. Let's meet.,Trains & trams,-0.6808,2017-11-04 20:56:02
e4ynyor,sergybrin,"No surprises here. The first serious inquiry into the conduct of Vic Police was held as a result of the Ned Kelly arrest. It was a Royal Commission and excoriated Vic Police and its Officers from the Chief Commissioner down

Nothing much has changed over the decades",Work hours & uni,-0.5213,2018-08-28 07:04:09
cpfwx1j,ruinawish,... or perhaps Mr Harris really does speak like that.,Work hours & uni,0.4144,2015-03-15 21:11:39
dmx84u7,antaresiac,"Yep. Ever notice how some dudes keep reappearing in your stack, even if you've swiped left? Means they've swiped right on you and the app is giving them a second (or third!) chance haha",Work hours & uni,0.8356,2017-09-12 22:10:51
e1davc5,Gwuc,I personally enjoy the sence of Paris culture we are starting to see in the city.,"Cars, bikes & police",0.4939,2018-06-27 09:10:23
cxxw5i7,findingnewo,Looked better back then :P,Trains & trams,0.6841,2015-12-13 21:24:38
c7k3itj,toomuchcode,"Melbourne Uni is more research oriented; If being a grad student/researcher isn't on your radar you are better served at another university, particularly with Engineering and IT.

(Unless you are doing commerce).

That said, it is definitely a good place to go to uni.","Cars, bikes & police",0.8176,2012-12-21 13:49:41
c4d39m7,batouchu,"I still remember that day driving to Geelong when it was raining so hard I had close to zero visibility front and back. There was still someone to tailgate me at 100kph AND speed even further to pass me, cutting off a semi trailer doing so.

It's like drivers drive like they do not want to get out of it alive.",Work hours & uni,0.6139,2012-04-17 00:00:54
d5a1o25,cameronm,"Weird. Both iPhone and iPad should support the same A2DP Bluetooth profiles. I think they each need to encode the audio as MPEG-4 AAC (VBR), perhaps the iPad is doing a better job of that?

Perhaps the Tidal app has a bluetooth routing bug and it's using HFP?

*Maybe* I'm just making up words though",Jobs & money,0.644,2016-07-13 01:53:53
diilatp,Spacesider,"Good luck, the car park is packed full by 7:30am.","Cars, bikes & police",0.7096,2017-06-06 03:07:54
du6567s,Cannon_Art,"You tried to top up your Myki, knowing full well that the balance was low or negative. You then presumably walked right past a touch-on point knowing full well that if you touched on, it wouldn't have worked. You then stepped onto a train knowing full well that you hadn't paid your fare and hoped that you would not be caught. Not sure there's much you can do here bud.",Jobs & money,0.2354,2018-02-13 07:10:47
d51e8tp,cameronm,"Wife and I just went for a midnight pokewalk. Was weird. Also, there's a photo of our house in that game. We live in a poke-spot thing. Like actually in one. (I don't get the game at all, just clicked a thing and it house was on a spinny coin thing)",Politics & traffic,0.2023,2016-07-06 14:30:39
dqsrru7,TheyreMineralsMarie1,"I have a 2012 Kia Cerato sedan, never had a single issue with it. Comfortable to drive, feels solid. New ones come with a 7 year warranty. I would look at buying another Kia in the future after my experience with this one (hopefully not any time soon, but the Stinger looks fucking amazing although I ain’t got that kind of money). 

Also hear quite a bit of praise for the Mazda 3, if you can put up with the iStop. We have a 2014 Mazda 6 Atenza with it and it was my only hesitation about the car. It’s annoying and we turn it off every time. I work with a girl who used to work in Mazda’s service department and she reckons the 3s are a great little car with very few issues. 

My last car was a 2005 Focus Ghia sedan, obviously they’re a bit more updated now and hopefully they have fixed the transmission issues they were having. But mine had a persistent clunky transmission, and one of the engine mounts broke and caused some damage ($800 repair). The car had done around 50,000kms when that happened.",Work hours & uni,0.7677,2017-12-05 13:33:16
dz8aqzy,cpguy5089,"ITT people are retards. Rain affects grip on the road, how far ahead you can see, and if you feel the cold like me also your mood.

If absolutely everyone is going that speed, you go that speed. If everyone is still driving at the limit, you do that too. Driving slowly in fast traffic and vice versa is unsafe.",Work hours & uni,0.3612,2018-05-19 09:33:30
dkvpkti,blahblahbush,The flyer *is* the puzzle.,Opinions & public issues,0.0,2017-07-29 09:38:12
chwqt9a,mindsnare,That's not the side the punters will be on. It'll pretty much just be another longer Riverland.,"Cars, bikes & police",0.4939,2014-06-02 00:00:32
cpfz2iy,pressbutton,"Yeah that's it. Numb two of the sense so the other ones are enhanced! GENIUS! While we're at it, let's put a peg on that nose and some toothpaste in that mouth!",Politics & traffic,-0.2677,2015-03-15 22:15:53
dc41w32,ruinawish,"I need an airconditioned safe space :(

edit: [fuuuuuuu](http://i.imgur.com/JnEXQmZ.jpg)",Casual chat & reactions,0.0,2017-01-07 08:14:25
cvsisnq,redtrx,*Climbing up the waaalls*,Trains & trams,0.0,2015-10-08 14:55:06
ds2noso,Quesnay_J,"&gt;Why not?

Because of potential adverse impacts for existing citizens. 

&gt;It's not your fucking continent anyways, settler

Yes it is. I'm a citizen of the commonwealth.",Work hours & uni,0.0516,2018-01-02 09:19:56
cnxl9wq,Hooch1981,"It's still going to be high up the page in a few hours.

(but still, no, it doesn't need a tag)",Casual chat & reactions,0.0,2015-01-22 21:20:08
d52advw,landsharkkidd,"Did they? I think they might've finalised it? But it is a good push since the ones born in 2000 are turning 16 this year it'll stop that mentality hopefully, I'm pretty interested to see how it pans out. 

Though I'm always interested in how anti-smoking laws turn out, I know I didn't pick up on smoking because of how much it costs as well as the smell afterwards. Besides my mum always scared me into not smoking while smoking so, /shrugs.",Politics & traffic,0.9447,2016-07-07 02:17:37
chgmzcv,ruinawish,Anyone know a good source of cheap quinoa purchaseable in bulk?,"Cars, bikes & police",0.4404,2014-05-13 05:44:23
dkgbix3,indehhz,"Yeah I'm hoping to find a dry place after work to practice my tic tac some more after watching the video. I feel as if I can at least get the motion or a slow roll going today.

Is a manual the progression before an Ollie? While rolling or just still balancing. 

But yeah I've watched some of braille and definitely finding a crack to practice my Ollie's. But not before I get some wrist guards and maybe elbow pads. And gonna get a helmet from twelve boards on my day off :)",Work hours & uni,0.9161,2017-07-19 23:53:49
d21wxne,rauland,I now understand why reddit is such in huge favour for it.,Work hours & uni,0.6369,2016-04-14 00:15:47
d52jblm,zozozozozoz,"Oh sorry dear. My mind, you know. Not as good as it once was.",Jobs & money,-0.0274,2016-07-07 07:03:12
dqrz10t,zfa,"Yeah, /u/Walter_Ego has mad Alexa skills.",Politics & traffic,-0.25,2017-12-05 00:37:31
cthd401,glongko,Forgot my myki and concession card on the train D: myki pass still has 5 days left but the main concern is my face on my concession card...,Jobs & money,0.2421,2015-07-27 03:04:23
ddraee3,fekkinell,"I'm pretty sure it's given to them as an option. Strict payment plan for a bajillion years, or a couple of weeks holiday in the slammer and come out debt free.",Local life & places,0.8402,2017-02-15 01:42:28
e4y3y4o,rhyleyrey,That's nice. Maybe try it more often?,"Cars, bikes & police",0.4215,2018-08-28 00:05:37
dyr0pij,Alpheon,"Even still, thank you for the well wishes",Politics & traffic,0.6369,2018-05-10 12:04:37
cs826n2,jack_o_all_trades,Paint the scratches on? Use a fine craft brush or pen.,Jobs & money,0.2023,2015-06-16 04:49:34
du9knpk,SharksCantSwim,"A majority of places don't accept credit cards or paypal for cryptocurrency due to chargebacks. Generally it's a BPAY or bank transfer where you can't do a chargeback anyway. I think it's more to do with large transaction and the possibility of money laundering. Either way, loads of other banks are fine with cryptocurrency purchase/selling.",Opinions & public issues,-0.3753,2018-02-15 01:47:24
e2p318r,wilful,"Have you actually been to Fed Square? Have you heard about the NGV, ACMI?",Opinions & public issues,0.0,2018-07-20 00:00:40
e8msd03,Maphover,"Do you have the cities and knights expansion for Catan? It makes it a lot more interesting/challenging.

The games you mention are a lot more fun with more than 2 people - - you can't play codenames with 2 people ;). I really like [Viticulture](https://boardgamegeek.com/boardgame/128621/viticulture) - but it's quite polarising. 

[Splendor](https://boardgamegeek.com/boardgame/148228/splendor) is a card game that is fun and easy to pick up for non core gamers.",Local life & places,0.8995,2018-10-28 23:40:20
cbh152g,TheSciences,"Fair enough. I think there are plenty of people who think property ownership is a ticket to rapidly appreciating assets, so just wanted to sound a note of caution. Best of luck with everything.",Opinions & public issues,0.9201,2013-08-05 01:09:38
e0am7np,NoodleBox,Massdrop's ones but I can't remember the name.,Politics & traffic,0.0,2018-06-07 22:26:49
d49i215,ohyeah_cool,"Who do you/have you used for overseas travel insurance?



Vegan souva from the Cornish Arms was good. Gave me severe indigestion. But was good.",Politics & traffic,0.6124,2016-06-14 23:44:34
dasxcoa,highbury_fields,"There are lots of things you can do to make it safer: do a defensive riding course, ride conservatively and wear FULL protective gear (I feel like screaming nt at every woman I see riding a scooter in heels and a skirt, or anyone on a motorbike in an open faced helmet, just a t shirt etc).

You can't eliminate the risk, obviously, but you can minimise it.     Riding is fun :)",Work hours & uni,0.8947,2016-12-05 05:37:37
723snm,amicrazyforgeelong,"My partner and I have been looking for houses in Melbourne for two years. We started out wanting a house in the inner north, but that's impossible. Then we accepted that we couldn't get a house within an hour commute and decided that we needed an apartment. We spent months looking at units in Richmond but it's impossible to find a decent unit. 

My brother came back to Melbourne from overseas and he bought a house in Geelong after 3 months. It's really nice period house with a yard and a big garage within walking distance of a train station. I thought he was crazy but now that I see it, it's well within our budget, and it's nicer than anyplace I have been to in a year. 

Should we just buy in Geelong? Is anyone else thinking about Geelong? What are the downsides?",Casual chat & reactions,0.894,2017-09-24 07:32:03
d18w9c0,-TheRedFerret-,Done ... Getting coloured atm.... Rough edit complete.... Looking amazing!!!,Opinions & public issues,0.6884,2016-03-22 07:42:10
e2q2bex,tweettranscriberbot,"^The linked tweet was tweeted by [@CaolanRob](https://twitter.com/CaolanRob) on Jul 20, 2018 11:07:16 UTC (1290 Retweets | 3120 Favorites)

-------------------------------------------------

Antifa ran and tried to dive on top of Lauren during her speech. Security stopped it at the last second. Shocking scenes 

[Attached video](https://video.twimg.com/ext_tw_video/1020263227337236481/pu/vid/1280x720/9EfxvLLlvljVsGD6.mp4?tag=3)

-------------------------------------------------

^^• Beep boop I'm a bot • Find out more about me at /r/tweettranscriberbot/ •",Jobs & money,0.34,2018-07-20 13:44:32
cv6s62l,thevizionary,"Are you already extremely knowledgeable about the industry or companies you could apply to? That could be an option for liaising with stakeholders. If not, it's hard to think of a good reason for employing someone 1 day a week to have oversight over their staff or projects. Maybe look at cheap certificates which offer training for those kind of skills?? Sure it will cost you money instead of earn you money, and possibly no true experience, but it will up-skill you",Opinions & public issues,0.3863,2015-09-19 09:13:36
dgleddw,insanopointless,"Thanks for the heads up, I noticed a lot of picking tours down Mornington Way. Will always be careful, I've seen the effects of non-lethal mushroom poisoning and it's not nice!",Trains & trams,-0.4449,2017-04-22 06:00:25
cqwru4k,PStyleZ,"Yes, that is literally why they would put the surcharge on.  That's how their business model works. 

It's a really shithouse job to run a KFC (or McDonalds) at 3am when drunk dickheads think they are being funny.",Work hours & uni,0.4939,2015-05-03 07:29:48
e6d8dzz,ooo_shiny,"Just playing devil's advocate here, if I was describing when I was assaulted on the train and had to describe the person who assaulted me the first thing I would mention is the trait of the person that stands out most, namely that they were a person of colour. Now I couldn't tell you exactly what country they are from just a general region, that isn't racist just as close a description as I can give (in my case the person was most likely south american).",Trains & trams,-0.4176,2018-09-21 07:30:59
ck0tnra,OboesBleat,"Every damn night there's something preventing me from sleeping. When I have enough money, I will be investing in a sound proof bedroom. Don't give a shit if I can't hear the fire alarm, a good sleep is a good sleep.",Local life & places,0.6767,2014-08-26 12:23:05
cfxrrh2,Bjwebb1991,I hear ya! I'm only with Telstra because I travel a lot and need the coverage! I'm sick of paying $130 per month for unlimited calls and only 3GB. Bastards.,Opinions & public issues,-0.8353,2014-03-08 22:26:52
dh0r8z2,rdmarshman,"Why was it handed down outside of a sitting week of parliament? 

Why is the first opportunity that the opposition have to reply to it on the same day as the federal budget?",Local life & places,0.4871,2017-05-02 06:47:29
d836szu,Cold_erin,"Clean your nails.  Clip them and them file any ragged edges.

Get a haircut two days before.  Make sure your hair is brushed (and has some product in it/is tied back, if it's longer.)

Shave, or clip your beard on the morning of the interview.

Polish your shoes.

Floss your teeth.

Smile.  You will be fake smiling a lot if you get the job.",Jobs & money,0.7506,2016-09-26 21:14:40
dt9kfvs,Slayer_Tip,"I don't think the job is for you if you think that ""being fucking massive"" is the only pre-requisite. Just because you're big doesn't mean you're worth hiring. Get a brain first, then re-think it.",Trains & trams,-0.1695,2018-01-26 09:57:03
dsy46m2,GeeSpee,"No one actually likes r/melbournecrime. I prefer my crime posts to be in r/melbourne. Reality is that there is crime here in Melbourne, therefore whether we like or dislike it, crime belongs in r/melbourne.",Work hours & uni,-0.875,2018-01-20 00:40:22
deoqtq0,youtubefactsbot,"&gt;[**Bob the Builder - Mambo No. 5 [3:26]**](http://youtu.be/j6hNzbLbchY)

&gt; [*^SongBillong*](https://www.youtube.com/channel/UCgfXQkdgJLI9nHicTA1a-Tw) ^in ^Music

&gt;*^225,099 ^views ^since ^Jul ^2010*

[^bot ^info](/r/youtubefactsbot/wiki/index)",Opinions & public issues,0.0,2017-03-09 00:16:58
cknholh,NoodleBox,#drugshype ^(panadol),Local life & places,0.0,2014-09-20 09:09:19
cv32hc8,Heater79,"Massively takes the fun out of it. They may as well write an article about how brave the window washers are that slide down buildings on a harness... same same! 

He's definitely no [Philippe Petit](https://en.wikipedia.org/wiki/Philippe_Petit)",Work hours & uni,0.8622,2015-09-16 02:00:47
dlu7xo2,Skeeball_Fanatic,"It's not controversial. It's legal, and you can do whatever you want with your money and your body. 

Report back with your findings.",Work hours & uni,0.1336,2017-08-19 11:52:03
d103nrh,swertsta,daily dog pic from yesterday at the you yangs http://imgur.com/DO0dYZ5.,Jobs & money,0.0,2016-03-15 01:29:07
cb6wdmm,nom--de--plume,There's a recent post in the [Facebook Meetup group](https://www.facebook.com/groups/melbournereddit/) about a ticket up for grabs.,Jobs & money,0.0,2013-07-21 00:04:56
2o5b6e,jayhow90,"Has anyone here been to their day program treatments? I've been referred to a couple (ADHD, DBT) and would like to hear your experiences.",Local life & places,0.3612,2014-12-03 11:53:11
cm0y4cd,HBOXNW,That's funny because I will be voting greens and putting the Libs last except for any parties that don't even bother to hide their fascist nature.,Trains & trams,0.3261,2014-11-13 01:20:24
d119gks,Soan,Perfect. I'll mark my lunch hour as booked. :),Local life & places,0.7717,2016-03-15 23:23:28
cf51j55,cataraqui,"That bridge was singled out for [need for repairs in 2011](http://www.theage.com.au/victoria/tram-limit-warning-on-yarra-bridge-20110727-1i0ec.html), which began not too long after that news report.",Work hours & uni,0.0,2014-02-02 10:44:48
cqr5u14,RabidLeroy,(Now I'm contemplating to see if any West Melbs are willing to follow suit...),"Cars, bikes & police",0.0,2015-04-28 05:19:22
ctbt11x,megablast,Do you really need all that stuff? It is so much easier to get rid of it all.,"Cars, bikes & police",0.4728,2015-07-22 05:15:11
dvx81u9,trash-boy-extreme,"I might be confused because the diagram doesn't make sense on my phone.

OP saying people are going to turn right but drift into the left lane first yeah?

In which case I'm saying people counter steer unknowingly and unnecessarily. It's an unconscious thing.",Work hours & uni,0.2846,2018-03-19 02:39:06
d5brlou,JustLearningToReddit,"Ahhhh. Sorry for stupid questions. 

I have never been to the movies in Melbourne. Well, in my entire life time, I have only been once to the movies elsewhere to watch something that was in a language I could not even comprehend. I was 12. And another one which was not really a theater--may be a dilapidated one--to which I was taken by my cheapskate school when I was 8. We watched The Jungle Book in English.

How crip friendly are the cinemas in Melbourne? Do the movies run without a break or do you get loo breaks? I am assuming at least the cinemas showing kids movies have some provision. Nevertheless, I think I still may not be able to go because I can never really stay awake for the duration of a movie, especially if I have to taxi to the place before that. But one day, ya know, one day, I will....",Local life & places,0.168,2016-07-14 10:04:42
d6fh7q0,TheSilentPaladin,Great news. First thing I've heard from Dan that actually makes me think he has some sort of idea.,Politics & traffic,0.6249,2016-08-13 03:10:05
c80sfs4,americankiwiinoz,"South Bank.  Accor.  (They call it QUAY WEST, lol.)

Did I do that right?

The offer still stands.  Looking for a dinner partner.  Timmydunlop bailed on me, my confidence is shot (I'm a boy).",Politics & traffic,0.7269,2013-01-21 11:06:02
ctbwx9a,gccmelb,"Your train doesn't stop at Tottenham, middle and west Footscray and a couple others. This express service is subsidised by the rest of us.",Casual chat & reactions,0.2235,2015-07-22 08:40:59
cetrx0r,puppyfightclub,"By the way, your screenshot shows distances of well over 5900km to each station.",Casual chat & reactions,0.2732,2014-01-20 00:09:34
dredmil,enpaix,Currently living in SEAsia and my kitchen doesn’t have drawers. It’s damn near killing me,Politics & traffic,-0.7964,2017-12-18 00:14:06
e6pbl07,whackadoodle_cracked,"Aww what a sweetheart!

I'll make sure I send you a bunch of HWs snaps tonight for you to enjoy while you drink your scotch ;)",Politics & traffic,0.8999,2018-09-26 23:45:01
d96wl8v,bionicbuns,"I suspect its actually the same company...
this bloke works there supposedly as a Sales and Marketing Manager
https://www.linkedin.com/in/felix-herber-44805a69

under Awards &amp; recognition for this company it lists:

New Marketing Company of the Year
Appco
March 2012",Opinions & public issues,0.2023,2016-10-25 12:05:34
d49ic40,sahrey,haha A+ atregent.,Politics & traffic,0.4588,2016-06-14 23:51:48
c1u0zyq,risingkirin,"whoa, thank you so much. Just signed up with them. Hope I land a position soon.",Opinions & public issues,0.6597,2011-05-14 14:11:35
ch2fuku,mtmdog,"I hope taxies feel threatened and do something to change for the better. Lol jokes, they'll just complain and threaten legal action so that they can continue to provide shit service at large cost.",Work hours & uni,-0.1531,2014-04-26 07:42:27
cn17fwa,Varity_Splegde,"it depends on whether you've got full comprehensive insurance, or 3rd party property damage insurance. if you've got full comp, your girlfriend's insurer will take your claim, and can fix the car immediately, but the basic excess will apply until such a time as the offending 3rd party's details are obtained. Whether or not the insurer is ever able to recover from the 3rd party is irrelevant, your contract with them states that excess will be waived in the case that you are not at fault and the liable party's name and address is known (this is standard across all insurance policies in Australia, regardless of provider). The insurer will pursue the 3rd party on your behalf, as they will want to recover their costs. If you've only got 3rd party insurance, your options are limited. You will need to lodge a police report. Once the police report is completed, you can apply for a copy of it via Freedom of Information Act. In some cases, the 3rd Party details will have been redacted, and there will be nothing more you can do. If you do have their name/address, have a solicitor write them a letter of demand. If they don't respond, you keep sending letters, escalating the threat of legal action until they do. If they do respond, and they're insured, they then make a claim and their insurer pays for your repairs. If they're not insured, your own 3rd party insurance policy will have a clause under which damage caused by an uninsured driver is covered.
Whatever you decide to do, get a quote done now, with photos. If the process of repair and recovery is drawn out, you want to eliminate the possibility that you can be accused of the damage having worsened by being left unattended for too long.",Work hours & uni,0.1121,2014-12-21 10:01:42
cnxlota,mini2476,"&gt; My local park

I'm guessing either northern or western suburbs?",Casual chat & reactions,0.0,2015-01-22 21:30:58
dfc5u2s,coorucooru,"Ryan adams tightrope.. 
Or do you want a bubbly one?","Cars, bikes & police",0.0772,2017-03-24 03:31:31
cln1tdo,m00nh34d,It really does feel like the public exposure of a plot of that show Utopia... Various departments and other government red tape just getting in the way of what should be a pretty simple thing.,Opinions & public issues,0.7152,2014-10-29 10:03:57
dkndhp2,frggr,Think OP is recommending 1570,Trains & trams,0.0,2017-07-24 14:15:55
cuzp213,Dogboxlover,"Easey's in Collingwood, on Easey street, it's really cool and has old disused trains on the roof of the building, and you can eat inside them, MAGIC TRANSPORT TO THE EIGHTIES - NINETIES",Politics & traffic,0.3804,2015-09-13 03:43:36
d4unth3,khalegend87,"Not at all, just the tax free threshold, and the hecs repayment as well",Opinions & public issues,0.6597,2016-06-30 23:23:42
csx85hu,dvnear,"&gt;There wasn't another development in the case until October, when Mr Grundy received an email from a photographer who had uncovered some concerning metadata.

&gt;A man who had been working with Wilson noticed that his raw image files were coded with Mr Grundy’s name.

&gt;My name was all over the copyright metadata on Bryce’s work and he hadn't even thought to take it off.' 

&gt;The man, who wished to remain anonymous, asked Wilson how he obtained the camera equipment, Wilson allegedly joked that it was 'stolen'.

&gt;'This was obviously a red flag for him and that's when he emailed me to tell me about the metadata.'",Jobs & money,-0.2263,2015-07-09 08:53:56
d6vlgsn,freeriderau,You might have to make it clearer for me to rebut it out of the park.,Jobs & money,0.0,2016-08-25 02:56:01
cph5m45,rdmarshman,Don't confuse the state Libs with Abbott &amp; co.,Trains & trams,0.1695,2015-03-17 00:25:40
cgxa30w,rufflewassle,Which one did you go for and how was it? Planning a trip with the hopefully soon to be fiance in a month myself ;),Local life & places,0.5574,2014-04-20 13:51:34
d0cl18n,atregent,"Good work mate!

I'd love to do 2x my bodyweight, but I think 180 is a little way off for me.

We did our 1RM testing on monday night. 70 squat, 57.5 bench, 105 deadlift.  Not huge numbers, but not bad for 3 weeks at the gym I suppose",Local life & places,0.733,2016-02-24 23:20:00
d8zmj9h,im_buhwheat,"&gt; 2000h at night,

As compared to 2000h in the morning?",Local life & places,0.0,2016-10-20 01:06:39
cvz74mq,torrens86,Rent a bomb is in Richmond and looking at the website the excess is $1000 or $500 if you pay more.,Opinions & public issues,-0.5574,2015-10-14 08:01:39
cthamv2,Shes_the_Cheese,That sounds like every Christmas with my step siblings.,"Cars, bikes & police",0.3612,2015-07-27 01:50:01
cvdf561,megablast,"Sure, but the leave is pretty damn generous anyway. Most jobs don't have such leave.","Cars, bikes & police",0.7765,2015-09-25 04:06:17
chtjs6c,Funkyalien,"Yep, I need to sleep more",Local life & places,0.296,2014-05-28 23:41:57
dqrtcac,swegen9,"I haven't played a fifa game in a few years, although I used to love them. Can you still just play with your mates without having to use loot boxes at all?",Local life & places,0.6771,2017-12-04 22:51:56
csy1xcy,TheEvilPenguin,Could you bring some sort of civil action against him for any damage or losses you suffered?,Politics & traffic,-0.8442,2015-07-10 00:28:47
dmvt2yl,Rawr24dinosawr,I think GIO may be able to answer that for you.,Jobs & money,0.0,2017-09-12 01:41:55
cal4mtl,velonaut,"I'm curious, if the person who hit you happened to be Asian, would you have used the title, ""Asians, please do not speed through red lights""? Or if they were a woman, would you have used the title, ""Women, please do not speed through red lights""?

If not, then why do you make such a big deal of something as irrelevant as the type of his vehicle, and imply that everyone else who uses the same vehicle is automatically suspect?",Work hours & uni,0.6416,2013-06-18 08:27:52
cf5sj8y,WarTapir,the most entertaining thing about the game was Bruno Mars. What a turd Denver laid out there.,Politics & traffic,0.4927,2014-02-03 08:11:41
df5uluq,Jonnoofcarltonnorth,"Hell's Upstairs in Center Place.

Lunchtime gets a bit noisy due to the lunch crowd + tourists in the alley below, but after that it's pretty quiet.

Edit to add: The place is quite dark for reading unless you sit close to the windows. At night, the best (and only) place to read is the middle area with the 'bench table'.","Cars, bikes & police",0.8945,2017-03-20 05:46:54
cyj0qrf,hedaik1,Are you serious?  I hate BBL but its impossible to mock it for its popularity.  didn't Adelaide oval which holds 55k or something sell out the other night?,Local life & places,-0.3421,2016-01-02 05:14:12
e6d2q2c,Thijs-vr,"Nah but this is an issue everywhere I think. Everyone's afraid to pinpoint a problem out of fear of being called a racist, so we all ignore it until it can't be ignored anymore. 

I'm from Europe and everyone was afraid to say anything about migrants/refugees. Then this happened: https://en.wikipedia.org/wiki/New_Year%27s_Eve_sexual_assaults_in_Germany",Work hours & uni,-0.9498,2018-09-21 04:51:15
dkbl6mh,Ofjax,Yes! They do all kinds of film and email you the prints or you can pick up physical prints and the negatives :),Work hours & uni,0.7177,2017-07-17 05:15:10
calwn42,TimMcMahon,"It's just difficult to prove when it's all cash-in-hand and when you're not recording every conversation with the owner.

It's not happening to me. It has happened to friends in the past (week trials).",Work hours & uni,0.1531,2013-06-19 13:28:45
cfkoq7l,Kid_Kaka,I think you should take the job bro; she's hot as f*ck,Politics & traffic,0.0,2014-02-21 02:35:47
cjvliuv,feffershat,One of them is bigger than the other but I usually go to the smaller one. :),"Cars, bikes & police",0.6124,2014-08-20 15:30:48
crauj2a,josh3234,"For public transport, 80% of fares are subsidised by the government. 100% of capital costs are subsidised by the government.

For cars, 0% of the operating costs are subsidised by the government (in fact, they are taxed -- petrol tax among others things). And the capital costs put up by governments have generally been lower than the amount of tax they collect from motorists.

To equal the playing field I would end subsidies for public transport, raising the cost of a fare by about 600% to account for the real cost of providing it.

I think Australians should be above petty ideological fixations. Public transport doesn't really work. We should invest in a really good road network and subsidise taxis for those who can't drive. It will be cheaper and better.",Opinions & public issues,0.5984,2015-05-16 07:16:22
cjvo1b0,Captain_Fluffy,"At this point I'm certain the road/crossing/rail clusterfuck that is Clayton exists purely as a case study of utter failure in traffic engineering.

But yes, everything else about Clayton is tops.",Work hours & uni,0.8049,2014-08-20 16:49:56
c6okypw,SumRandom,"If you're going to make a move, alone, Melbourne is a great spot to go. I moved here from interstate without knowing anybody here in Melbourne, and while it was one of the scarier things I've ever done (I had never so much as been here before the move) it was also one of the most rewarding. It's a great city to live in.
Public transport is great in my eyes, I'm not sure why people complain about it. Really easy to get around. I managed to keep my car when I moved here, but I could definitely get by without it. I live east of the city, and as long as you're close to a train station, you won't have an issue.
I've found that for the most part people here are pretty accepting of who you. I still haven't met a huge amount of friends here, but then again I haven't gone too far looking. I'm sure you won't have a problem!",Casual chat & reactions,0.9807,2012-10-19 00:43:58
co75tss,hillbillypolenta,"&gt;The salvos are good

Especially if you [really hate gay people](http://www.abc.net.au/am/content/2012/s3532177.htm)","Cars, bikes & police",-0.2716,2015-01-31 23:05:46
dbpn353,ApatheticElephant,"What? It takes like... 10mins to get from Carlton or Fitzroy to the CBD on the tram, lol. The inner north is one of the most convenient possible places to commute from in Melbourne.",Casual chat & reactions,0.6486,2016-12-28 10:20:13
ck0r49d,OboesBleat,Well it's worth a try. Cheating is common ;),"Cars, bikes & police",0.0772,2014-08-26 08:44:47
cv6sx8c,apriloneil,Maybe try volunteering for an organization in the interim?,"Cars, bikes & police",0.0,2015-09-19 10:14:41
e5pkvfl,mindsnare,Depending on the cost of the rental. Might be worth actually looking at Target. They have $100 suits there that scrub up pretty decent if you get one that fits well. I think the last time I rented a suit it was more expensive than that. When you're done with it give it to an Op Shop.,"Cars, bikes & police",0.7351,2018-09-10 06:09:43
d4oh70c,palehorsey,dont overtake cars. even when we are stopped. you asking for trouble. i look forward not back.,Work hours & uni,-0.5574,2016-06-26 09:59:51
dt6pt6i,Rosasome,Most violent crimes are between peo ple who know eachother / family members.,Trains & trams,-0.6361,2018-01-24 21:20:01
dvwsfmy,beergoggles69,"Can't say I've noticed it on right turns, but definitely on left turns when they're turning onto a side street. It's annoying.",Work hours & uni,0.0,2018-03-18 21:43:59
cmvgbp7,gravity_wins,Sticky Institute (the zine shop) in the CBD has a badge maker that you can use yourself.,Casual chat & reactions,0.0,2014-12-15 12:54:19
2js8nt,bold_arrow_of_time,"There is a star in the eastern sky, possibly Adhara, that is just lighting up and twinkling in the most spectacular way. So many blues and reds and bright whites. It's the most ridiculous thing I've seen in the sky. Anyone know why this may be?",Politics & traffic,0.0276,2014-10-20 13:53:31
ds13eke,LEGALIZE-MARINARA,I don't know if his solutions are optimal ones but it must be said that this guy is brave as fuck for speaking out like this. I'm sure he'll get some threats from the gangs in relation to this.,Work hours & uni,0.5346,2018-01-01 07:34:03
c9m8ijq,myusernamestaken,luckily global warming will take care of that! Yay equilibrium!,Trains & trams,0.9018,2013-04-25 06:19:56
e8rvyvp,eliminatrix2,"I will never involve myself in any way, with any religion whatsoever.",Trains & trams,0.0,2018-10-31 05:51:04
dsqj3ha,zfa,"I meant to suggest something to you a while back but forgot. Why don't you make a Trakt list of stuff you've watched and enjoyed? I rarely get time to watch films and so often forget what folk have rated by the time I get to sit down with something. If you made a list of the good stuff, I could just pick stuff off that.

Go on, do it for zfa. And the rest of the losers on here.

EDIT: [Like this kind of thing](https://trakt.tv/users/giladg/lists/latest-releases).","Cars, bikes & police",0.6349,2018-01-15 23:06:48
3i6j5i,timyoua,I'd really like to get a solid answer but I'm a student and can't afford to pay $200 at Swinburne for the test. Are there any alternatives?,Opinions & public issues,0.39,2015-08-24 08:59:48
cnpouxe,Azza_,They can still fine dickheads breaking other rules such as feet on seats or drinking alcohol on public transport.,Casual chat & reactions,0.2023,2015-01-15 11:59:43
e2sewm0,SenorFreebie,"Multiple witness statements of attempted sexual assault.

Done.",Work hours & uni,-0.5859,2018-07-21 17:08:00
dur9gf1,ramdomdonut1,"Oh yeah thats different. Dodgy as all hell. I would just stay away from that. 

Tenants renting out a room is what i thought of.","Cars, bikes & police",-0.6486,2018-02-24 14:05:16
dbv4xuw,fatbunyip,"$2k seems a bit over the top, especially if you're not putting a graphics card in. Then again, component prices vary a hell of a lot. 

https://au.pcpartpicker.com/list/

is a pretty sweet website for mixing and matching parts, and also gives warnings for compatibility issues.

From experience, MSY seem to have lowest or near lowest prices comparing all the parts of a system, plus it's a single source, so no need to deal with multiple websites and stores. They can also build and burn in a PC for you if you give them a parts list (extra cost, but you shift the burden of a dodgy component onto them. )",Opinions & public issues,-0.8636,2017-01-01 11:47:22
d7e6up7,_jay,"I'm not familiar with Martial Spirit, they used to be an Aikido only place but seemed to have changed over the years. 

It's a good idea to check out a few clubs to compare though.  Over in Fitzroy there's also Noblesoul and Zenyo Judo.  Down the road is a really oldschool club at Shudokan Judo where once upon a time all black belt gradings in Victoria were done at before the JFA split.","Cars, bikes & police",0.6369,2016-09-08 14:11:27
cofdl10,SEXPILUS,People need to start reporting this when they see it. It's a serious safety hazard if a fire or other emergency (requiring evacuation) were to occur.,Work hours & uni,-0.3612,2015-02-08 22:41:49
d63hht2,DontMentionWombats,"- Met some people through my girlfriend (former colleagues)
- met up with a bunch of Melbourne redditors separately.  Usually through shared interests (there seem to be a lot of people wanting to go photographing together, for example).  I did, however, notice that there seem to be a bunch of folks looking for someone with shared interests, who then don't follow up.
- Meetups

I haven't even had that much time due to work, relationship, and lots of travel, but if you are open and follow through, as well as consistently take time for certain activities, you will definitely find people.  For example, I wish I'd had more time to go to ASV events, as they're all a super friendly bunch.",Local life & places,0.9787,2016-08-04 03:58:11
czx623x,Heinekenguy,Take acid in the botanical gardens.,Casual chat & reactions,0.0,2016-02-12 10:36:41
ddzrajd,p1p_girl,"If you get the chance to do a road trip, I highly recommend Great Ocean Road and checking out Wilson's prom as well. Beautiful scenic views!","Cars, bikes & police",0.9378,2017-02-20 21:21:52
cvtjjto,_otsegolectric,How's it all coming along? I've been a little absent from the threads recently.,Trains & trams,0.0,2015-10-09 10:13:16
dyxunoa,Backleftpocket,"Do it, you won’t be disappointed.  Culturally the two cities are similar (both are very progressive, laid back, and hipster), the beer and outdoors of Denver cannot be matched in Melbourne.  The music, coffee, and walkable nightlife of Melbourne is hard to match in Denver.","Cars, bikes & police",-0.5423,2018-05-14 02:29:06
cquvylv,helpmefindmydog2,"http://i.imgur.com/Tf4ARnD.jpg?1 here's a picture of her. as I mentioned before, she has much shorter hair right now, but I don't have any recent photos of her. thankyou very much.",Jobs & money,0.0,2015-05-01 11:09:11
e31w98s,thesillyoldgoat,"Just a bored misfit, if he had any goals he wouldn't be doing shit like this.",Work hours & uni,0.5145,2018-07-26 04:52:00
dopql28,circle_square_leaf,"I do actually! Best part-time gig I ever had, hands down.

I'm a student, so the flexibility is great. It's a dream not having a boss riding my ass. It's just me and the bike, pounding out those km. I love riding anyway. Riding for work can be like a game sometimes, and it's fun to try and beat how long Google maps says it will take to ride somewhere, and discover new routes and areas of Melbourne.

That said, I acknowledge that the gig economy is extremely exploitative. It's a way for them to act as employers while taking none of the responsibility, and having more power over their workers that if they were directly employed. I am willing to enter into this arrangement though because of the benefits for me, and the fact that I am in the privileged position of supporting only myself and getting student benefits.  

In short... I don't like it, I love it. But, I am lucky to be in a situation that I can. I understand that the gig economy is exploitative and problematic, and I hope legislation catches up soon to the changes that are occurring in the labour world.",Local life & places,0.9651,2017-10-22 08:00:30
d82c97c,smithyofmysoul,"I mean it's stupid but the article does say...

&gt; The updated legislation has been designed, in part, to separate pranks involving nudity from acts of sexual exposure.",Work hours & uni,-0.296,2016-09-26 06:16:04
e4vvcw4,PrimaxAUS,I had to switch numbers to get away from this.,Opinions & public issues,0.0,2018-08-26 22:13:40
d7sskf3,blondefriend,"They are massive projects. Consider a single project with rail under road. Digging 9-10 metres below ground for several hundred metres, in addition to demolishing a station and rebuilding. And then you have moving utilities etc. There's a lot to them",Opinions & public issues,0.0,2016-09-19 05:07:05
cv4e0by,guseyk,still waiting. Moovit has it all working but its just such a horrible app.,Local life & places,-0.6956,2015-09-17 04:56:54
d490nyk,bsf91,10th day straight of work. I just want a sleep in!,Local life & places,0.3595,2016-06-14 17:40:38
dcede8u,dfbowen,"If you like queuing up to buy every ticket, then sure.","Cars, bikes & police",0.5859,2017-01-14 00:14:40
dmgaktd,barryoke,"Ah yes, the parks of Berlin!  There's not really anything like the Volkspark or Mauerpark but probably the closest vibe would be around Fitzroy, Fitzroy North and Brunswick East - I'd say these have the best mix of parks, foods and people, the residential backstreets are really nice.  On either side of these; Collingwood has great food and pubs, and Carlton is closer to Queen Vic Market. OK, it's not quite the Turkish Market, Mauerpark Flohmarkt or Markthalle IX, but the foods are great.  Good luck! 

Edit: if laptop-friendly cafes are important to you, there's a couple of good ones in Collingwood and Fitzroy. Interested to hear what you find on your scouting trip.","Cars, bikes & police",0.992,2017-09-02 02:03:49
di0ki4l,f33bz,"I have a reason to believe that he has been playing CS.

Mr Mayor, you don't respawn in real life.",Jobs & money,0.2023,2017-05-25 06:28:20
c6op759,conrawr,"I'll be your friend ^_^


Melbourne, I find, is very friendly. I think we're a nice bunch.",Trains & trams,0.8588,2012-10-19 05:38:44
dmvuceg,1luv8008135,"Not me, I have plenty of pizzaz. My muffin top agrees.","Cars, bikes & police",0.3818,2017-09-12 02:08:32
5fih60,lbguitarist,"Hello friends,

I grew up in Melbourne but long before the myki system was introduced and next month I'm moving home for a new job after six years in Brisbane.

Been looking at fares for myki in an attempt to include it in my budget but got no idea what I'm looking at, the payment/money side of things is doing my head in.

Which pass is best if I'm gonna be working 5 days a week on a rotating 7-day roster and heading to the AFL when I'm not working on the weekend?",Local life & places,0.7227,2016-11-29 12:55:49
dz3kos0,McRage27,While wearing a back pack!!! Ffs people put your back pack between your fucking legs while standing - not that hard.,Politics & traffic,-0.6575,2018-05-16 22:17:03
dg5pjc6,Niteowlthethird,"Brown asians are sexy as hell, good for you",Trains & trams,0.1779,2017-04-12 10:38:31
dbqojei,blatantlyeggplant,[Don't use dog as an insult!](https://www.youtube.com/watch?v=Y3pmMZDko60),Work hours & uni,0.0,2016-12-29 02:36:37
dxnxo45,rdmarshman,"There's a heap of them all around the world.

What kind of gas are you thinking, is perhaps more to the point.",Trains & trams,0.0,2018-04-20 04:00:42
cueke93,ujbalock,Plenty of applicants for that job already.,"Cars, bikes & police",0.0,2015-08-25 01:05:19
dlbsoto,kiss_my_what,"Tenants aren't always the most careful with cleaning and moving furniture, most apartments are built to meet a strict budget so you're not getting great quality carpet/paint/appliances etc.",Opinions & public issues,-0.3402,2017-08-08 12:47:23
cxrxb5p,NDE_ideal,Kangaroo scrotum purse from Vic Market.,"Cars, bikes & police",0.0,2015-12-08 20:15:56
d6crm59,DeCoburgeois,Ye Old Sweet Puff,Politics & traffic,0.4588,2016-08-11 03:11:57
daa9ex2,McRibsAndCoke,"Am I senseless to want much, much stronger enforcement for youths over the age of 12? It's out of control now.",Work hours & uni,0.4404,2016-11-21 23:59:14
dalru0q,hutcho66,I literally started work in the city last week and have been to the same sushi place in the food court of Collins Place 6-7 times. It's pretty decent sushi. Can't remember the name. Definitely need to explore more but its so damn convenient haha.,"Cars, bikes & police",0.3836,2016-11-30 07:23:23
chgoq0v,an_ill_mallard,"What is your actual question here. Do it, it'll probably be fun. Or don't do it, whatever.",Jobs & money,0.5106,2014-05-13 07:50:04
cni5poh,wongm,"I've done the tour three times - once as part of Melbourne Open House, and two other times in 2013:

https://www.flickr.com/photos/legoblock/sets/72157642077641985/

For me the highlight was seeing the container terminals up close.",Local life & places,0.34,2015-01-08 06:31:50
dd7qrak,pvtbobble,Yep. Because the only thing I need more than religion is a religion made up in the USA.,Trains & trams,0.296,2017-02-02 00:45:04
cirifyy,fecal_brunch,It's more attention grabbing. Cycling lights are more easily overlooked than car lights. Also the consequences of getting hit are generally more severe.,Work hours & uni,-0.1477,2014-07-08 12:18:29
diw0pqk,fluxxcan,"No but im not far, will keep an eye out for ya, hope you find her!",Trains & trams,0.5487,2017-06-14 12:57:47
ck0azxg,NoodleBox,"PLANE!¹

Ooh!

Good luck!","Cars, bikes & police",0.7767,2014-08-25 21:14:18
dduotm6,Sammy1406,"I'm definitely no lawyer, however if you have a copy of the lease signed by yourself and the landlord that is a legally binding contract. 

My lease states that the landlord can't raises the rent until the end of the current rental period (12 months) if yours is the same, then no, they can't raise the rent.",Opinions & public issues,0.2263,2017-02-17 05:04:37
cxeiip8,fuckujoffery,you can be against abortions and not yell at people walking into clinics. In fact you can be against abortions but recognise that abortion clinics provide a necessary service without which many women would resort to unsafe attempts at terminating their pregnancy.,Work hours & uni,0.0,2015-11-27 06:46:08
diqs8m5,Red_Wolf_2,Or we could temper the growth for a while until everyone currently here is better off and the suburbs and property have consolidated properly?,Opinions & public issues,0.4019,2017-06-11 04:24:01
c78e0ld,RadiumGirl,Nothing listed sounds unreasonable. It all seems like pretty standard cinema etiquette. Which part bothers you?,Trains & trams,0.5994,2012-11-29 02:35:53
cewqqps,Gnowae,"Rather pathetic of vic gov tbh, you'll be hard pressed to find a speedo I  your average family sedan that's calibrated that precise I can see a lot of fines being contested with this new speeding focus",Jobs & money,-0.6249,2014-01-23 10:23:07
d7dmg2u,scratchalot,"Which royal library? Do you mean the one in Copenhagen?

(Or Do you mean the national library near melb central?)

(oops I just realised it's the state lib, not the national lib...god I'm out of it)",Casual chat & reactions,0.0,2016-09-08 01:26:57
e0br346,harkoninoz,"In a professional role (those I run interviews for) I would expect questions to show some level of interest and insight into the role being advertised. Basically this is a chance to show how your mind works. 

""When do I start/How did I do/Do you have any more questions for me?"" type questions basically demonstrate to me someone that is new and not really actively thinking about what they have just interviewed for. For entry level and junior roles this isn't an issue, but when I'm recruiting executives or managers, I want to get a sense of how they think.",Work hours & uni,0.3314,2018-06-08 13:34:50
e8ovwsw,trishodisho,"What about an MMO where you can go at your own pace, join a guild, talk to peeps via voice comms?",Trains & trams,0.296,2018-10-29 22:26:30
dgggdzm,-theuser-,"OP didn't capitalise the b, though.  I hope our cold-faced brethren is alright.",Local life & places,0.5994,2017-04-19 05:26:30
cngjn7r,HORSECUNT,"No, no. Clean first, cut later.",Local life & places,0.1531,2015-01-06 21:10:23
d4a06zu,atregent,How does that happen???,Work hours & uni,0.0,2016-06-15 10:41:59
dji1sc0,Loubang,Check the health food section in Coles or Woolworths and you are sure to find Veggie Delights [nut loaf](http://www.vegiedelights.com.au/product/nutmeat/)!,Politics & traffic,0.68,2017-06-28 07:00:13
c38jf57,TheCreazle,"I'm not so sure you should simply write off the importance of a good score.

I just enroled in uni for next year, as a non-school leaver. I was surprised to be knocked back from the course i wanted based on my six year old ENTER score. I'm going to have to go through a lesser course for six months, completing subjects that i dont really need and in the long run, wasting six months of my time.",Jobs & money,0.2793,2011-12-16 06:59:26
dry5c84,FuckingAustralians,No i hate the company because they take the profit and make no effort to prevent fuckwits from being fuckwits,Work hours & uni,0.3814,2017-12-30 09:45:27
c3dhzlf,zeeagle,"Where I work I have to collect trolleys from a rather large carpark area, and I think I'd find an average of one soft drink bottle bong a month. So, you've got plastic, often bit of garden hose or similar, and it's all glued together with god knows what. I'd be more worried about breathing in fumes from that mess than I would be about the side effects of any legal or illegal drug I cared to smoke in it.",Politics & traffic,-0.5095,2012-01-03 10:16:49
dsi5n5z,arbioty,"You're correct. I actually read ""no arrests made"", which is clearly wrong. Oversight on my behalf.",Work hours & uni,-0.5106,2018-01-11 04:03:58
cqpqg8r,cayal3,"Is it Melbourne Zoo where you can pay something like $400 to get a photo with a Tiger or $200 to get a photo of you superimposed with a Tiger.

Both prices are utter lunacy, but paying a giant sum to get it a photo of you superimposed with a Tiger is laughably sad.",Politics & traffic,-0.2023,2015-04-27 00:37:53
d8sxssv,Goatse_Wan_Kenobi,Goey is slang for speed.,Work hours & uni,0.0,2016-10-15 10:53:27
cofev63,the_marque,"I don't think there's anything wrong with density *per se* but there needs to be more planning around it.

I suspect in the actual centre of the city, building highrises is difficult because there's so many heritage protected buildings, etc. This is fair enough. The issue then is that developers target the greenfield sites - Southbank, Docklands, etc. - which despite their best efforts really don't have the amenity or the infrastructure to make it work. You have lost much of the benefit of high density if it it's essentially just a commuter suburb that's painfully close to the CBD.",Opinions & public issues,-0.8404,2015-02-08 23:20:29
dgwgr3c,iminlocalgovernment,Aaahh. You're an actual cunt. Sorry.,Jobs & money,-0.5423,2017-04-29 07:35:02
c3s4bne,energy4anarchy,You looking to bring all the boys to the yard?,Politics & traffic,0.0,2012-02-17 06:31:27
ds174qo,trueschoolalumni,"What's wrong with taking a girl 2 da movies, guys?",Local life & places,-0.4767,2018-01-01 10:36:39
ds7e60e,toms_face,What contracts apart from the East West Link? Do you not know the reason for it?,Casual chat & reactions,0.0,2018-01-05 01:20:10
e5lg67s,Lonelysock2,Fuck that's hilarious,Jobs & money,-0.2023,2018-09-08 04:04:35
ctws6xd,SarahK19,"I get most of my office outfits from country road, kookai and zara.",Opinions & public issues,0.0,2015-08-09 11:17:42
d6kek5f,1billionthcustomer,I'm not sure that'll work for an Imgur album. I'd love to see the results though!,Local life & places,0.5469,2016-08-16 23:22:18
dlql08q,zeropluszero,acid in the botanical gardens,Casual chat & reactions,0.0,2017-08-17 04:36:53
e0nuxrv,Bigfattedbo,"Hihou, new gold mountain, eau de vie, lui bar, pizza pizza pizza",Local life & places,0.0,2018-06-14 14:52:43
daskmr4,ramikin_,The population of Brisbane and Adelaide combined is significantly less than the total population of Melbourne by itself. And even they can barely get away with reduced trading hours. Not being able to go to the shops on a Sunday afternoon is one of the biggest complaints I hear about either place. If they dropped the trading hours here it would just be more of a hectic shitshow as 4 million people try to buy groceries on their way home during rush hour.,Local life & places,-0.4019,2016-12-05 00:37:30
e18n65s,Lamont-Cranston,Thats not really scientolgy. Thats straight out of the altright in America,Politics & traffic,0.2878,2018-06-25 01:35:56
dto52ll,angrathias,February is not part of summer any more? My nap this afternoon must have been longer than I thought hmmm,Local life & places,0.0,2018-02-03 10:19:19
c7k3u47,rohanzwalsh,"Is there anything I should know? I've heard VU is kinda shitty because the ATAR entries are a bit lower than other universities, but that might just be conjecture.
edit: I know this isn't about VU, but do you know when the 2013 cut-offs are released?",Jobs & money,-0.479,2012-12-21 14:21:27
cz2n5pp,Morsolo,Me and a mate spent the night in Parkes on our way up to Toowoomba. It's pretty awesome to just see the size of it. They also have some cool little interactive exhibits out the front which are cool.,Politics & traffic,0.8979,2016-01-18 12:51:31
cobrk97,TheDiarist,Yep.  Capitalism eventually makes everything suck.,Trains & trams,-0.1779,2015-02-05 05:35:55
d41wv9x,ekol,"eBay's 20% off a fair number of retailers ends on the 10th


https://www.ozbargain.com.au/tag/laptop

My suggestion is to make a post on ozbargain for suggestions, check the laptop tagged posts above and the live feed too

if not whirlpool forums",Politics & traffic,0.3818,2016-06-09 04:25:43
dmw3oca,pixie_anne,I feel you. This is why my last six pairs of shoes I have bought have been either sneakers or boots.,"Cars, bikes & police",0.0,2017-09-12 06:03:37
d22og8h,gandalfintraining,"What valuable input could they possibly have? There is absolutely nothing a resident could say that trumps the facts that the Pakenham line is fucking chockers, level crossings are fucked, and it's impossible to trench there. 

Would you rather they pretend to listen to people, or just tell them the truth that its happening and that's final?",Jobs & money,-0.1926,2016-04-14 15:35:53
c6dniy9,only_temporary,"A mate had a great idea (that will never happen). When you try and open a driver side door, there's a short pause (like waiting for elevator doors to open) while the rear indicator and side mirror light flash slowly and progresses up to on full time, then the door lock is released and the door can be opened slowly like pushing on a hydrolic weight.  
  
Sounds silly, but we add safety affordances to so many things, why not opening a car door?",Work hours & uni,0.8316,2012-09-26 12:03:53
e4uv7wa,toms_face,"Billy the Rat

Never forget",Politics & traffic,0.1695,2018-08-26 11:00:38
cq7jfe2,BadBoyJH,"Opal in NSW

The cards are free, but train stations dont sell them.",Casual chat & reactions,0.2846,2015-04-10 08:08:52
dduxt4h,DrDalim,Yeah consumer affairs are your friends. You have a sign contract? I don't think landlord can do squat!,Trains & trams,0.68,2017-02-17 11:34:23
cq3u6ci,Supersnazz,"I know how a phone works, but that doesn't my 12 year old calling someone and arranging to meet them. Being 'computer savvy' has nothing to do with this at all.",Local life & places,0.0,2015-04-07 05:21:09
d101c1w,Lazymakes,I've slapped myself in the ear more times than I'd like to admit doing that.,Work hours & uni,0.5106,2016-03-15 00:29:15
dzvhsq6,4classes,* citation needed,Opinions & public issues,0.0,2018-05-31 11:30:07
c4lvwo5,Shilberite,"I wouldnt, unless I kept seeing that person often enough to warrant reporting him or her",Jobs & money,0.0,2012-05-09 06:40:55
ct52d1g,continental-drift,"I, too, am keen for a new tattoo. I would like a geometric animal of some sort. Perhaps a puffin as they are rad.",Jobs & money,0.6124,2015-07-16 05:32:52
2qz5b7,minodude,"Well, 2014 decided to give me one last big 'fuck you' on its way out the door: a burst tank in the hot water service, so me and the fam are without showers, possibly until next week unless we can find a good plumber willing to come to the party and hook us up.

It's a bit more complicated than a normal install: the old one was rooftop solar, but we don't want to replace it with another one (solar is just too frickin' expensive at the moment, unless someone wants to convince me otherwise), so we're looking at instant gas.

This means the install will probably involve @#$@ing about with running gas lines, etc etc. So it'll suck, and my odds are even lower that I'll get one quickly.

Anyone know a good plumber in the NE suburbs (Greensborough) who won't give me shit, won't charge an arm and a leg, and will just rock up and get us back in steaming hot showers of awesomeness, so we can flick one last middle finger up to the shitshow that was 2014?

Thanks Reddit!",Opinions & public issues,0.8433,2015-01-01 02:32:24
dsjo9z7,HereComesCthulhu,The alternate title to the film Dr Strangeweather,Trains & trams,0.0,2018-01-11 23:53:15
e0akqmt,mr_middle_manager,"There’s been a few deals on Plantronics BackBeat 505’s for around $70 the last few weeks which is ~50% off. They are on-ear rather than over-ear but they sound good, not too bassy and have decent battery life and simple controls. I picked up a pair after lots of people at my gym recommended them. There is a FIT model as well which is slightly tighter grip and a sweat-resistant coating, not worth the extra dollars imo.

I’ve got bose qc25s (wired) and the noise cancelling is excellent of course but the 505s sound better.","Cars, bikes & police",0.9625,2018-06-07 22:02:42
d0b8khk,raybal5,Just how stupid are you?  Concessions are only available to people who have been granted AND are carrying a concession card.    Please don't waste anyone else's time with your idiotic appeal.,Jobs & money,-0.3331,2016-02-23 23:25:05
dlu859d,thelostwhore,"Yeah brothels are not run like that in Melbourne. I anything, I'd go to a strip club, then a brothel?  Although that never works because you'll spend all your $$ on strippers and walk out with blue balls. You can always book a girl at a brothel and ask for a strip tease",Politics & traffic,-0.2982,2017-08-19 12:00:54
daavnfh,Thomasrdotorg,Does it? So he's super capable of making believable hoax radio transmissions on multiple occasions BUT when we get to court this sophisticated hoaxer will become a simpleton who didn't know it was wrong.,Work hours & uni,0.6904,2016-11-22 12:32:38
ctqsqbl,m_is_for_michael,"Thanks!
My bike makes me happy! Seriously, even in freezing weather and the rain, it beats the Metro commute hands down. Cheap to register (a small bike like mine is ~$375), cheap to run (I pay $14 for a tank of petrol which lasts &gt; 300km), cheap (free) to park anywhere, faster than a car, and just bloody good fun either side of my work day.
Getting a license takes two weekends of riding around a carpark; the first to get your learner's, after which you can buy one like mine and ride on your own anyway. You should just do it.... I did my courses at [Motorcycle Motion] (www.motorcyclemotion.com.au) (with whom I have no affiliation, they're just nice people).","Cars, bikes & police",0.9508,2015-08-04 05:12:08
dsr76bh,DrSpodgeMcGopoulis,"If you have any information concerning a crime please call your local police station or Crime Stoppers. For any other commentary, please x-post to /r/MelbourneCrime. This post has been locked.",Work hours & uni,-0.5267,2018-01-16 07:46:47
dgfyz8x,whiteikeastools,Want to make some cash? Sell the leaves to local florists. They're all the rage at the moment in bouquets.,Jobs & money,-0.5106,2017-04-18 23:13:29
e0ws1mw,drhussa,Lushsux? Yeah he’s crap,Politics & traffic,-0.1027,2018-06-19 03:38:46
d3zb3u5,andreabbbq,What a piece of shit. I hope she can move on and be able to live a normal life.,Work hours & uni,-0.1779,2016-06-07 11:25:28
csl95yq,Damos_las_Vegos,GTI on commercial st Prahran = Best fries in the world!,Local life & places,0.6696,2015-06-28 07:52:21
cnct32p,SARsquatch,"I hate Run property. But depending on your situation you may be able to force their hand on the issue. I finally got A/C installed midway through last year as it would easily get up to 50+ in my house in summer and I would panic at work during the day that my pets would die. [This](http://tunswblog.blogspot.com.au/2013/01/does-my-landlord-have-to-provide-air.html) link should help you a little. 
Sending them weekly polite requests via email and phone may be the only way to wear them down.",Work hours & uni,-0.296,2015-01-03 03:32:32
cuu0igc,TheElderGodsSmile,"Hmm I think there have been brawls on flights over those seat defender things. 

Also pro tip of you fly international consider using Brunei Airlines. When I fly from melbourne to the UK they're always the cheapest flight and they have a lot more leg room than is standard in economy. Entertainment is kind of limited and censored though.",Opinions & public issues,0.1045,2015-09-08 02:10:21
cirk89u,Adzmodean,"It's a shared path, there's no road in sight. And the riders were oncoming.

The only other option other than practically stopping would've been to undertake the pedestrian, but that's dangerous. It's easy enough for the pedestrian (probably wearing headphones) to choose that exact moment to step off the footpath.",Work hours & uni,-0.128,2014-07-08 13:49:41
djr08fe,hillbillypolenta,"Try getting decent blank ferro tapes, let alone metal tape.",Work hours & uni,-0.25,2017-07-04 02:26:41
e4w1edw,thrml,"Well yesterday a whole lot of comments about an event in Melbourne were removed. So I don't see why we can't remove this.

But yes, I agree with your original sentiment, it **is** a random thread, so *anything* should be free to be said here.",Jobs & money,0.9408,2018-08-27 00:03:35
czaoxjt,Hussard,"Work shoes wise, I can recommend the Spencer St Outlet's *Shoe Warehouse*. Along the right side of the shop they have a reasonable prices for Julius Marlow and Hush Puppies shoes from last season going for about $100 odd a pair. They'll last you 3 years in an office environment and about 1.5-2 in hospitality. I've never known a pair to last that long in hospitality, to be honest. 

As for runners, my friends like the [Merrell](http://www.merrellaustralia.com.au/mens/footwear/running) ones. I don't really use running shoes myself as I primarily wear my low-profile fencing shoes instead of running shoes so I couldn't give you a good indication whether or not they're appropriate for you. You can do anything in those Merrells though.","Cars, bikes & police",0.9337,2016-01-25 01:27:33
cyfz8j9,Localdefense,"Heyo, yeah I run the Old Growler. My mate does the Old Fitzroy. I just don't want to end up at the Sydney Harbour equivalent of NYE down here.",Casual chat & reactions,0.2448,2015-12-30 08:53:50
cujqh90,thelostwhore,Sitting at gate 27 at melbourne domestic....bored as all hell. Come say hey if ya want!,Local life & places,-0.68,2015-08-29 14:35:46
dbx7zew,Qwazxc,Well fuck me in the ear with a bakelite toaster. I thought it was the gods own truth.,Jobs & money,-0.0258,2017-01-02 23:50:06
dfc9w4x,sahrey,hee!! who doesn't tho,Politics & traffic,0.0,2017-03-24 05:54:26
diqm4t6,TheUnderWall,VCE marks translate directly to ATAR marks.,Jobs & money,0.0,2017-06-11 01:34:17
chjc31w,OZspankybear,"If you're heading out that way there are quite a few wrecker type places in Coburg, Preston, Thornbury etc where you can pick up building materials from demolished houses.  It's totally a matter of luck with what they have, but cedar at least is fairly common in old Melb houses.

Take cash, and be prepared to rummage through piles of stuff to find the odd gems.","Cars, bikes & police",0.1504,2014-05-16 06:34:00
cubprgv,ign1fy,"In Melbourne:

Beep beep = Thanks (or politely asking you to move off a green light)

Beeeeeeeeeeeeeeeeeep = Fuck you, fuck your entire family and fuck everything you believe in.",Work hours & uni,-0.8225,2015-08-22 11:59:55
d7j71iw,lasanja,Does anyone have any suggestions for places in the CBD that serve Viet iced coffee (:,"Cars, bikes & police",0.4939,2016-09-12 04:39:22
cvpwrdp,carltonasian,"Asian groceries. Tangs, Laguna, all along Russell.","Cars, bikes & police",0.0,2015-10-06 08:57:47
dsra5yl,LeaveBobbyAlone,I sent my koala back didnt have enuff give after thr 100 nights,Local life & places,0.0,2018-01-16 09:42:39
dvm0pt8,Mickblue,Even if they don't post internships and stuff?,Jobs & money,0.0,2018-03-13 03:09:52
dt3a0qx,spazmoflymo,"Just found a bottle of wine in the freezer, frozen solid. I put it in to chill last night and forgot about it. This is the second time in a week that I've done this. I am not very smart.

Safe to drink when it's defrosted?",Local life & places,-0.5403,2018-01-23 01:04:35
ch8sl52,2cents-HERESMINE,If you're bored in Melbourne then you'll probably be bored in most other places.,Local life & places,-0.4939,2014-05-03 21:45:39
e5r3wv9,NaomiNagata,Without actually addressing the point.,Work hours & uni,0.0,2018-09-10 23:16:45
dbglnli,churaf,"So... I mistakenly forgot to get my SO's father a christmas pressie. Think a nice bottle of shiraz would do, but I have no idea which ones are nice haha. Have a $100 budget, give or take $10. Any help would be appreciated!",Politics & traffic,0.9381,2016-12-21 11:50:46
dt01don,sneakpeekbot,"Here's a sneak peek of /r/melbournecrime using the [top posts](https://np.reddit.com/r/melbournecrime/top/?sort=top&amp;t=all) of all time!

\#1: [Daylight robbery at Melbourne Airport.](https://i.redd.it/0y9vmhd68k901.jpg) | [3 comments](https://np.reddit.com/r/melbournecrime/comments/7ptzhd/daylight_robbery_at_melbourne_airport/)  
\#2: [This sub isn't working!](https://np.reddit.com/r/melbournecrime/comments/7qfcpw/this_sub_isnt_working/)  
\#3: [Bearded hipster gang terrorises Victorian community.](https://i.redd.it/dlfss75jrk901.png) | [9 comments](https://np.reddit.com/r/melbournecrime/comments/7pukk9/bearded_hipster_gang_terrorises_victorian/)

----
^^I'm ^^a ^^bot, ^^beep ^^boop ^^| ^^Downvote ^^to ^^remove ^^| [^^Contact ^^me](https://www.reddit.com/message/compose/?to=sneakpeekbot) ^^| [^^Info](https://np.reddit.com/r/sneakpeekbot/) ^^| [^^Opt-out](https://np.reddit.com/r/sneakpeekbot/comments/7o7jnj/blacklist/)",Opinions & public issues,-0.6645,2018-01-21 05:51:20
36fnyz,visionStudy,"*  Are you 40–60 years old? 
*  No history of psychiatric illness?    

  

This study is investigating a visual test to help improve the diagnosis of psychiatric conditions.     
  
  
It involves viewing images on a monitor while indicating what is perceived using buttons on a keyboard. Eye-movement measures, which involve wearing a small head-mounted device, will also be recorded separately in a series of simple tasks.      
  
  
This research is conducted at MAPRC, and involves attending up to 3 testing sessions.      
  
  
Potential participants will be screened prior to their involvement in the study. Participants will be reimbursed for their time and travel costs. If you are interested in taking part, please contact Phillip Law on 9076 6564 or phillip.law@monash.edu      
  
  
**You will be paid $150.**
Please see: http://monash.edu/news/notices/show/96166",Opinions & public issues,0.8105,2015-05-19 00:45:26
c263jp9,Moghedien,"Come out for drinks anytime!!!!! Ill PM you my mobile if you want, and let you know when we're heading to the pub or what not. 

Have a good flight!!",Local life & places,-0.7248,2011-07-17 01:58:00
e7hrita,wyyyxx,Thank you for these good tips😃. To offer free intern and work. Where will be a good palce to go? I'v searched on seek but most of the jobs are fundraising releated. Not releavent to engineering. I really want to know how and where  to find the right work to do.,"Cars, bikes & police",0.8146,2018-10-10 03:21:00
dyj2r1e,icyflakes,"It's almost definitely stolen. So, you'd just be stealing a car that was abandoned by other thieves!",Work hours & uni,-0.8958,2018-05-06 09:13:14
dvb8dko,amrith15,Awesome shot btw,"Cars, bikes & police",0.6249,2018-03-07 07:54:20
cuu8gky,ToastyXXX,"Pretty specific skill set, you might have to start whoring yourself out to the recruitment agents directly. It can be a pain in the ass dealing with them, but if they have you on file, they will try and set you up with anything they think even remotely fits. Update your linkedin profile, have an online resume, put your resume on seek and start emailing/calling those agents. Keep you phone/email ready and take every call you get. They can be very persistent.

PS: Don't get you're hopes up when the recruitment agents ask you to come in for an interview, its just for their own reference on you.",Jobs & money,-0.2612,2015-09-08 07:55:35
chyhzub,mimik13,I like this train of thought.,Casual chat & reactions,0.3612,2014-06-04 00:02:54
dyd9sh9,RichInMond,"The clue is in the name - NewSTART. Start. Not 6 years. Its there to give you a start. Not as a means to live. You and others are grossly misunderstanding what this allowance is for.  And a vast majority of students would find some work while they are studying. If you are studying then of course, get all the help available. If you are doing fuck all, then questions need to be asked after a number of years, wouldn't you agree? Nice try at a response though. Im not heartless. Just pragmatic.",Opinions & public issues,-0.7196,2018-05-03 05:43:41
cjqhh2x,Magzter,"I disagree with this. 2-3 years ago I knew nothing about web development, now I'm developing web applications for businesses.It most definitely shouldn't be used as a primary learning resource, but its a fantastic place for beginners to start due to its interactivity, it helps understanding the very basics of how things work.",Opinions & public issues,0.8589,2014-08-14 22:40:03
5v1dbr,obeyesekere,A couple people have told my parents that there's some sort of taxi strike taking place in Melbourne today. I can't seem to find anything about it on the net. Anyone know if something is going down?,Local life & places,-0.2006,2017-02-20 00:09:38
dyqeb2k,qemist,"Because it's a token service there to tick an equity box while not competing with services that bring in more revenue. Every other option is closer to the terminal. Even in that barely used ""transit hub"" they put the stop as far from the terminal as they could. Then there's the route that takes a meandering circuit of the city's least desirable suburbs instead of going directly to the CBD or another major PT hub.",Casual chat & reactions,-0.4874,2018-05-10 01:39:56
ctl4x05,cameronm,"&gt; ""Sleep In. Slow Down. Enjoy. Brisbane.""

Haha oh Brisbane",Local life & places,0.7351,2015-07-30 03:14:52
4daqzu,ebp_em1,"anyone here work for the bigger banks within their call centre?
if so how did you get your job?
which agency did you use?",Jobs & money,0.0,2016-04-04 12:00:39
e1kvm5p,Dweezil901,"Gotta love the assault on the nostrils when a smelly fella gets on the tram. Dude smelled like a flogged out arsehole, halitosis and gangrene.",Politics & traffic,0.4404,2018-07-01 00:53:11
e2xqdpp,Vilko808,The poor are there to scare the shit outta the middle class.,Work hours & uni,-0.3182,2018-07-24 10:05:52
3q8aju,Verasmis,"I'm over for PAX and hoping to have a few games of EDH (Commander) while I'm here. Staying inner city, where are the best places for casual games?",Local life & places,0.8316,2015-10-26 02:40:25
dn5uojl,123yousee,"The implication that you'll eventually end up in a carriage with entryways checked is the only system that realistically works with our PT setup to penalise those who don't pay.  Unless you do away with fares altogether or completely change the way our PT operates the threat of a fine and eventually recieving a fine, is the best they can do. 
  
Why would they need to restrain anyone unless they're illegally fare evading and trying to get away with it?  And yes believe it or not AO are instructed to let people walk away should they get physically confrontational.  Ask them next time.  
Do some AOs overdo it?  Yes.  Do some fare evaders overdo it when they get caught?  Yes.  
The fact that you continue to heap all of the blame onto the 'private police force' is bizarre and you're earlier quip that fare evaders should just be ignored is idealistic in the extreme.",Work hours & uni,0.7605,2017-09-18 09:44:36
dq2m81l,hennywiththeenemy,"if you could give me names or addresses, even a vague idea I'd be a very happy chap.",Work hours & uni,0.5563,2017-11-20 02:18:10
dewkl8n,djdefekt,"Of which there are HUNDREDS. Perhaps you could supply some referenced links to the ""bad"" things they have done to provide a counter point?",Jobs & money,-0.5423,2017-03-14 05:45:24
dl8ourz,matt4711,The Abode 318 units are tiny though...,Opinions & public issues,0.0,2017-08-06 14:44:38
d9vlt6e,BumBumiLikeBum,PITA if it's a Comeng…,Local life & places,-0.6289,2016-11-11 08:06:59
dyd8k3i,RichInMond,"Thats what years of doing fuck all does to you. Erodes your confidence, and your self worth. Trust me. I fucking know all about it. But there ain't no golden cheque coming your way. Nor is anyone gonna knock on your door with a job offer. You have to go get. Its the hardest thing in the world when you are down and stuck in the rut. Seems impossible. It IS Impossible. But you have to make it happen. And ONLY YOU can make it happen. The support is out there to give you the head start.",Work hours & uni,0.7079,2018-05-03 05:12:20
cthclc5,Shes_the_Cheese,That's like lunch here. Except without the ham. My fridge at home has lentils and a bottle of tomato sauce.,Local life & places,0.3612,2015-07-27 02:48:37
c6gfexh,spoojee,"Well, I'm not sure how far out they deliver but the meat-lovers is just the best (with extra cheese). I'll ~~inhale~~ eat a whole large to myself no probs. Fart like a mutherfucker the next day but worth every awkward workplace gaseous outburst.

So. Much. Want.

I can scan the menu if anyone is interested. Do a whole heap of other stuff too but the pizza is just the best.",Politics & traffic,0.9616,2012-10-02 12:39:13
dku1iui,technicalexp,I don't think it's necessary to create a new spur to Flemington Racecourse and close the existing spur. It makes more sense for the existing spur line to be extended from Flemington to Highpoint with a line to the airport continuing from there.,Casual chat & reactions,0.2732,2017-07-28 08:41:18
c5cnxmd,doxxus,Espresso martini,Casual chat & reactions,0.0,2012-07-11 21:48:56
ck0pb0f,Steve00,It really helps that i have dual citizenship!,Work hours & uni,0.4914,2014-08-26 06:19:49
dbg9yvr,WarTapir,some alternatives http://time.com/4607755/apple-airpod-alternatives-wireless-earbuds/,Casual chat & reactions,0.0,2016-12-21 03:37:58
d0zyp6a,matthras,I'm trying to figure out the right voice/accent to read your posts in.,Jobs & money,0.0,2016-03-14 23:20:35
e3a2hxt,da_clig,"don't you hate calls to your mobile at obscene hours??!?!?!?  esecially after an initial 'please move your trailer' from a online sms generator or anon phone

;)",Jobs & money,0.6409,2018-07-30 07:38:26
c1858zj,xplosiv,"Great, I was looking for some similar recommendations!","Cars, bikes & police",0.6588,2010-12-07 10:08:47
dn77dtm,specialfae,The change in application of AO duties started before the PSO program was launched. The PSO program started in response to a perceived increase in danger.,Work hours & uni,-0.1531,2017-09-19 03:23:11
d7u499z,rex_francis,Calm down. This isn't important.,Trains & trams,0.1798,2016-09-20 03:12:54
dgrcsh5,shaneomaniac,Might pop in for a couple of hours early on!,Local life & places,0.0,2017-04-26 03:14:16
72qgjk,thachosenwun,"So I'm taking this girl on a date and I wanna do something spontaneous, she's out if my league so I really wanna catch her interest. Any good ideas in Melbourne? Interesting art exhibitions in the next week or so or exciting places to visit and just vibe?","Cars, bikes & police",0.9088,2017-09-27 06:19:51
cwx4r3v,kwayera,"We're investigating asking our landlord to install security flyscreen mesh on our rear yard access (sliding glass doors, but old ones, and not particularly secure) - you can get aluminium these days that is pretty impenetrable to a quick knife job.",Politics & traffic,0.4803,2015-11-12 00:15:07
e5lz5al,DocCannery84,Does it matter? The above commenters don't care if they are Sunnis..,Work hours & uni,-0.367,2018-09-08 13:23:51
dvu5nvf,JimmyJizzim,Northern suburbs.,Casual chat & reactions,0.0,2018-03-17 06:26:42
cgo4loa,Quarterwit_85,"That's good advice. 

flatematefinders is the way to go.","Cars, bikes & police",0.4404,2014-04-09 15:47:34
ds2fxgu,spongish,"Lol, socialism fails because of capitalist traits, those same capitalist traits evident in all extremely successful and wealthy capitalist states.",Trains & trams,0.7818,2018-01-02 04:52:31
d5agavz,99trunkpops,Exactly. There are no winners here.,Work hours & uni,-0.3724,2016-07-13 11:45:21
dzzt3wn,Burntbigtoe,Or you could just be not a moron and remember your wallet and keys.,Work hours & uni,0.3875,2018-06-02 14:33:09
dbglm48,futtbuckicecreamery,"I mean, I spared them the more gruesome stories at least.",Jobs & money,0.0,2016-12-21 11:48:54
e6dcxzb,Taleya,"I've been living in Melbourne 40 years, had one bike stolen by local white bogan in my 20's.  I mean what the fuck, right?",Jobs & money,-0.7717,2018-09-21 10:17:05
chthu3u,Thisisnotliz,"http://i.imgur.com/6O1a2li.jpg

Smart watch connects to your smart phone :)",Jobs & money,0.8126,2014-05-28 22:18:06
e3vk2wp,KagariY,Please share the recipe,Trains & trams,0.5423,2018-08-09 08:31:32
e1bdi6a,Helicbd112,I think I know who you're talking about.,Trains & trams,0.0,2018-06-26 12:39:36
d10g4tr,Fumanchui,"Yes but it has special ""I own something awesome"" smells!",Politics & traffic,0.907,2016-03-15 09:55:18
cpgcti7,Skeeball_Fanatic,"Annual leave is taken in four week blocks. It's allocated to you automatically by the rostering department (ie you get what you're given) but if you notify them well in advance of a time required they'll do their best to accommodate you. Bear in mind popular times like Christmas, school holidays etc will be high on everyone's want list. If you find someone on your shift that has the block you want and they're willing to swap with you, then it's usually no problem. We get 2 4 week blocks a year and every 3 years we get 3 4 week blocks. 

The roster is just a rotating system and there's a program on the computer that allows you to look at any roster in advance for at least the next few hundred years. 

It's set in stone. Meaning you'll be expected to work when you're allocated to work, regardless of your social/family situation. You are permitted to do changes of shift with people on other shifts if you can find someone willing to swap with you. It's a tit for tat system so you're expected to do a shift for them in exchange. Once again, it's difficult (or impossible) to find people who will work Christmas, Easter, weekends etc for you. 

Those are the realities of the situation. There isn't anything like flex time or part time etc. Heavy lies the crown. 

Hope this helps. If you're unclear on anything I've said please ask me to clarify,  or if anything else occurs to you I'll be here. I'm always here.",Local life & places,0.9346,2015-03-16 06:28:25
e3unklm,boggie26,Love this guy. Had him on the Frankston line a few weeks back. Told us about his dog and some weird train driver rules. Made loads of dad jokes as well.,Casual chat & reactions,0.765,2018-08-08 21:53:41
d9f2v3r,scorchedegg,"This is exactly what I was looking for ,I have no idea of the cycle routes around the city so this helps a lot. The Moonee Ponds trail looks the most promising.","Cars, bikes & police",0.6299,2016-10-31 07:33:23
cncueoa,daybeforetheday,"Bugger the ice cream, I'm bringing my own. Chocolate hazelnut crunch good for our meetup guys?",Politics & traffic,0.4404,2015-01-03 04:19:32
d3zfl56,Supersnazz,"http://www.austlii.edu.au/au/legis/vic/consol_act/ca195882/s44.html

TIL you can't fuck your step kids, even if everyone is down with it and they are over 18.

Plus it sounds like he was effectively raping her anyway. So there's that.",Work hours & uni,0.3506,2016-06-07 13:57:50
dpnseq4,Plan-B4Me,I don't believe you...,Trains & trams,0.0,2017-11-11 10:26:43
duwevlr,harkoninoz,"One party is spending billions on public transport improvement projects that improve capacity. 

The other party proposes that we don't do any of those things.",Opinions & public issues,0.8834,2018-02-27 10:49:53
d1qgdj4,Stepandwolf,"True! 
Thanks for that :)",Jobs & money,0.8398,2016-04-05 07:54:37
dg41hh0,allegroallegro,Wtf dude. You have to send me your photo now. What's GITS?,Jobs & money,-0.5859,2017-04-11 08:51:44
e2xokis,Lamont-Cranston,Which option would you recommend wongm?,"Cars, bikes & police",0.3612,2018-07-24 09:04:06
dz8fwi8,privatly,The original poster came up with a dumb arse picture. I'm not going to drive at a speed that is dangerous in wet weather conditions. If you want to be an idiot then don't bother replying to me.,Jobs & money,-0.7239,2018-05-19 12:41:48
d4hqgry,Putnum,Seconded. Been happy with Red for over 4 years now.,Opinions & public issues,0.5719,2016-06-21 07:33:46
e6pa6yz,Big-White-Dog,Not much to predate on inside the house!,Politics & traffic,0.0,2018-09-26 23:21:35
cpvebxe,wookiestackhouse,And true live data at that.  None of this Metro Notify notification AFTER you've been on a late train for 20 minutes.,Casual chat & reactions,0.4215,2015-03-30 10:48:12
d0d00ju,PM_ME_YOUR_CHESTHAMS,They fired you in a job interview?!,Opinions & public issues,-0.5983,2016-02-25 06:30:50
d4f1vlv,rdmarshman,Has that happened? What happens behind where the stands were?,Work hours & uni,0.0,2016-06-19 04:20:23
dumf9gu,KonomiKitten,"I don't know if it's ironic but the only people I've seen typing like that are friends parents not my Gen Y friends themselves. I personally would never send texts like that, 120 character limits are a thing of the past.",Jobs & money,0.8636,2018-02-21 22:57:49
cotx7bu,TheSciences,"Wherever the Apple weather app is getting its data from is saying a 30% chance of rain at 4pm, 40% at 5pm, then clear. I reckon I know who I believe.",Politics & traffic,0.5574,2015-02-23 00:24:52
dal4no4,Vagabond_Ori,There is a great one on Chapel St opposite Windsor Station call Penny Syber's Books.,Casual chat & reactions,0.6249,2016-11-29 21:55:15
dlw5l9t,Scalby,Suffer in ya jocks.,Trains & trams,-0.5423,2017-08-20 19:32:49
d7jak72,landsharkkidd,"When I went to report Centrelink were like ""oh we stopped giving you payments because you didn't see someone"" like I wasn't informed of this, I got no information about it, what the ???",Work hours & uni,-0.2144,2016-09-12 07:08:22
e4cknw5,PortiaVenezia,They do it at Flinders St Station too. When the taxi rank is full they just sit in the bike lane on Princes Bridge,Casual chat & reactions,0.0,2018-08-17 12:24:52
4twphh,fuckmyki,"Where in melbourne, preferably CBD stocks columbia products??","Cars, bikes & police",0.0,2016-07-21 12:26:09
dnsm5ag,corporatebabe,Yeah no shit. Cause they know when the new train station starts operating people would park there all day then head to work.,Local life & places,0.6278,2017-10-02 10:27:49
dpddkf2,immschanandlerbong,They were also along Flemington Rd on Friday afternoon.,Local life & places,0.0,2017-11-05 08:54:31
ddwdzaa,Imponte,But isnt the book of mormon a parody/ mockery of  the religion?,Jobs & money,-0.4497,2017-02-18 10:58:25
cjvfg00,themurmurs,"ITT: ctrl + f, ""your current suburb"", upvote.",Opinions & public issues,0.0,2014-08-20 10:39:54
cbkkwj9,Tacticus,"Sorry i should have put scare quotes around ""efficiency"" cutting the funding for backend services and support staff such as IT is just fucking stupid.

this feature worship can be seen in other orgs as well.

&lt;-- works in IT just not for the govt or corp any more.",Work hours & uni,-0.0498,2013-08-09 23:38:07
ddjuql0,bleachwhale,"Female dominated societies are annoying. We are talking about feelings, nearly all the time. Nearly everything that happens, will include a discussion about feelings, at some point.",Work hours & uni,-0.4019,2017-02-09 23:05:56
dbuslrl,DrMantisTobboggan,"Building is pretty much always cheaper than buying a prebuilt system.

You might be able to shave a few bucks off by buying parts from different shops but you need to balance this with the extra shipping costs you'll end up paying for each shop.

Pcpartpicker.com is really useful for working this out. This system might be a decent starting point:

[PCPartPicker part list](https://au.pcpartpicker.com/list/pkbfVY) / [Price breakdown by merchant](https://au.pcpartpicker.com/list/pkbfVY/by_merchant/)

Type|Item|Price
:----|:----|:----y
**CPU** | [Intel Core i7-6700K 4.0GHz Quad-Core Processor](https://au.pcpartpicker.com/product/tdmxFT/intel-cpu-bx80662i76700k) | $457.00 @ Shopping Express 
**CPU Cooler** | [CRYORIG H5 Universal 65.0 CFM CPU Cooler](https://au.pcpartpicker.com/product/jK8H99/cryorig-cpu-cooler-h5universal) | $69.00 @ PCCaseGear 
**Motherboard** | [Asus Z170-P ATX LGA1151 Motherboard](https://au.pcpartpicker.com/product/9L2rxr/asus-motherboard-z170p) | $159.00 @ Shopping Express 
**Memory** | [Corsair Vengeance LPX 16GB (2 x 8GB) DDR4-2666 Memory](https://au.pcpartpicker.com/product/J27CmG/corsair-memory-cmk16gx4m2a2666c16) | $128.00 @ Umart 
**Storage** | [Crucial MX300 525GB 2.5"" Solid State Drive](https://au.pcpartpicker.com/product/2VWrxr/crucial-mx300-525gb-25-solid-state-drive-ct525mx300ssd1) | $169.00 @ Shopping Express 
**Storage** | [Toshiba 2TB 3.5"" 7200RPM Internal Hard Drive](https://au.pcpartpicker.com/product/fpCwrH/toshiba-internal-hard-drive-dt01aca200) | $91.00 @ IJK 
**Video Card** | [Asus GeForce GTX 1060 6GB 6GB Dual Video Card](https://au.pcpartpicker.com/product/jZJkcf/asus-geforce-gtx-1060-6gb-dual-video-card-dual-gtx1060-o6g) | $398.00 @ Shopping Express 
**Case** | [NZXT S340 (Black) ATX Mid Tower Case](https://au.pcpartpicker.com/product/ms6BD3/nzxt-case-cas340wb1) | $105.00 @ PLE Computers 
**Power Supply** | [EVGA SuperNOVA NEX 650W 80+ Gold Certified Fully-Modular ATX Power Supply](https://au.pcpartpicker.com/product/g63RsY/evga-power-supply-120g10650xr) | $129.00 @ PLE Computers 
**Operating System** | [Microsoft Windows 10 Home OEM 64-bit](https://au.pcpartpicker.com/product/96RFf7/microsoft-os-kw900139) | $129.00 @ IJK 
 | *Prices include shipping, taxes, rebates, and discounts* |
 | **Total** | **$1834.00**
 | Generated by [PCPartPicker](http://pcpartpicker.com) 2017-01-01 13:34 AEDT+1100 |

Head on over to /r/buildapcif you have questions. People there give pretty good advice.","Cars, bikes & police",0.9417,2017-01-01 02:43:49
djjbmtt,ciociosan22,"Just got back from the UK (also have a vegetarian girlfriend who loves nut roast) - slightly off-topic but if anyone reading this knows where to get real 'greasy spoon' type breakfasts in Melbourne, lemme know!! 

We love our fancy brekkies, but it would be awesome to break it up  with cheap &amp; cheerful, no frills (but awesome) fry-ups like London does so well.",Politics & traffic,0.9859,2017-06-29 00:28:57
c4y8u29,wanderingrhino,"Ive heard 2nd hand, www.charlesdickenstavern.com.au/.  Call them, find out for sure.","Cars, bikes & police",0.6705,2012-06-09 07:22:57
cqmpydy,Bremic,"Looking at the Growth areas, it's disgusting how much space developers aren't allocating to open spaces or community spaces. Some of the developments near Point Cook were advertising the shopping malls as places for the families to gather and relax. I expect if you ask them about parks you would get the answer ""Yes, there is plenty of parking"".",Opinions & public issues,0.5859,2015-04-24 02:02:02
c4lvnpz,Shilberite,"The HHD (hand helds) Show us everything the back office does, usage history, valid for travel or not, balance etc.",Opinions & public issues,0.4939,2012-05-09 06:11:04
e6f3ueh,Reynbou,I mean... I know exactly who to blame it on. The two African guys who sold my stuff. There's no debate on who to blame. They did it. Not sure why you're trying to argue that.,Trains & trams,-0.8542,2018-09-22 03:38:58
dqs08x9,cayal3,"A little bit of casual racism in the office today: 

""X company should employ people who speak English""

- Courtesy of the CS lady who is always late and complains when the phone rings.",Local life & places,-0.5667,2017-12-05 01:01:10
d59s8tf,Wizard_of_Ozzy,All congested again... and I've gotta record vocals this weekend. Ahhh!!,Politics & traffic,0.0,2016-07-12 21:52:34
cv7m4ew,TimN90,"Ha the spiel about visiting the property guru was interesting.  Plenty of those guys about all offering the same advice in different wrapping.  
  
So $3 mil / 19 homes = just over $157K per home.  Safe to say they're buying units in low demand areas, fixer uppers or deceased estates in decent areas, or going semi-rural?  Not a bad way to build up your portfolio I guess but the risk is pretty massive going off the few areas mentioned in the article.  
  
Also if the dude is in the army his wage would be tax-free right?  Makes a pretty massive difference having that extra few grand a year to put towards repayments.",Opinions & public issues,0.9426,2015-09-20 04:19:35
czqenm3,possiblesoul,"I'd avoid South Yarra, given what your looking for, though prahran is close by and more towards the vibe you describe.

Someone mentioned Northcote, which is a solid recommendation.

Also, I'd suggest St Kilda. Lots of ex pats from your side of the world gravitate there initially. Can be a bit rough around the edges, but it's I'm pretty sure any sharehouse in St kilda would be the type that appreciates the odd house party",Casual chat & reactions,0.9186,2016-02-06 22:21:18
e4g58za,fundieInAChainWax,Anyone know how high this is relative to Dight Falls in Collingwood?,"Cars, bikes & police",0.0,2018-08-19 04:49:29
dxm4i5c,Blue_Pie_Ninja,I heard that they can't fit in the loop anyway so what's the point of them,Casual chat & reactions,-0.2755,2018-04-19 07:05:06
cym2otl,tjsr,"There needs to be a law that any company who closes and requires employees to involuntarily take leave should only be able to deduct leave at a rate of 50%.

I've worked in numerous companies over the years that shut down over the xmas period when there is completely and utterly no reason for me to be on leave - not only can I still get my work done as it's not restricted to being done when other companies are open, but I also don't want to have to use up my holidays during that time of the year when there's nothing for me to do, the weather is too hot, and the cost of travelling anywhere is far more expensive than if I did so in the off season.",Work hours & uni,0.3571,2016-01-04 22:54:41
dfces6j,forkedconcerns,... the thick of it was removed from Netflix... I swear if they get rid of black books I'll be forced to cancel my sub,Trains & trams,-0.6369,2017-03-24 09:56:24
e4v77g4,Not_as_witty_as_u,Old school cool x-post?,Politics & traffic,0.3182,2018-08-26 15:39:58
db8y8x3,BakerNator77,"Shift penalties:

Afternoon  (Monday to Friday) 
15% 
Night (Except where Saturday, Sunday or Public Holiday rates apply) 
25% 


Saturday 
50% 


Sunday 
100% 


Public Holiday 
150%",Local life & places,0.6597,2016-12-15 23:39:47
dvvybni,Screambloodyleprosy,Majority of drivers on the road aren't confident in their driving abilities and don't know how to manoeuvre a car.,Work hours & uni,-0.1601,2018-03-18 10:45:40
dlqj5fc,dinosaur_overlord,"I found 2 on Realestate.com.au

they looked terrible to live in

[have fun](https://www.realestate.com.au/rent/between-0-200-in-melbourne%3b+chadstone%3b+essendon/map-1?channel=rent&amp;source=location-search)","Cars, bikes & police",-0.4767,2017-08-17 03:49:43
cpce7nn,melbournednd,"That's great, I had no idea that store existed, thanks!","Cars, bikes & police",0.7263,2015-03-12 09:33:38
d3mmz4s,redvelvet___,is it gonna go up on youtube,Local life & places,0.0,2016-05-28 04:05:37
dfz7f7m,lemondrop__,It is seriously the funniest thing. I had to stop it a few times because I was laughing so hard I started coughing.,Work hours & uni,0.4649,2017-04-07 23:27:01
dg0n8yc,khongkhoe,If we outnumber the normies they would have to conform to us. Muahahahahaha!!! WE'RE GONNA CONSUME MELBOURNE IN OUR ABYSS!!!,Local life & places,0.0,2017-04-09 01:25:46
cdxujpg,RipperRita,How long before the operators struggle and sell the wheel space for advertising.,Opinions & public issues,-0.3182,2013-12-10 00:57:47
c5xg2nv,dandysan,Does she like cats? I'm looking for a room but have a kitty to consider.,"Cars, bikes & police",0.1901,2012-08-23 06:46:14
41b2fe,chaintool,"I am trying to replace a screen on a tablet today and I need some 2mm wide 3M tape.  I have asked google and have checked the inventory of Masters/Bunnings/Jaycar/ect. 

Does anyone know where I can buy some today?",Jobs & money,0.0,2016-01-17 00:07:44
d4ypxfn,cameronm,"Haha, I started listening to a few episodes after the last thread, so now it's the first one I thought of :p maybe I should try and log back on to iTunes to rate a whole bunch of my faves...",Jobs & money,0.6124,2016-07-04 12:47:42
dt1fegf,jemesct,You can enjoy your landing in Melbourne without fear the plane will be landing sideways.,Trains & trams,0.703,2018-01-22 01:28:48
cg57f7z,THE_PUN_STOPS_HERE,"True, true. The Rocks are one of my favorite places too, so quiet and cool and yet so close to the touristy mecca that is Circular Quay.","Cars, bikes & police",0.8797,2014-03-18 00:23:54
e8nrgaq,mrsrolly,My son made heaps of friends by joining a club for his car! It gives you a head start as you know your car and can learn more! Plus they have regular meetups. Only an idea. I feel your pain.,Trains & trams,-0.1984,2018-10-29 12:59:00
e4vyr6a,TommyTassel,What game did you end up going to?,Local life & places,0.0,2018-08-26 23:14:52
ctxwq9g,northboring,"+1 to Yarra Valley. There's also the chocolate/ice cream place near Yarra Glen, can highly recommend. Also some good food places in and near Healesville for lunch/dinner.","Cars, bikes & police",0.6901,2015-08-10 13:19:20
d9tsvrs,CoeusLoki,Ignore it unless you feel like getting in a fight.  The idiots are probably in and out of trouble with police all the time.  It won't bother them.,Work hours & uni,-0.5047,2016-11-10 02:51:16
c3dptxq,sgtreznor,maybe we should start a campaign encouraging Ents to make sure they recycle their Orchy bottles on a regular basis!,Local life & places,0.7177,2012-01-04 03:15:36
cqhzlg6,Nos_4r2,"indeed. Have had to use it twice in the last year, saved my family around $2000 in the last year with just a $70 per year membership.",Local life & places,0.4215,2015-04-20 00:33:25
d48ks1s,bionicbuns,Nobu does set menus: http://www.noburestaurants.com/miami/private-events/set-menus/,Politics & traffic,0.0,2016-06-14 10:43:52
dyq3tx4,WeatherproofMonkey,"If you have the time I suppose. We had a sky bus driver mentioned this once, it will take a couple of hours if you wanna get into the city.........time is probably worth more than the $15 saved IMO",Casual chat & reactions,0.5719,2018-05-09 22:33:22
clo0i65,llBoonell,Surprisingly good advice.,"Cars, bikes & police",0.6249,2014-10-30 07:49:31
cy30i0e,Jeffplz,what do I do with my outdoor cat who hates indoors?,Politics & traffic,-0.4404,2015-12-18 03:23:03
cq2ubjd,tiredgrad,"If you have to pay the MFB - not sure. I don't believe there is a way around it.

If the body corporate want you to pay them (ie, they got the bill, paid it, and are now chasing you)...it's going to depend totally on your rental contract as to whether you or your landlord are liable.",Jobs & money,-0.3532,2015-04-06 11:29:05
e6p5ieh,zfa,"Attention web nerds: [Free and reduced cost bandwidth for Cloudflare customers hosting with selected partners](https://blog.cloudflare.com/bandwidth-alliance/) announced.

Attention email nerds: [RFC8461 published allowing you to mandate secure email transport](https://tools.ietf.org/html/rfc8461).

What a day. Nerd out.",Trains & trams,0.5423,2018-09-26 22:06:43
dc1zgdn,OzTheMalefic,And the people waiting at that bus stop while being passed by completely full buses.,Casual chat & reactions,0.0,2017-01-06 00:09:14
d6xa8il,ChangingWithin,A picture might help,Jobs & money,0.4019,2016-08-26 09:04:03
cktuvmo,AgentBloodrayne,I can't speak for all of us but I'm at home reading and eating chips.,Local life & places,0.0,2014-09-27 11:34:12
e6lfhty,browsingfromwork,"&gt; Literally no one thinks this.

based off the lack of news about this event in (most of) the media it sure seems like people think this

&gt;We have problems, doesn't mean we should import more.

interesting choice of words you chose in an article complaining about caucasian kids?  are our problems are only imported? where did these kids come from- the secret continent of caucasia?",Work hours & uni,-0.5341,2018-09-25 05:12:22
cpfywr7,zozozozozoz,Facebook does not = social.,Trains & trams,0.0,2015-03-15 22:11:03
cnigge1,dagonpolaris,"It's pretty simple to do if you have a soldering iron and a new plug (can pick them up from Jaycar for like $1.50, I just did today.) The hard part's getting both ground wires into one hole.",Politics & traffic,0.6486,2015-01-08 16:13:51
diz5i5p,PortiaVenezia,"I think someone's been hit by an Elizabeth st tram just outside the GPO. Elizabeth/Bourke St trams blocked. Heard a YT employee say no one got killed.

Edit: more info",Trains & trams,-0.8316,2017-06-16 08:10:50
e2cvn3m,The_Fiddler1979,Share your kWh usage to get a proper comparison as rates differ so wildly. On top of that the different distributors (Jemena etc) charge different supply rates in different areas affecting price.,Opinions & public issues,0.5046,2018-07-14 02:52:55
cnh0fz1,deemikel79,"Just a wineo wanker bogan.  
All I can hear is ""Awwwww yeeeeeee fuckin eeeeeeeeeee awwweeee""",Politics & traffic,-0.5423,2015-01-07 05:37:32
chyutnb,nthfitz,"I recall looking this up a few years ago, all seem to be in the country. Is an all you can eat sundae machine worth a trip to ballarat?


(Answer is yes)",Jobs & money,0.5574,2014-06-04 12:33:39
c79zk7o,Troodons_Are_Better,"The older or weaker dogs are often used to train the other dogs to be more vicious, I think.",Jobs & money,-0.6901,2012-12-02 11:24:18
cshwe2t,SpaceMonkey_Mafia,Wow. Seen this building so many times now and never noticed the face,Politics & traffic,0.5859,2015-06-25 04:06:03
e52vtfu,HooHaaCherrySoda,"Yup, but the money goes to another sicker that's a bit more dangerous.",Jobs & money,-0.6798,2018-08-30 04:37:50
d7ykdro,SandyGlassberg,"It did seem somewhat suspect that so very close to the election, and despite the opposition saying they would cancel it if they won, they pressed on and signed it off. So I would say you may be right.",Work hours & uni,0.2006,2016-09-23 06:32:08
chtl7bp,edeity,Your supposed to talk about pooping. I learnt that here.,Jobs & money,0.0,2014-05-29 00:38:14
d1lag96,MelbMockOrange,Holy fuck the crazy eyes they burns us.,Work hours & uni,-0.7096,2016-04-01 02:17:39
d7or0nu,overtimeking,"Frankston has frequent 10 minute services, it is not the cancellations that's the problem, it is the 1 hour commute to CBD day in day out that would wear you down.",Casual chat & reactions,-0.4019,2016-09-16 02:49:39
e5piip0,Lamont-Cranston,"There are boat sheds before the city, or if you like going all the way you could double back around to docklands and get out opposite the Dockland Library there is a warf set up there for paddle boats",Casual chat & reactions,0.3612,2018-09-10 05:06:59
dyqeruv,melbssss,"Your link doesn't seem to work?

Another person above posted that you can turn off SkyBus options on the ptv site... another friend said that you can use google maps and it is easier, makes more sense and shows all the options!",Jobs & money,0.7424,2018-05-10 01:48:05
cy36dro,OboesBleat,"if you have a good number of myna birds in your area, please do not feed them anything or give them water. Native birds must be sacrificied for the good of the neighbourhood.","Cars, bikes & police",0.8126,2015-12-18 07:05:44
ciiczyh,Bloodymentalist,Unless they were Chinese ones. I've seen them openly on display actually slightly under the counter in a particular inner city Chinese supermarket up until recently. Was always tempted to try a random unfamiliar one back when i was a smoker as they were always quite cheap. I haven't seen them so obviously the last few trips there but tbh I haven't been looking. I suspect a lot of places sell them on the sly. Never knew how they got away with it.,"Cars, bikes & police",-0.4215,2014-06-27 08:47:48
dg0fe84,Niteowlthethird,I definitely would if it wasn't for my crippling anxiety,Politics & traffic,0.25,2017-04-08 22:06:13
dg7jfma,whiteikeastools,Brotherhood of St Laurence bud,Politics & traffic,0.0,2017-04-13 13:30:25
d8zyfwb,naribian,Biggest city i've been to is Rio de Janeiro. Back to your quote: 'at best a big rural town'. 'At best'. So what is it if you're being modest? Just an ordinary rural town? Apparently rural towns build stadiums with enough seating capacity to hold the village of Ballarat,Casual chat & reactions,0.8677,2016-10-20 05:27:39
cdh98kp,Scotty1992,"We do get trains every 10 minutes unless you travel early in the morning or late at night. Check the PTV website or the timetable. It's less than every 10 minutes during peak.

http://tt.ptv.vic.gov.au/tt/TTB/20131114-191331/vic/02FKNDttb_AS.pdf

Also the fact that Frankston has more stations than any other line actually likely improves frequency.",Casual chat & reactions,0.4215,2013-11-18 17:46:27
dqsgzx7,md_5,Why is the tram driver even stopping when no one has called for the next stop? No one else can fit on.,Casual chat & reactions,-0.5719,2017-12-05 06:43:51
d9f8pdx,Xerozia,You may wanna google up on customs or ask /r/Oman they may be better suited. I was mostly Saudi/Bahrain/UAE.,Jobs & money,0.4404,2016-10-31 12:51:15
df7m095,futtbuckicecreamery,"Might be fun, but free range internetters scare me 😳",Opinions & public issues,0.3182,2017-03-21 10:27:36
e3175yv,Misunderstood_Ibis,"https://d2c0ikyv46o3b1.cloudfront.net/anrows.org.au/s3fs-public/Key%20statistics%20-%20all.pdf       

https://www.ourwatch.org.au/understanding-violence/facts-and-figures.     

WHAT ABOUT VIOLENCE AGAINST MEN?

All violence is wrong, regardless of the sex of the victim or perpetrator. But there are distinct gendered patterns in the perpetration and impact of violence. 

For example, both women and men are more likely to experience violence at the hands of men, with around 95% of all victims of violence in Australia reporting a male perpetrator.20 

While men are more likely to experience violence by other men in public places, women are more likely to experience violence from men they know, often in the home.21 

The overwhelming majority of acts of domestic violence and sexual assault are perpetrated by men against women, and this violence is likely to have more severe impacts on female than male victims.22 

Recognising the gendered patterns of violence doesn’t negate the experiences of male victims. But it does point to the need for an approach that looks honestly at what the research is telling us, and addresses the gendered dynamics of violence – this is what Our Watch seeks to do.

https://www.humanrights.gov.au/submissions/violence-against-women-australia-2017.   


https://www.aihw.gov.au/reports/domestic-violence/family-domestic-sexual-violence-in-australia-2018/contents/summary",Work hours & uni,-0.9976,2018-07-25 21:47:16
e50t76p,TalkBackJUnk,"Huh.

So maybe that's just the public allegation? Rather than stuff floating around the rumour mills?","Cars, bikes & police",0.0,2018-08-29 06:33:09
cvt67fa,cayal3,I had to water my laid turf 2 weeks straight. I gave it a good soaking.,Local life & places,0.5859,2015-10-09 00:52:19
du9odis,ballmanbalmain,"It's not an issue worldwide, I know it's cliche but look at Japan. Completely working incredible system and we spend MORE money and have a shitter system. Fuck em",Opinions & public issues,-0.6956,2018-02-15 02:58:39
dur6srj,epicpillowcase,"I'd say it has more to do with the fact the woman initiated the interaction in a pretty unmistakable way rather than the usual ""man takes eye contact of 0.2 seconds as confirmation that she's into him, is convinced she's his soulmate"" cringefest.",Work hours & uni,0.8689,2018-02-24 12:39:20
cyg0005,eatlivemosh,"I'm a permanent casual at my store and they're slowly giving the Chrissy casuals less and less hours til the end of January. As little as 5hrs a week. The majority of them are Uni students, so no point keeping them on when there are no hours to give and they'll be back to school soon anyway. 

Check your contract/employment agreement.",Opinions & public issues,0.3256,2015-12-30 09:42:45
cac6hph,Latch,"""The images allegedly depict sexual acts with children's faces superimposed on them.""

The guy sounds like a pretentious douche of the highest calibre (read the article for his quotes), but it's bullshit if he gets done for childporn. No children were harmed/etc, it sounds like it's just consenting adults with child faces photoshopped/pasted on.

Arrest him for being a wanker, sure. But child porn? Come on! There's people actually out there harming children. Go after them!",Trains & trams,-0.9526,2013-06-04 20:44:44
dws75iy,LeslieHughesLDP,"Contact the relevant Faculty at Monash. (In your case, Arts at Caulfield(?))

In short, you can enrol in two units @ full fee. If you have an average of 60%, you can then enrol in the course. I believe you can defer the payment via a HELP loan, but maybe not. 

Here is the form: https://www.monash.edu/__data/assets/pdf_file/0003/277230/Single-unit-application-form.pdf  For semester 2 you'll need to have your application submitted by 19 June, but earlier is likely more helpful.

The last few pages of this document: https://www.monash.edu/__data/assets/pdf_file/0013/1000651/pathways-to-monash.pdf let you know what you need for what course.

Best of luck.",Jobs & money,0.9482,2018-04-04 08:26:06
d624ud7,close23,"Didn't know what that meant so I searched it and it came up as ""a slang term for engaging in public sex, usually in a car park or country park, while others watch"". 

I guess I'll find friends in the botanical gardens.",Trains & trams,0.6705,2016-08-03 05:37:16
cji1pg1,qucaev,"http://rrr.org.au/
http://pbs.org.au/

No need to listen to the national commercial tripe when in Melbourne.",Opinions & public issues,-0.296,2014-08-06 00:17:44
dnh12xa,SPECIALtypeDIFFERENT,"if it's arboriculturists you're after, you'll need to pop over to /r/marijuanaenthusiasts",Jobs & money,0.0,2017-09-25 05:03:47
dz44ogr,calhoon2005,$25/hour/person... For us that works out to be $70. Best thing ever. Do it. You won't regret it.,"Cars, bikes & police",0.7602,2018-05-17 04:18:03
cnz4rvm,Chocorelli,Construction on the Rialto started in 1982 and finished 1986. So 29 years old.,Opinions & public issues,0.0,2015-01-24 05:54:48
dtraeg8,dunphydyson,"So you can’t support political movements or figures in other countries? 

I guess socialists should cease to exist 😎",Trains & trams,0.7152,2018-02-05 05:30:13
dmgnsjc,UpBoatMillionaire,Lotta people in here saying it would be bad for non-homeowners too. But it's already bad.,Politics & traffic,-0.7906,2017-09-02 09:40:50
dfz6j6p,DomesticApe23,Swap the felafel for celery and it's keto.,Casual chat & reactions,0.0,2017-04-07 23:05:21
clg0mqb,velvet_sledgehammer,"Lumo Energy have been advising of privacy changes since the start of this year when the changes were made.
Source: Lumo Energy Employee",Opinions & public issues,0.4939,2014-10-21 22:46:29
cxq4jhv,ragecycle,"&gt; my employer won't give me a clear answer.

This means he intends to shaft you, he will likely pay you wrong for the day and wait to see if you make a big deal out of it. He is probably counting on the fact that you will be too afraid to call him up on it, happens all the time.",Work hours & uni,-0.2263,2015-12-07 10:06:05
dmw7uzh,fjellse,Yep! PM me and I can arrange a more exact time and location :),"Cars, bikes & police",0.6696,2017-09-12 09:06:19
c6trh2v,Pilk_,"They are less fiddly to use than the old metcard gates which makes them a bit quicker in my opinion.

You're right though, the problem is there is, what, less than one gate per platform?",Casual chat & reactions,-0.4019,2012-10-30 07:54:43
e011vfk,kiss_my_what,"Oh I also have some abseiling gear just in case; rope, figure\-8, carabiners, etc.",Politics & traffic,0.0,2018-06-03 05:20:43
d528sxz,zozozozozoz,"Found it! Thank you! And yeah, really enjoying it so far.",Politics & traffic,0.8392,2016-07-07 01:37:56
67u21u,exactexact,"Hey there, I am doing a research project on the RMIT Design Hub.

Was wondering if anyone really goes in. If you study there what is it like? I have heard it's a really confusing building or in some ways not functional. 

Any opinions on it would be cool : )",Opinions & public issues,0.3832,2017-04-27 07:06:38
cv6rd7m,sahrey,annie's bean &amp; cheese burrito.,Local life & places,0.0,2015-09-19 08:10:17
e4i0wfd,AussieBaldGuy,"Prefer not to say,  but it's in management.",Local life & places,0.0,2018-08-20 04:14:15
dk7fjt9,DrBalance,"It's their fucking fault, so I'd say fair enough.",Work hours & uni,-0.1102,2017-07-14 09:49:27
coaorie,Caiur,"I've walked home late at night from the city a few times that way. The kebabs there are great. Never realised there was a brothel right there, though!",Local life & places,0.6588,2015-02-04 06:21:21
dqrnmsx,md_5,Vanguard index funds or similar are the popular recommendation aside from Super,Politics & traffic,0.7717,2017-12-04 21:15:19
d8mf5gh,MultipleThrowups,Ahhh..not in the mood for stupid today.,Jobs & money,-0.5267,2016-10-10 21:19:17
d6923qg,GArrigan,"if you have your own gear, you should be able to run your mixer to a stereo, and still moniter through your headphones.

alternatively look into getting a decent controller and use your laptop speakers","Cars, bikes & police",0.0,2016-08-08 14:56:48
dmq0gjw,AusJackal,"Not quite - I would recommend ANY uni for a CS degree, because they are all kinda meh and your degree is close to being a four year waste of time no matter where you go. 

BUT that bit of paper at the end is important. So go to a uni that is closer to home. Or has a support network of friends and family. Or offers scholarships you are eligible for. You know?

Then, while at uni, build a private portfolio. Volunteer. Build websites for charities. Start a business. Go to meet ups. Contribute to open source. Find some vulnerabilities and get a few CVEs  attributed to you. 

Those are the things I'm really interested in when I'm hiring engineers. Don't show me where you studied. Show me what you can do. 

Ps: still have no idea who the dude that tagged me in is lol",Opinions & public issues,0.9584,2017-09-08 07:47:13
d3okec5,MelbourneCheapskate,"Resident Cheapskate checking in.

There's a bunch of bars in South Yarra that have cheap drinks. We actually just published a list of [7 of the best happy hours on Chapel Street.](http://www.themelbournecheapskate.com.au/top-list/best-happy-hours-near-chapel-st/)

Also if you want to do a little more hunting, then I've made a search for booze. You can refine it to the City if you want. [You can check it out here.](http://www.themelbournecheapskate.com.au/venues/?venue-type=booze)

Full disclosure; I run that site. 

I would also second the suggestions put forward by /u/forthemaddie.

The Catfish is awesome, so is Forester's Hall. 

Good luck!","Cars, bikes & police",0.9628,2016-05-29 23:46:57
d5opalk,s7alic,Really have to pay 10 extra bucks just for someone to say a few extra words?,Opinions & public issues,-0.1689,2016-07-24 13:27:35
e1ae77t,Generic_Esoteric,I notice you changed “conservatives” to “fascists”. Interchangeable are they?,Trains & trams,0.0,2018-06-25 22:36:21
e4w1zbk,ReflexezJack,"It's because this is the first time it's ""hit home for them"", events like this don't affect the whole demographic until it becomes relatable.  I don't get why fear of your life isn't widespread?",Trains & trams,0.6283,2018-08-27 00:14:19
cv8rd8a,DrBalance,"There's no possible way to get cash out with paypass aside from a dodgy employee who rings up a purchase as an item then just gives you the cash instead of whatever item they put it through as.

Sounds like Coles/petrol vouchers for the exact value possibly.",Work hours & uni,0.2023,2015-09-21 05:37:54
djhvkfi,fullcost,"If they put some chairs and umbrellas and Metro gave us jugs of free beer I would be at the bollards all day long and, thanks for the ashtrays. Good design. :)","Cars, bikes & police",0.9022,2017-06-28 03:47:48
cvhu8jp,Hexiar,"Man, look for yourself.

It's craigslist. You want illegal ID's, use your wits.",Politics & traffic,-0.5106,2015-09-29 06:23:45
cfyr8bf,Rachydoodle,"I love knock knock on Little Bourke and Queen. It's full of barbies and kitschy things and the food and coffee is good, not great amazing snobby Melbourne style but delicious &lt;3","Cars, bikes & police",0.7933,2014-03-10 04:43:34
e38itge,GeeSpee,"In the City Of Moreland a trailer cannot be left in the same spot for longer than 14 days. HOWEVER, I believe this law is subject to the size of the trailer, and whether or not it has a license plate. 

For example there are smaller trailers which legally do not require a license plate, but cannot be left on the street for longer than 14 days. I speak from experience.",Work hours & uni,0.0516,2018-07-29 13:54:04
dyito1w,WhoaItsAFactorial,This one will cost you. Send Bitcoin.,Jobs & money,0.0,2018-05-06 04:10:01
ct4yvxd,tjsr,"Back in to the CBD from where?  With no reference point the first place that comes to mind is Fancy Hanks, at Queen Vic Market.",Opinions & public issues,-0.296,2015-07-16 03:29:50
cy0qujt,dilbot2,*NOT* oleander (and a whole slew of others) unless you're trying to die horribly.,Jobs & money,-0.8074,2015-12-16 06:07:58
dl1ers1,Sindarfin,"I'm not saying the economics are good for these venues, but maybe it's not as simple or dire as was stated.

Also similar to a carbon tax or a housing developer who dumps his asbestos, these venues are not owning the total cost of providing such an enabling space for smokers. They reap the profits and society foots the bill.",Opinions & public issues,-0.4118,2017-08-02 00:38:22
e4gf3gj,Bluebird_83,Went back for a weekend recently maroubra was sunny and 25. Seriously considered finding a way to move back for about ten mins then i remembered they've dug up the whole city for the tram and it's so expensive and lacking in cool cutural shit that i quickly remembered why Melbourne is home now.,Local life & places,-0.0516,2018-08-19 10:08:12
d8lrgn3,jvalkyrie87,"If it is true it's disgusting. On the other hand, I half expect the socialist alliance to pull off a stunt like this so they can point and say ""Look, nazis!"". What a sad world we live in that political debate isn't a genuine and open discussion about the issues that we face and that everything is reduced to point scoring and hatred from one side to another.",Work hours & uni,-0.5411,2016-10-10 12:18:58
di7t8ek,szechuanman,"ah love the justice system in this country. you can fatally injure someone, speed off like a coward, only apologise after you get in trouble for it, and only get 4 years if you're a good boy in jail. /s",Work hours & uni,0.6908,2017-05-30 06:23:11
e6dh0x4,Lonelysock2,Bachelor qualified EC teachers are part of the aeu,Jobs & money,0.0,2018-09-21 12:06:51
deka0ne,bigdaddy3057,Your a sad little man drunk on white guilt. Please don't reproduce.,Local life & places,-0.6151,2017-03-06 04:32:51
du65f2v,ballmanbalmain,"I recognise it's paranoid but continuous reports leaked just freak me out. The USA for example has systems in place in the NSA where if they want to discredit someone's work they will plant false files on their computer and defame them. This is real, from the tons of files from Snowden's release. If the government's do that, they wouldn't blink an eye at this.

And why wouldn't they? I get off at certain places, they know my habits, where I go, which leads to what I do. People I see, they can link it up with. What I spend money on. Where and when to advertise. Etc. etc.",Opinions & public issues,-0.6369,2018-02-13 07:19:06
cdrhts4,CaptainBeeFart,"This is just the tip of the iceberg in terms of Vic Pol corruption.

**EDIT:** okay, you ignorant cunts, go ahead and downvote.",Work hours & uni,-0.6249,2013-12-02 04:49:19
dre8sst,Kozeyekan_,I am glad to see that a nation can unite behind this.,Opinions & public issues,0.4588,2017-12-17 22:43:22
csxd2bz,SystemFailure,it wasnt porn though. people over there are out for blood. videos of people getting fucked without feeling guilty in the context that they deserve it,Jobs & money,-0.5327,2015-07-09 13:23:42
c5yxb8u,Horse_with_a_name,Melbourne is the only city in the world where you get all 4 seasons in an hour,Casual chat & reactions,0.0,2012-08-26 09:09:46
e2zwo4u,tramselbiso,"Yes violence against women is a behavioural issue and so is by definition a cultural issue.  there is among many a belief that violence against women is okay because eg women want to be dominanted, eg many conservative people think spousal rape is okay.",Work hours & uni,-0.8442,2018-07-25 09:10:59
e1ph8li,Kevrulezz,this is worse then crime posts,Work hours & uni,-0.765,2018-07-03 08:15:19
codgtut,Rip_Purr,"You'd be surprised how little they make from a hit single, especially these days, especially in Australia.",Work hours & uni,0.2263,2015-02-06 21:25:25
dyxmxof,jampola,"What are your interests? What drives you? What don't you like about Denver that has driven you to ask us to convince you?

It's hard to help you out here unless we have some idea of why you would consider the move in the first place.",Work hours & uni,0.5761,2018-05-13 23:57:08
dh5u07v,ManicMuffin,"If they're anglo, they could belong to 99 percent of the population. If they're foreigners. They're in a much smaller group.",Trains & trams,0.0,2017-05-05 11:34:34
cl4dzad,Steve00,It took all of 20 seconds to google and then search in seek. I just dont get it!,Jobs & money,0.0,2014-10-09 02:25:43
c9nzgx7,zfa,Makes me feel good.,Work hours & uni,0.4404,2013-04-27 23:40:33
cvt0pwd,cayal3,I hope it is. Otherwise a waste if I can't get the temperature consistent.,Jobs & money,0.0258,2015-10-08 22:15:24
ch9xjxg,MC_riide,"VICs parma rater is where its at.

It literally makes or breaks a business.",Politics & traffic,0.0,2014-05-05 09:12:57
dj7353w,futtbuckicecreamery,Came here to post this. How good are they?!,Jobs & money,0.4926,2017-06-21 12:04:12
d3nypl4,shadinski,"Don't think you're gonna get much better than ABC to be honest 

At least that's my prime go to during happy hour",Local life & places,0.872,2016-05-29 12:37:10
ckwest6,conrad15,"Weird where they get their statistics from. I know 2 people that had a contested myki hearing today.

Unless theyre not counting cases where having an invalid ticket was one of multiple charges.",Work hours & uni,-0.4215,2014-09-30 10:53:39
di8jsu5,Quarterwit_85,It was actually four years for recklessly causing injury - eight years total for that and all the other charges.,Opinions & public issues,-0.5994,2017-05-30 18:38:48
cwx6996,pongomostest,"Put a photo of a dog in the front window. Works well especially if it is a mean looking dog. Don't know why, just does.",Politics & traffic,0.2732,2015-11-12 00:59:52
dse3ip7,FuckingAustralians,That was the improperly positioned one. You see his mates had bought house bricks I shit you not,"Cars, bikes & police",-0.5574,2018-01-09 00:06:52
dkzyl3d,Sindarfin,"Most venues have... wait for it... a front entrance AND a back entrance.

Customers come in the front.

Deliveries, bins and shit use the back. No one wants their chefs smoking at the front entrance, they already use the back alley. You've created an obscure, illogical scenario which is going to kill off dining and gigs in Melbourne.",Politics & traffic,-0.8591,2017-08-01 04:09:26
d0cktqy,Cheese_the_Cheese,"Had to do a client function, well done on the deadies.",Work hours & uni,0.2732,2016-02-24 23:14:51
e6lsuug,sweetandmalty,True!! Well hope for the best =D,Jobs & money,0.9487,2018-09-25 12:13:06
cxf6n16,theferretgirl,"Thanks for the heads up, i guess it will be busy around there!!",Jobs & money,0.5399,2015-11-27 23:28:21
ct58qek,Borderline_psychotic,I can't recommend any psychologists but I'm half way through a DBT course and would be happy to answer any questions you have about it.,Jobs & money,0.67,2015-07-16 11:46:05
cpg8kok,Reqel,"Any one on here a Firie?
I'm wanting to join either the MFB (unlikely as they are not currently hiring) or CFA and I've got one or two questions I'd like to ask. Happy to PM or do it here. 

Cheers.",Local life & places,0.8885,2015-03-16 03:22:05
dr2vikk,zannnn,"Nice weather so see if you can grab a drink at rooftop bar 252 swanston st. Or walk along the yarra river in front of crown casino, watch the fire go off on the hour.",Casual chat & reactions,0.1027,2017-12-11 09:51:53
c4d2oyc,hedaik1,I actually find Melbourne drivers quite considerate (especially towards pedestrians) out of the different cities Ive lived in.,"Cars, bikes & police",0.4927,2012-04-16 23:15:27
d0gr72c,rote_it,Have you run the numbers recently though? With extra low interest rates the only way to make rent cheaper in many capital cities is in a 3+ share house.,Opinions & public issues,0.4767,2016-02-28 09:58:47
dmxu01r,RetiredITGuy,"As a Preston resident myself, fuck him and his teeth. Comic Sans has to be stopped.","Cars, bikes & police",-0.6597,2017-09-13 07:37:56
dc2h48t,waltonics,Suspicious package (via twitter),Local life & places,-0.3612,2017-01-06 07:29:20
dcrqzvs,NotTheAvocado,"Consider doing an independent barista course if you can't get one in-house, and get your RSA. Both are short courses which greatly expand your ability to move into other areas of hospitality when used in combination with your existing experience.  

Or you could ditch hospitality completely. Had a few mates who worked at Apco during their studies and made a bucket load thanks to evening and night shifts. Advantage is that servo employees need to be &gt;18 so you won't be competing against cheap 15 year olds.",Opinions & public issues,0.8425,2017-01-22 22:26:03
d0vny89,domix_aus,"My girlfriend (she's a pastry chef) can make one if you are able to pick up from Brunswick


[Example of a gluten free, choc almond with strawberry mascarpone]
(http://imgur.com/fjd4sTL)","Cars, bikes & police",0.5106,2016-03-11 05:20:25
dumker5,cayal3,"&gt; I think the intention is the driver didn't finish typing before the accident

Do people not realise this?",Work hours & uni,-0.4767,2018-02-22 00:29:00
dlw58wz,ArchangBelle,SUMMON THE QUEEN!,Trains & trams,0.0,2017-08-20 19:25:31
d33tspy,mrgtjke,"Lived in Corvegas for about a year and a half. Spent a few days in PDX but don't know it like the back of my hand

It has a similar feel, bit artsy and alternative/creative. If you are a typical Portlander, you will probably enjoy the bar/cafe scene here. I don't drink coffee, but we have some of the better coffee in the world, and there are so many different bars here. The craft beer scene is a little behind Portland's, and not quite as big on the IPAs.

There is a lot of laneway graffiti art that you may like, if you are artsy. Melbourne is a lot bigger so you will probably find more things to do and see here. Sport is a lot more popular here; yeah, I know the Timbers and Blazers fans are pretty rowdy, but Aussies are generally crazy about most sports

If you are after anything in particular, feel free to respond or message me","Cars, bikes & police",0.9818,2016-05-13 09:11:54
cifkoc6,Sickly404,"Guess not, it all went south pretty quickly.",Casual chat & reactions,0.4939,2014-06-24 07:15:44
dur1ci9,wharblgarbl,Oarsome to the max,Politics & traffic,0.0,2018-02-24 08:38:19
dc6zeex,DontMentionWombats,"The track will get engorged with train juice, and eventually spurt public transportation all over itself",Casual chat & reactions,0.0,2017-01-09 11:15:39
cvsx39x,PM_ME_YOUR_CHESTHAMS,Greedy jerks. Good luck!,"Cars, bikes & police",0.4199,2015-10-08 20:43:10
e0ar9zh,zfa,Well at least nothing has gotten more expensive in that time.,"Cars, bikes & police",0.2732,2018-06-07 23:55:17
dmexwbq,Phroneo,"Why does everyone act like a crash will destroy all jobs and lending?  Even during the worst depressions unemployment was 20% or so.  

And why does everyone think that it is better to make things worse by pumping the bubble higher to avoid the pain?  Is there some magic number where the stack of cards solidifies? 

These arguments have been used for over 10 years and it's only gotten worse.",Work hours & uni,-0.9767,2017-09-01 06:44:12
e2ppq1g,flora_poste_haste,Each of which probably pays more tax on their relatively meagre earnings than Apple does on their local empire.  At least they put into the local economy and society.,Opinions & public issues,0.0,2018-07-20 08:07:38
dc0yk6a,ClavicusNitrus,[Hoddlewood sign](http://i.imgur.com/JDIA7DW.png) in LA,Trains & trams,0.0,2017-01-05 09:47:45
ct4tr2d,_otsegolectric,"Man, reddit is a fucking cesspool outside of niche subs.

Any opportunity to make homophobic jokes is leapt on; constant and massively upvoted rape apologist rants; rampant racism. Then they act like fucking children when a sub that is literally harassing people gets banned, claiming an ""intrusion on free speech""; this is not the government, it's a company, this has nothing to do with free speech.

Seriously, next time someone says something misogynistic try calling them out with something like ""hey, that's a pretty fucked up thing to say"". You'll be dismissed as a bleeding heart ""SJW"". Sometimes I really hate having any tenuous link to this site.",Trains & trams,-0.7089,2015-07-16 00:52:58
d4hm130,Justalittlebithippy,Jumping on board the Powershop recommendation. It's amazing.,Opinions & public issues,0.5859,2016-06-21 04:23:46
d0ck1tu,atregent,That's awesome man!,Politics & traffic,0.6588,2016-02-24 22:55:50
dhbm3vr,Fifa17K,I just did my language conventions and my writing today. We've had one practice test for each subject and that's it.,Jobs & money,0.0,2017-05-09 09:47:13
dfqble8,shiromaikku,"Also, not called the Nutshoppe. Not the same one. Never tried that one, but considering they're called the Nutshoppe, I reckon they probably have almost anything you want.",Trains & trams,0.0141,2017-04-02 15:51:24
dw729pw,Baldricks_Turnip,"Total agreement from me! I think the lack of infrastructure to deal with rising population is becoming my number one concern. I have always voted Greens/Labor but if the Libs promised to put immigration on pause for a decade or so I would vote for them. At this point the infrastructure projects we have underway don't even seem to involve any kind of future-proofing, they merely are attempting to make things a little less fucked.

I am pro-multiculturalism, this has nothing to do with where our immigrants come from. It's just numbers. Something has to give.",Opinions & public issues,-0.3692,2018-03-24 02:58:17
dufg7f9,22_mediocre_seconds,"It is actually quite good, students will be seeing you, however that have to justify every decision to teaching staff, hence a excellent indepth level of care. Cheap does hurt either.

https://www.vu.edu.au/about-vu/facilities-services/our-services/health-wellbeing-clinics/osteopathy-clinic","Cars, bikes & police",0.7713,2018-02-18 08:50:30
e5mwmj3,wharblgarbl,"Considering the March for Men was being attended by the usual far right organisations of Melbourne, and Eriksson was arrested at the Farage event, most likely",Trains & trams,-0.4767,2018-09-08 23:10:53
cjldy2u,doesnt_even,This place is actually super boring.,Local life & places,0.3818,2014-08-09 13:26:32
d1dzkjt,EarlyEscaper,Or you could just live and let live.,Casual chat & reactions,0.0,2016-03-26 07:32:31
e6nrb60,McGarnacIe,Ahhh the memories are flooding back.,Jobs & money,0.0,2018-09-26 07:48:47
ck5a9nf,Steve00,Shhhhhh dont tell Olivia but Leo is saaaaaaah my fav!,"Cars, bikes & police",0.6476,2014-08-31 07:35:46
d52jciz,Steve00,Doctors then red wine and home made soup for me :),Trains & trams,0.4588,2016-07-07 07:04:28
c8u4wtp,genericguy,Boy does he love that top loading washer.,Politics & traffic,0.7184,2013-03-12 09:03:55
cq9fyis,notquitedrdeath,No one's mentioned it. Maybe it's too mainstream for all you trendy individuals.,Jobs & money,-0.296,2015-04-12 02:54:54
cyj3cg8,jampola,Went for the first time the other night (Renegades v Scorchers) with the Fam. 20 clams for some motocross and cricket all while the beer wasn't outrageously expensive. Had dinner before the match at the Nixon. Great night was had by all!,Local life & places,0.7415,2016-01-02 07:00:01
e8n6e4b,stinx2001,"Might as well share my little (but not so little now) guy 

https://www.instagram.com/p/BnNGDWGjPCi/?utm_source=ig_share_sheet&amp;igshid=qx1iu8licvjj",Politics & traffic,0.2846,2018-10-29 03:12:48
e452qbc,AussieBaldGuy,"What bothers you more, a pimple, a rash or cancer.",Trains & trams,-0.836,2018-08-13 22:41:22
dgw7jcc,twoverend,Safe move. A LAN party could break out at any second.,Local life & places,0.6808,2017-04-29 02:30:10
dek85zk,wholemealbread,"As a person who wants as many holidays as possible, I think we should be given days off for significant events in all religions and cultures.  It is only fair thing to do.",Opinions & public issues,0.6908,2017-03-06 03:47:17
ci5ku5l,megablast,"Cycle into the city, it is great, and most people are very good. And it is easy to ride past all the parked cars on the road.",Casual chat & reactions,0.8805,2014-06-12 11:01:41
dj6tqnx,j577,Tuckshop Takeaway is the only correct answer.,Trains & trams,0.0,2017-06-21 05:43:37
dt32lv0,Em1skies,Absolutely. Incredible little things. I get a pair of them hanging out on my back fence and windowsill occasionally.,"Cars, bikes & police",0.0,2018-01-22 22:51:29
2xjr4b,thatnellykid,"I don't mean bars that people don't know about, I mean bars similar to Jungle Boy or Loch &amp; Key where you either need a code word to get in or that is hidden behind a book case or something.

Cheers!",Work hours & uni,0.5255,2015-03-01 09:17:27
dxzmzyn,Northernpixels,Oh.....no. That's a special kind of idiot.,Work hours & uni,-0.1531,2018-04-26 06:46:08
cxyc3r1,cosmicr,"Most of the restaurants along Glenferrie road are good. 

Roccoco, Fonda(meh), Ribs and Burgers, are all pretty cheap and easy.

There's a few decent pubs, Hawthorn Hotel, Glenferrie Hotel - both good and reasonably cheap if you go on deal nights.

Nevermind Bar serve awesome burgers, there's also Brother Fox which is pretty decent(you could take a date there), and Bay City Burrito which isn't much of a restaurant but has decent food.

If you want a little less classy, there's Schnitz or Huxtaburger or even Grill'd.

I think the new Lido cinema does food too.

I haven't even touched the tip of the iceberg, there's heaps there, just go and look, it depends what you're into.","Cars, bikes & police",0.9192,2015-12-14 04:32:31
dzv8xa3,Screambloodyleprosy,How good is it? Luckily mine does otherwise the delightful woman saying lots of F words would have gotten inside a few weeks ago.,Local life & places,0.875,2018-05-31 06:29:15
7cg66o,trashjaci,"Hey everyone, planning to change my course to marketing/media but Im not sure where I should apply for. Tell me your opinions and stories, thanks!",Jobs & money,0.4017,2017-11-12 16:03:39
e1qlg52,stubbers101,Savage. Thanks for the laugh,Politics & traffic,0.5423,2018-07-03 20:12:31
dtifntf,elephantdongs,I hear meth is fun,Local life & places,0.5106,2018-01-31 09:26:17
e6pvf9o,supers0nic,Can you write a cover letter template and alter parts to suit each application? That's what I do.,Jobs & money,0.0,2018-09-27 05:40:42
dz3py3c,Largebrickwall,"I don't care if you're joking or not, please get help now",Trains & trams,-0.6057,2018-05-16 23:48:58
d524g6s,sahrey,i don't get pokemon?,Jobs & money,0.0,2016-07-06 23:46:42
chtmjjt,ValleySherpa,.. with a half an hour break... On opposite sides of the city.,Casual chat & reactions,0.0,2014-05-29 01:29:28
cvtbw5h,cayal3,anyone know if PS4 can get into the Star Wars Battlefront beta or is that thing for the yanks only?,Local life & places,-0.7003,2015-10-09 03:29:03
d3ivlo3,spacelama,"Well actually, you aren't meant to fly inside a train.",Casual chat & reactions,0.2732,2016-05-25 09:37:34
d3ivlkt,mahler004,"""[$6.5 million for Puffing Billy, $10 million for Melbourne Metro](https://twitter.com/ClayLucas/status/735367482492477440)""",Politics & traffic,0.0,2016-05-25 09:37:24
54824c,ChopsNZ,"Hi Aussies! Just wondering if any of you have experience with the school system in relation to someone with learning difficulties around basic literacy and numeracy. My nephew is in his second to last year of primary school and is really struggling and is well behind his peers. By the sounds of it it is making him depressed and anxious. He is an awesome kid and I love him to bits and I hate to think of the distress this is causing him. 

With secondary school coming up I'm really concerned this is only going to get worse for him. Are there any schools you could recommend that would work for him? Our parents want to pay to send him private but I'm worried that will just throw him into a competitive environment that will make it even worse for him. In every other regard he is a normal kid. No behavioural problems. Easy to get on with, polite and self aware. He is a bit shy but I think part of that is due to his problems at school. 

He is in Brighton if location makes a difference.",Work hours & uni,-0.8203,2016-09-24 01:18:16
cgnzmq4,Sparkleworks,"If you're on Facebook, Facebook events are good because you can make them as public or as private as you like. Usually means that all your friends will be able to view the event and then they may invite people too, making it a 1-2 degree separation circumstance, so easier to keep tabs on 'crazies' or just get honest opinions from friends.

Or, hell, slug it through Gumtree, perform a bunch of interviews and hope that you get lucky.","Cars, bikes & police",0.9596,2014-04-09 11:52:29
cohwtc3,Shes_the_Cheese,Someone was saying they've moved the weather station and having trouble configuring it. In this thread I believe.,Jobs & money,-0.4019,2015-02-11 06:16:22
cn75fkm,GibsysAces,To be devils advocate if your friend came around and fixed it within 45 seconds chances are it was past the network bondary point (varies depending on house/unit) and somethng to do with internal cabling or modem or pc,Politics & traffic,0.0772,2014-12-28 05:04:59
dj758e5,icyflakes,"Seriously, fish and chip shop burgers are the fucking best. They're so different to a standard burger - I'm surprised that regular burger joints never really do that style.",Local life & places,0.6901,2017-06-21 13:01:59
c6cdyto,stryka00,Very fucking cool!,Politics & traffic,0.4877,2012-09-23 21:49:58
dz3uy0s,vendilion,"What I've seen is that it's hovering around a 65% average.

In the age of Marvel films routinely getting 90+% this is a clear indication to me that the film is awful.",Trains & trams,0.34,2018-05-17 01:19:39
dbv1epy,beergoggles69,I think rooftop stuff is done pretty well here. It does cost money to refit and reinforce old roofs so they can safely support people.,Opinions & public issues,0.8876,2017-01-01 08:10:37
dyqo8nu,trueschoolalumni,"Don't give up hope, OP. My cat disappeared via the balcony on Monday and managed to walk along railings two townhouses along, jumped down into the courtyard and got trapped. I found him that night, thankfully. Is Smokey an inside cat usually? If so he/she probably hasn't gone far. It's a really shit situation, but keep hoping for the best.",Local life & places,0.765,2018-05-10 05:04:00
dyxqol9,TimN90,Are you white middle class that likes wearing activewear underneath puffer vests?  You'll fit right in.,Trains & trams,0.6486,2018-05-14 01:11:11
cadypw6,ratrl3,"As others have said, Kittens is probably one of the better options.

Whatever you do, do NOT go to Dallas Bar (King St).  It is a fucking overpriced dive and the girls there are generally ugh.",Trains & trams,0.0258,2013-06-07 08:43:52
cjjzbht,Jumperpants70,"Likewise in other places (Taiwan, Singapore etc.)...",Opinions & public issues,0.0,2014-08-07 22:59:24
cxsfebp,dinosaur_overlord,"Just installed Samsung update and my phone is NOT ENJOYING IT at all. 

Stupid phone",Politics & traffic,-0.773,2015-12-09 03:41:24
chmg1ko,thomjrob,On weekdays it is usually alright.,"Cars, bikes & police",0.25,2014-05-20 06:25:19
diqmbmt,wheresmythemesong,mum wants to see what her old hsc mark translates to atar-wise,Local life & places,0.0,2017-06-11 01:39:32
d49oupd,fearofthesky,"Ban evasion is against reddit TOS. Ask the admins for help if you want, they have a few tricks up their sleeve to deal with such idiots.",Jobs & money,-0.2732,2016-06-15 02:44:48
c7lhjz7,Anionz,"I find it strange that you say that in the Melbourne subreddit, where the majority probably grew up in Australia...

Still I agree with your point.",Opinions & public issues,0.1779,2012-12-24 14:47:13
e1tumsv,Adon1kam,"Probably going to get shit on for this but all things considered doesn't that seem incredibly low?

Like in a city where pretty much no one can afford to buy a house or can barely afford rent with minimum wage and certainly can't on centrelink, that also has a population just shy of 5 million?

That sounds crazy low.",Opinions & public issues,-0.5764,2018-07-05 12:50:45
dzd6bjo,Maphover,"Something has to effect your pay packet, health or family to jolt change. Industries will often counter bad press with offers to self regulate and better inform customers. That gives them the opportunity to confuse customers with over-information and continue the gravy train for another decade or so. Eventually legislation is passed, then slowly eroded over time. Rinse and repeat.",Work hours & uni,-0.0258,2018-05-22 02:05:28
c4ej94o,TimMcMahon,The Zuul of post-it notes T_T,Opinions & public issues,0.0,2012-04-20 13:35:33
cv7h7v9,Bastidgeson,"Rent tracks wages right? 

Better pray we don't get a rise in unemployment or a plateau of pay.",Opinions & public issues,0.2263,2015-09-20 01:26:07
cgkzy90,dfbowen,"By my count, this has happened at this location at least 11 times in 5 years.

http://www.danielbowen.com/2010/10/04/truck-rollover-again/",Local life & places,0.0,2014-04-05 22:25:48
d8zqqfg,Deceptichum,"As someone who used to catch V-Lines back to Bendigo, you people were the opposite of fantastic. You'd take up all the seats leaving us standing while you're going to get off the train shortly anyway.",Casual chat & reactions,0.5574,2016-10-20 02:19:15
e7zapfi,bradbull,We're talking about people who haven't yet been found guilty of a crime. Who are currently in custody.,Jobs & money,-0.743,2018-10-18 04:05:10
cvdcfza,animals_as_leaders,"I don't think that would be representative. I recall looking at entry level ambulance dispatcher jobs, it was something like 48-50k. For the more experienced call takers it might be closer to 80k.",Trains & trams,0.3612,2015-09-25 02:40:11
crrlvsj,TimN90,"You're competing with smartphones and tablets that can read anything on the internet. Serious uphill battle there, all the Melbourne centric stuff you want to put into your paper is online already.",Jobs & money,-0.3818,2015-06-01 06:13:19
c6qz90p,welcometo1984,"Ohhh my gosh yes, I do! I also remember the Planet Earth and Timeout on level 3, and when most of that closed down and it was just creepy empty shops.",Jobs & money,0.2942,2012-10-24 09:33:58
ckpdl6i,DuckMaster27,Awesome photos. Which beach is this?,"Cars, bikes & police",0.6249,2014-09-22 15:49:46
e4ys6o3,Lamont-Cranston,Yeah its an American term,Trains & trams,0.296,2018-08-28 09:38:23
cyc6i6c,pskipw,"This is a girl who laughs in the face of fear, and particularly likes rides that send her upside down or to the edge of vomiting. Wonderland looks like it might be a little tame?",Trains & trams,0.6801,2015-12-26 23:01:02
e6p8pu5,Melbourne_wanderer,"Oh, good idea, cheers!","Cars, bikes & police",0.7424,2018-09-26 22:57:17
d2pdgru,jvalkyrie87,Man that last section of copper should be fine to handle 1Gbps in the vast majority of FTTB installations.,Opinions & public issues,0.2023,2016-05-02 06:35:22
e0bpkwf,Michael__223,"Good job man.

Wish u the best of luck","Cars, bikes & police",0.9153,2018-06-08 13:08:27
dbpi3mp,xsqr,"Wow, no trains from the north must have went right over my head... had no idea ! Do the trams actually suck that bad?",Casual chat & reactions,-0.7424,2016-12-28 06:21:11
dzvf7p1,the_yank,Spoiler alert: the game is awesome!,"Cars, bikes & police",0.7644,2018-05-31 10:11:03
c2cg1dd,W357Y,Pretty sure facebook works just as well...,Politics & traffic,0.765,2011-08-14 20:54:37
e2xdbx3,1jnkhb3553445jb,"It's not all doom and gloom. [There are ways that you can help.](https://www.melbourne.vic.gov.au/community/health-support-services/social-support/Pages/help-homeless.aspx)

But also know that the Liberals won't ever fix this and actively make homeless and poor peoples lives harder so probably don't vote for them lmao.",Work hours & uni,0.5391,2018-07-24 04:00:12
d5y9qjc,Mr_A,G.O.D. Drain sounds equal parts terrifying and enthralling.,Politics & traffic,-0.5719,2016-07-31 13:14:06
daax1i1,GymLeaderBlue,"He's a pretty known scientist that debunks stuff like David Wolfe tier crapola, sounds amazing on paper but horrible in execution",Politics & traffic,-0.128,2016-11-22 13:26:50
do2c0dh,whackadoodle_cracked,😍😍😍😍 THANK YOU!!! I wish I could upvote more than once! SHE IS ABSOLUTELY TO DIE FOR. Sooo cute!! How's she going? Is she just the best little munchkin ever?,Jobs & money,0.9641,2017-10-08 04:16:34
cish10e,ismash,"Sorry mate, I didn't see you!",Politics & traffic,-0.1511,2014-07-09 12:19:27
dj58pdc,2bi,"Nope, if anything hes probably more comfortable than you were.",Trains & trams,0.5563,2017-06-20 09:25:03
cq3xvoc,brunswoo,You are so wrong. Every parent struggles with the freedom/trust vs supervision thing. You can't get it right all the time.,Work hours & uni,-0.7573,2015-04-07 09:12:30
cf9t67b,NeilDeSnowden,"Being drunk is just as bad as being tired.  You can hardly say that very drunk people are ""functioning"".",Work hours & uni,-0.8883,2014-02-08 00:06:48
dmvigmq,cayal3,Feels like everyone is sick these days.,Local life & places,-0.2023,2017-09-11 21:57:56
d4paynq,BadBoyJH,"MISS

- Mirror
- Indicate
- Shoulder (check)
- Steer",Casual chat & reactions,-0.3254,2016-06-27 01:58:07
d49jf8e,cupillar,maha is a lovely not overly expensive set menu place. really solid food.,Politics & traffic,0.6901,2016-06-15 00:20:25
dg0n77u,judahnator,I'd buy painkillers off someone. I can't afford my insurance going up,Opinions & public issues,0.0,2017-04-09 01:24:32
cvj1epy,Hinxsey,"I like the Duke, but its gonna be hell on earth after the grand final. 

Maybe check out the Cherry Tree Hotel, not too far from the G, good beers and a nice ""backstreets local"" vibe","Cars, bikes & police",0.7096,2015-09-30 06:29:28
dt3upha,whackadoodle_cracked,"Hahaha I do! And she is most people's favourite, funnily enough. She is very pretty to look at but can be a massive slore, whereas Walter is pretty much obsessed with me so he wins top spot. 

Anyway here's a pic of [Lily](https://i.imgur.com/S0F8WAR.jpg)",Politics & traffic,0.9534,2018-01-23 09:22:59
d3nvpmp,mopoke,I did a course at VRI a few years back at their old premises in Richmond. The tuition was great and there were quite a few good fencers training there too. I've walked past the new place and it looks very well equipped.,Local life & places,0.8643,2016-05-29 09:27:38
dpm2heq,Miss-Omnibus,"Maybe you should try giving the kids the Ritalin and dexemphetamines they were prescribed instead of taking them for yourself, you cunt.",Work hours & uni,-0.2023,2017-11-10 07:56:00
ctwg9pr,Krispykiwi,"Back home now, but here's the rundown: LOBSTER is shit, I actually liked LOVE, MY GOLDEN DAYS is good, TAXI is great, HEAVEN KNOWS WHAT is great, THE HOLY MOUNTAIN was great on the big screen, CEMETARY OF SPLENDOUR was really good, HORSE MONEY was the best there (and is amazing) and PASOLINI is good. ARABIAN NIGHTS also showed there, which I saw at SFF, and that's the best film of the year.",Local life & places,0.9971,2015-08-09 01:40:34
dk7hru2,Moondanther,"Deniability.

""we're sorry to hear what happened Mr Citizen, we agree it is terrible but it's not OUR fault. They are a private company, they are the ones who are to blame""

Every time something like this comes up, or the contract is up for renewal, people claim the government will take it over. Nope, never going to happen, no matter who's in power at the time.",Work hours & uni,0.3561,2017-07-14 11:24:31
cn31iry,someones1,"&gt; unless he did 3 months rurally

The ""Work and Holiday"" visa that US citizens are eligible for ([visa 462](http://www.immi.gov.au/Visas/Pages/462.aspx)) is different than the ""Working Holiday"" ([visa 417](http://www.immi.gov.au/Visas/Pages/417.aspx)) that some other nationalities are eligible for.  462 cannot be extended with rural farm work; 417 can.",Local life & places,0.6597,2014-12-23 05:53:47
c4mq4ez,Shilberite,"I'm really sorry you were put into that situation - How long ago did it happen? 

If it was a while ago, I can safely say most if not all of that sort of behavior is no longer with us, maybe 10% of the current AO team are made up of the cowboys from those times, the only time a serious incident takes place now days is due to extreme noncompliance 

If I happen to come across you by chance (Doubtful however) Id like to shake your hand as a sign of good faith.",Work hours & uni,0.8558,2012-05-11 06:13:45
ct2gs6d,Rod750,"Yeah.  I prefer curry laksa.  The proof is in the tasting - I've had some pretty average curry laksa in the CBD but also some excellent curry Laksa.  You can but try them, I guess!",Politics & traffic,0.8419,2015-07-14 02:18:43
ddukyvf,JohnnyDeppNoMeansYep,"What I meant is that I am normally within the speed limit, not that I'm a great driver.

Your advice is good and I'll keep it in mind. Thank you.",Work hours & uni,0.8591,2017-02-17 03:23:45
dn95rw0,Em1skies,"Absolutely spot on. The terrible bus system was a big factor in moving closer to a train line when I started full time work.

I'd get the 6:43am 905 because it was the latest one that would consistently get me into the city before 8:15. The amount of times it would get to Thompsons Rd x Manningham Rd and blow through all subsequent stops due to overcrowding was staggering. I feel sorry for anyone living on that route relying on it to get anywhere.

The graffiti problem is definitely getting worse - so many times I'd get on and half the seats would be ripped/tagged/generally filthy was appaling.

Then there was the problem where it felt like every other bus I took in summer would break down and we'd be left stranded until the next one arrived.

Fuck Transdev.",Casual chat & reactions,-0.8957,2017-09-20 09:32:48
cohox51,megablast,"Definitely don't try ringing up any construction companies, or talking to your professors.",Jobs & money,0.4019,2015-02-11 01:53:07
cirgo1y,rowdiness,"Yep. Saw a hipster chick complete with wicker basket, wearing full headphones over her ears, no helmet, no lights, on Alexandra ave next to the river, dusk, city bound. Right fucking across the road from the bike path. Too cool for me.",Casual chat & reactions,0.4919,2014-07-08 09:46:35
dayu1vo,ciengclearly,haven't you seen the backyard of your mum's house?,Opinions & public issues,0.0,2016-12-09 02:14:50
ds0yk93,greatsavem9,Can we? I love African coffee. What part are you from?,Trains & trams,0.6767,2018-01-01 04:43:11
dxq5u2r,bellendrodriguez,"Just out of shot: Chinese nuclear submarine that those ""cleaners"" were flashing a coded message to.",Local life & places,0.0,2018-04-21 10:17:34
dwwcuy3,Sketchthat,You can do it with a full stop too. So `myemail.nelson@gmail.com`,Work hours & uni,-0.296,2018-04-06 05:25:28
e4vv3dl,it_fell_off_a_truck,In that lull of having quit my previous job and waiting for the new one to organise the paperwork. My last taste of freedom?,Local life & places,0.6369,2018-08-26 22:09:10
ctl1ge8,atregent,"Ha! Yes, that would be quite the jump.",Work hours & uni,0.4574,2015-07-30 01:38:01
dezwgg2,deimos,check out Pacific Heat,Casual chat & reactions,0.0,2017-03-16 07:17:48
cylz6hd,cameronm,I love my new job. I'm on the really early train actually looking forward to being there. Was there late last night too! It's a massive responsibility I'm taking on and there's a LOT of work to do. Yaaaaay!,Local life & places,0.6988,2016-01-04 21:31:15
dd7nl2o,DocCannery84,"&gt;And im sure we have all seen the increased number of mormons around.

Has anyone else noticed the increase in baader meinhof phenomenon? :P",Politics & traffic,0.8286,2017-02-01 23:38:46
e1zei67,Lintson,"Nah Melbourne has nothing like this. Closest thing would be Flinders St station but its just too small and generic to be distinguishable landmark like the Opera House. To be fair though, we're in the same boat as Australia's other state capitals (bar Sydney of course).",Casual chat & reactions,0.7091,2018-07-08 02:23:55
c4lvyro,Shilberite,"about 30 mins in the morning, we have crib, or crew break for 20 mins, 15 mins of paperwork, then we're out on the tracks again, then back at the depot an hour before end of shift to finalize any paperwork, so all told, about an hour and 45",Local life & places,0.0,2012-05-09 06:48:22
d9xlk12,sandypants63,"http://www.radheychaibar.com/   this cafe has different soups and curries each day. Delicious food, very cheap","Cars, bikes & police",0.5719,2016-11-12 21:14:51
csgerk7,stinx2001,"Haha. This is a national issue. First party to create a national, standardised beer sizes gets my vote.",Local life & places,0.7783,2015-06-23 22:13:34
dw72kte,PinkyNoise,Probably for the same reason the amount of Chinese in the CBD is a problem.,Opinions & public issues,-0.4019,2018-03-24 03:04:45
dbgkv1x,notasgr,I bought this for my sister this year.  I am not sure she will actually want it....but it's too late!,Politics & traffic,-0.2392,2016-12-21 11:11:56
cfajkdu,fortalyst,Even the Holdens are going crazy with this heat,Politics & traffic,-0.34,2014-02-09 00:21:11
cdy6uy8,drunkill,Mt. Dandenong Lookout at around 7:40pm during summer. Watch the sunset then bang back at the carpark,Casual chat & reactions,0.0,2013-12-10 11:15:17
dbfwffa,unstealthypanda,Rare steakhouse last night for great friend/housemate's birthday. Another great friend's tonight. This week is AWESOME!,Local life & places,0.9363,2016-12-20 22:25:24
cofllym,ratsock,"100% this. If you look at most suburbs around the city they are so heavily heritage that u cannot easily increase the density (Fitzroy, Carlton, Collingwood, parts of Richmond). What you're left with when it comes to inner city living is Southbank and docklands which don't have the facilities.... And your last option is increase density in the CBD.",Casual chat & reactions,-0.1774,2015-02-09 02:50:45
dj77f0o,Anuxinamoon,"Difflam helps cause it numbs the throat. It  probably doesn't cure it, but by golly it helps keep the pain away.",Work hours & uni,-0.1531,2017-06-21 13:52:34
ca2vh7u,budbuds,glowstatic does this..,Work hours & uni,0.0,2013-05-21 05:43:43
chj9t03,kittykittyblahblah,I like this place: http://www.urbansalvage.com.au/index.html - the timber is recycled so pricey.,"Cars, bikes & police",0.3612,2014-05-16 04:34:11
ca155pq,HBOXNW,Anywhere near ballarat? I'm new at picking what should I avoid?,Casual chat & reactions,-0.3736,2013-05-18 12:08:02
ds10jz3,Tilting_Gambit,"&gt; the person who was the victim of an attack perpetrated by Sudanese youths thinks that there's a problem with Sudanese youths

Only in the most uncharitable interpretation of what he said could you come to this conclusion. It's a Sudanese man, who lives in the Sudanese community, who volunteers at Parkville Youth Justice Centre, who has also been the victim of a Sudanese machete attack. 

I *think* you're trying to say that he's really focused in on Sudanese crime in particular, because of all the points I just mentioned. Maybe he's too close to the issue to tell whether it's actually an over representation like he implies. 

So let's pretend it was a white, ex-cop/journalist/researcher/lecturer. Would your gut reaction be that he's a racist? Mine would, seriously. I think if you're honestly self-appraising you'd be at least very suspicious that an outwardly reasonable article was just a racist rant smuggled in with a few anecdotes. I think this is a good bullshit defence mechanism too. 

But in this particular case, that automatic ""What are this author's ulterior motivations?"" defence is entirely misplaced. He seriously wants what's best for his community, I think that's obvious.",Work hours & uni,-0.7265,2018-01-01 05:48:49
cjvds59,a_stray_bullet,I'm from Berwick and I'm confused,"Cars, bikes & police",-0.3182,2014-08-20 08:10:31
e1xbevr,ThatGuyScookie,"As said above PTV have been using this font / type face alreday. This has been used on signs at Flinders Street and their documents and posters.

This is the first instance of it being on a Platform Sign.",Jobs & money,0.0,2018-07-07 00:37:10
dyd6z3f,RichInMond,"The point is, the allowance is not meant for anyone to live on long term. Where is the incentive then to find work. It covers food, and the very basics until you get off your arse and DO SOMETHING. ANYTHING. 

6 years. Jesus. Thats bullshit.",Opinions & public issues,-0.3182,2018-05-03 04:35:58
drnjxkh,stinx2001,"Yeah seen that, still don't like it.",Politics & traffic,0.0232,2017-12-23 07:59:43
d10bz72,DontMentionWombats,"Life's too short to be unhappy.  If your negatives in a job outweigh the positives, and you don't think you can change it, start working on your resume and your network and gtfo.",Opinions & public issues,0.1531,2016-03-15 05:45:55
dfcg8z4,andyrb412,"Misfits was dropped also. 

I think the BBC contract must have expired.",Jobs & money,0.0,2017-03-24 11:06:49
duvjpy6,dinosaur_underling,just sent an invitation to a seminar to 1588 people. The seminar seats 80. Whoops,Jobs & money,0.0,2018-02-26 22:41:32
dgkz990,inane_musings,This. And buy some sound cancelling headphones for the rest of the day.,"Cars, bikes & police",-0.2023,2017-04-21 23:29:06
dsr94sr,OV1C,"Where do you guys sell your stuff you no longer use? 

I'm trying to sell a Bose SoundLink Revolve speaker I just recently bought over a month ago and have been selling it at both Carousell and Gumtree for one quarter off of its original price. That's decent isn't it?",Opinions & public issues,0.1179,2018-01-16 09:00:24
dqsijjy,tolliwood,Maybe someone without any arms still wants to get off and just can't reach the button?,Jobs & money,-0.0191,2017-12-05 07:37:12
dzddis8,WasSubZero-NowPlain0,"I mean the interest rate I'm getting from their ""Goal Saver"" account is about the same!

(note: must never withdraw even a single dollar or lose most of the interest for the month - *that* was a good change /s)",Opinions & public issues,0.7754,2018-05-22 04:22:35
d52b5xx,nearlyheadlessbick,Nothing wrong with having different music tastes. Just tell him you're not a fan,Local life & places,0.1511,2016-07-07 02:37:24
d8wvztq,99trunkpops,"How about not dismissing large swaths of the population as 'cretins' to start with? It's not a great attitude to approach dating with, perhaps check yourself first?",Opinions & public issues,-0.5653,2016-10-18 06:05:43
dfe1zlm,drjoe27,"Get to know Icebreaker idea
Each person brings an object that means Melbourne to them. 

Collect the objects and place in a canvas bag. 
Pass the bag around the group and invite each person to dip their hand into the bag (without looking) and pull out one of the objects.
The first person begins a story which includes the chosen object. After 20 seconds, next person chooses an object and takes up the story and adds another 20 seconds, incorporating the object they are holding. And so on, until everyone has made a contribution to the epic Melbourne tale☺",Work hours & uni,0.7783,2017-03-25 12:58:32
d6fvn49,timmycosh,"I can't open the link on my phone, can somebody please summarise this article for me?",Jobs & money,0.3182,2016-08-13 14:15:33
dgxhf66,pvtbobble,Is that the series about winemakers?,Local life & places,0.0,2017-04-30 01:15:47
di9n1qc,Yomadafuku,"I work for a small builder/carpentry team that aims for high quality. Multi-million dollar builds to small units/townhouses. Our biggest problem is builders and clients rushing us. Builders with no trade backgrounds and clients who watch too much tv shows or hear info from friends. 

We generally put up with all the bs and continue our work until the clients really push it and we switch to smash and grab quality work.

Everyone here mentions about how they want quality work etc but nobody wants to pay. A nice coat of paint and a cheap bottle of wine at handover keeps clients happy. Quality work behind plastered walls....who cares.

I'm currently planning on switching to home repairs and insurance work in the next year or so.

Pay cheap now, bleed later.",Opinions & public issues,0.9062,2017-05-31 12:06:57
dh41p2u,Fawksyyy,Sorry about that. Yeh my mate found a really original funny meme on imgur and is going to trace it up tomorrow.,Jobs & money,0.6674,2017-05-04 07:01:45
e4wbwvy,vendilion,"Ahh, the ultimate dad-core show.",Politics & traffic,0.0,2018-08-27 03:14:27
e36i16x,michael070,I thought with uber they dont know where you are going until you get in the car,Work hours & uni,0.0,2018-07-28 10:51:37
di7qq1j,gameloner,don't people get more longer sentences for armed robbery,Work hours & uni,0.1226,2017-05-30 04:55:23
ck50n48,atregent,"You'd want pvc pressure pipe, that has a much thicker wall, but I still don't reckon it would be strong enough. Having said that, it seems quite common.

You can get a meter of 40mm timber dowel from Bunnings for about $12, screw that to a couple of blocks of wood, and you're done fir about $20 I reckon.",Trains & trams,0.2617,2014-08-30 23:51:24
cpbaeut,gorgeous-george,Its not. The company responsible for the infrastructure in your area has their name all over your meter.,Opinions & public issues,-0.2411,2015-03-11 10:53:44
ce4kiuu,CandyButler,"Bunyip state park is great, mornington peninsula is awesome too. Many of the coastal walks mentioned are apart of the mornington walks that spans 113km.",Casual chat & reactions,0.8481,2013-12-18 08:16:56
e4dvhoj,gccmelb,Council Officers could give out so many fines here.,Jobs & money,0.0,2018-08-18 00:27:06
e21qiv3,HautVorkosigan,"To be fair, they're actively planning for an increased population well into the future. That's a very different strategy from our decades of liberal governments sticking fingers in their ears and going ""la la la""",Opinions & public issues,0.7783,2018-07-09 07:49:08
dzeojiw,WasSubZero-NowPlain0,If I had a home loan I wouldn't be complaining about low interest rates :),Opinions & public issues,0.6696,2018-05-22 20:48:49
e1k27hg,eatlivemosh,"My cat is on a very strict, prescribed diet and my housemate fed her the wrong food the whole time I was gone (all week)! I’m so upset about it.
Like, thank you for looking after her but also, you actually didn’t look after her and it’s critical to her fragile health!! Urgh ):",Politics & traffic,-0.8504,2018-06-30 15:55:06
22bic8,_silica_,"My fiancee's old Macbook pro finally died, and she didn't keep an up to date backup (I know). Any recommendations for where we can take in the city to get the data off the disk? And would should we be expecting to pay? Thanks!",Opinions & public issues,-0.4122,2014-04-06 03:14:52
c7rxtxn,magnetik79,Either it's really hot - or a bad case of Brewer's droop.,Politics & traffic,-0.5423,2013-01-06 08:42:46
d1y6yl9,megablast,"Putting in towers with parking is fine for people in the towers, but does nothing for idiots who want to have more and more cars.",Jobs & money,0.2144,2016-04-11 06:42:51
e2fnhah,drunk_haile_selassie,This proposed quarry is in Dromana. No where near the city or any urban sprawl.,Opinions & public issues,-0.296,2018-07-15 16:41:49
cthde91,zozozozozoz,"Yum. I tried doing this at work the other week and it went okay, however all I had was bread, olives, sundried tomatoes and hummus.",Local life & places,0.2263,2015-07-27 03:13:23
d3679dw,angel-girl666,Grand trailer park tavern? Where is that?,"Cars, bikes & police",0.5204,2016-05-15 11:03:27
dvvut2u,mrgtjke,"Assuming every player available to play for Australia actually plays, Australia will field mostly NBA players. Mills, Delly, Simmons, Ingles, Exum, Bogut, Baynes and Maker who are currently there, and a few players that have had experience in the league (Greenwood, Mathiang and likely another player or two that I am forgetting). While none are the Lebron, Durant, Curry caliber (yet at least, Simmons may get there), this is a solid team, and one thing that Australia (and most other countries not named USA) does well is have many top players play together as youth, so many players know each other, have played together for a while and usually get along, whereas the Americans generally don't have much to do with each other until the big tournaments come around.

If USA tries, they will win, but if every Australian player is healthy, they can run with 8 NBA players. Not many other countries can say that. Australia can probably at least make a game of it and make it entertaining at the very least",Local life & places,0.9398,2018-03-18 08:02:29
e1jeyvq,Blue_Pie_Ninja,Gotta start somewhere though ;),Politics & traffic,0.2263,2018-06-30 04:57:48
e2sbeg4,HugeInside,"Or remove yourself from the situations.  Airy fairy will not work, I think the OP is a bit basic.",Jobs & money,0.0,2018-07-21 16:07:25
du9kokw,jepohs,"It's part of the contract when you agree to open a bank account with them.. you have a say, you can switch banks.",Opinions & public issues,0.3612,2018-02-15 01:47:53
dopnunr,throwaway_genie,"If you're into ogling guys' dongs, then sure mate. :D",Politics & traffic,0.7456,2017-10-22 06:02:00
e1t85l2,Pinedrops,Probably blower motor is broken or heater core is clogged full of rust/trash.,Casual chat & reactions,-0.4767,2018-07-05 02:43:10
6nqydt,Andrenid,"Looking for a place to go drink beer and eat pork knuckle, Jeagerschnitzel, Rösti (proper loose Rösti , not a hashbrown), etc. 

I know about Hofbrauhaus but are there any smaller/other ones? I'm not against the bigger commercial places but I also like the atmosphere of smaller places too (and the food is usually better).

Anyone else want to join me for some Schnitzel und Bier?","Cars, bikes & police",0.8767,2017-07-17 04:44:00
cveds2m,Moondanther,You need to upgrade your video card or turn up rendering  ;),Jobs & money,0.2263,2015-09-26 01:02:39
dbg8ecl,peoplejam,Sizing and quality can be hit or miss but ebay has quite a few,Jobs & money,-0.0772,2016-12-21 03:00:37
dmw5npl,asilentsoliloquy,How about...umm.... Sandy Hook?,Casual chat & reactions,0.0,2017-09-12 07:21:36
cq7jo10,Meowgan88,You can't even put money on them at the train station.,Casual chat & reactions,0.0,2015-04-10 08:25:34
cq68xxn,kenks84,"I like Hoffbrauhaus or Munich Brauhaus. Good atmosphere, and giant beers. 

Upstairs in the beer hall is pretty good on a Saturday night at Hoffbrauhaus with slap dancing, yodelling comps and things for people with birthdays. 

Price is pretty good for serving size an they have Giant 1L steins of beer :)","Cars, bikes & police",0.9648,2015-04-09 05:05:33
e5myqvw,wharblgarbl,"I'm sorry, how does your comment address the obvious similarities in the imagery Farage used? You've brushed right past it to argue a point I never made.",Work hours & uni,-0.4019,2018-09-08 23:47:20
cwe1zy0,Kozij,"That's purely for the Merrywell, which comes with fries. The others are cheaper. Visit from 4-6pm any day and you can get a selection of their standard burgers with a pint for $15. That puts them at the top of the value list, surely.",Opinions & public issues,0.7269,2015-10-27 00:54:53
ccij8c7,danshep,"For shoes at $400 - get them custom made.

For that price you can get a last made at http://shoelastsaustralia.com.au and then go down to somewhere like http://www.facebook.com/roccosshoes and get some handmade shoes made just for your feet. There's some other bespoke shoemakers in melbourne too if rocco's styles don't suit you: http://forums.whirlpool.net.au/archive/1850373

(If you generally find that store-bought shoes are a good fit, you can maybe skip the making of a last... maybe).

I'm also assuming you're going to get your shirts tailored? I don't get why anybody would pay for a quality shirt and not get it tailored. For $200/shirt you can also get those made to measure, but you'd probably be better off saving the money and getting something off the rack and tailoring it.","Cars, bikes & police",0.7964,2013-10-01 00:19:50
dyq9k4w,potato_chrisp,Exactly. I live on the Upfield line so cbf training into North Melbourne and back out again when I can catch a taxi or Uber.,Casual chat & reactions,0.0,2018-05-10 00:18:25
e2rt6gl,bird_man420,They literally blocked one entire side of the hume freeway for around an hour last night...,Casual chat & reactions,-0.2263,2018-07-21 07:52:31
e00q9ol,potato_chrisp,Mine also goes off sometimes but never had an announcement so everyone just stays inside. It’s only a small block so I figured if I smell smoke or the fire brigade shows up  I’ll leave.,Politics & traffic,-0.8047,2018-06-03 01:04:17
dqeel0m,melbourne_guy,"Considering it's going to be a park with dry rides, a water park with 2 decent waterslides and a wildlife area, it's probably a reasonable amount to pay. Will be interesting to see if they offer annual passes. By comparison, Funfields is $45 for anyone over 135cm ($109 for season pass) and Adventure Park is $43.50 for anyone over 120cm ($79.99 for a season pass).","Cars, bikes & police",0.5574,2017-11-27 10:33:17
cpg6mhf,Zombink,Oh don't worry I am still a kid at heart. Just ask my toy/game collection. Taking on a whole bunch of big responsibilities is the scary pretend-to-know-what-you're-doing adult part.,Politics & traffic,0.5277,2015-03-16 02:15:20
d2gd8wp,greedymushroom,No noticeable side effects yet but all those comments spooked me out like hell hahah,Jobs & money,-0.6956,2016-04-25 10:10:08
d0938k3,testbug0,"the prozzies arent the issue, it's the clientele they attract",Work hours & uni,0.3612,2016-02-22 08:22:49
dnkiedw,jimothy3175,get a jucy rentals campervan and shag in that,"Cars, bikes & police",0.0,2017-09-27 06:35:43
d51g6uq,JustLearningToReddit,"Wait. What. Maynard James Keenan? Tell me more. I like Tool, but I LOVE ""A Perfect Circle"". I think the songs from The Thirteenth Step are to die for :)

PS: Much love to you too. I do not know what happened at /r/australia, but I generally find most places outside of /r/melbourne and may be a select few subreddits pretty hostile and unfriendly.",Politics & traffic,0.9659,2016-07-06 15:15:04
e4ih6z6,Screambloodyleprosy,I always carry a cheeky pineapple in the kick. Never know when it will come in handy,Politics & traffic,0.0,2018-08-20 12:23:57
ck0nztp,grahampaige,"yeah i wasnt, just careful where I sped and observant enough to get away with it",Politics & traffic,0.1916,2014-08-26 05:06:32
c7t2six,facterinvurt,"If you're interested in shows and the underground arts community here in Melbourne, our website will hold you in good stead ;)

http://www.invurt.com",Trains & trams,0.7579,2013-01-08 05:49:45
dj8pcdh,satanislemony,They must be more chill up your way; even the drivers at this end have a go at people not touching on,Casual chat & reactions,0.0,2017-06-22 10:00:11
dw79voe,Updootthesnoot,"Sure thing.

Let's firstly construct a reference class  -the OECD is probably a good one as it gives us reasonably similar economic situations.

In said reference class of 35 nations, Australia has the third-highest net immigration per 1,000 residents at 45.24 (after Norway at 46.26, and Switzerland at 47.80). The immigration for the *median* nation (Netherlands) is 6.57 per thousand. The (non-population adjusted) mean is roughly 11 per thousand (had to do this by hand and rounded, so could be closer to 10 or 12).

It's reasonable to define 'high' immigration as the top quartile, and 'very high' immigration as the top decile in median terms. Australia meets both of these, so from a median perspective we'd say Australia as 'very high immigration.

Conversely, in terms of the mean, let's define 'high' immigration as twice the mean, 'very high' as three times the mean, and 'extremely high' as four times the mean. Australia meets all of these terms, so we'd likely say Australia has 'extremely high' net immigration.

Of course, we can quibble about where to put these boundary markers, but it seems unless you define literally zero of the OECD nations as having high immigration, Australia is going to have high immigration.",Opinions & public issues,0.6705,2018-03-24 06:15:15
d7m1im7,twoverend,"&gt;In fairness though,

When failure to contain your cat becomes illegal, then yes, owners should be heavily fined. But currently, it's not.

In the meantime, a mentality such as yours is what makes people like this think they have justification for their crimes.",Work hours & uni,0.1655,2016-09-14 04:52:09
d6bpo2e,rmeredit,"I commute to work by bike - I see a lot of crap driving from a lot of different kinds of vehicles.  However, I've been physically hit twice, both times from a dickhead tradie in a white ute, P plates, and in a rush to get somewhere.",Work hours & uni,-0.7717,2016-08-10 12:35:50
dt3bg8j,jimothy3175,"&gt; Probably. I dunno.

great help this one","Cars, bikes & police",0.7783,2018-01-23 01:29:26
d6ud75u,Raptop,"Vehicle licence and vehicle registration isn't the same thing in New Zealand. If you didn't have active vehicle registration, it'd probably be fined straight away.",Work hours & uni,-0.092,2016-08-24 06:34:56
98okx9,babylizard38,"I have my uni graduation on Wednesday, at the Exhibition Centre, and I was wondering if anyone had any suggestions for nice restaurants around that area we could go to after - not too fussed on the cuisine, just somewhere with nice food that’s not crazily priced :) 

Thanks!","Cars, bikes & police",0.8137,2018-08-19 23:22:16
cudj7b5,ManusIsland,hosing the urine off the seats I take it?,Casual chat & reactions,0.0,2015-08-24 03:25:26
cnctaju,zozozozozoz,I did that earlier!,Local life & places,0.0,2015-01-03 03:39:45
duqx81m,thrml,"Most people are sorry after an interaction with me, don't feel bad about it.",Politics & traffic,0.3152,2018-02-24 06:12:38
csiytgs,smash_,"Slightly relevant but up until recently, if you called the Frankston police the pre-recorded voice menu would say: ""**Yous** called the Frankston Police Department, Press 1 for ... "".",Work hours & uni,0.0,2015-06-26 02:01:06
ctwmira,highbury_fields,"Somewhere like DFO will have Sportscraft, Trenery, Country Road, Jacqui E etc all in the one place.  Also look at T M Lewin.","Cars, bikes & police",0.3612,2015-08-09 05:25:28
dsr8zec,veeface,Hoooooray I'm going to be starting in Cardiac nursing soon!!!,Jobs & money,0.0,2018-01-16 08:54:24
cvsxcbw,Shes_the_Cheese,"Agents love auctions, free publicity for their from.",Jobs & money,0.8176,2015-10-08 20:49:14
dlvkimx,Duncan9,It might be a Japanese bush,Casual chat & reactions,0.0,2017-08-20 09:55:05
dzswro1,skillgannon5,Oh no what a shitty thing to do,Politics & traffic,-0.7003,2018-05-30 03:13:39
c30rsvh,GENOCIDEGeorge,Let the facebook statuses begin!,Jobs & money,0.0,2011-11-18 07:41:44
d5243u7,theferretgirl,Jeez you don't have to be such an asshole. Can't even have a little whinge on here without people jumping down my throat.,Jobs & money,0.0,2016-07-06 23:38:03
ctl8au0,sahrey,key selection criteria is making me anxious.,Work hours & uni,-0.25,2015-07-30 05:11:36
d7ucywl,xxmicxx,I think it's meant to look like clouds,Trains & trams,0.3612,2016-09-20 08:54:10
dmfzcsr,Nowhrmn,"http://m.huffingtonpost.ca/2017/08/15/canadas-average-house-price-drops-as-toronto-s-slump-spreads-ac_a_23078169/

&gt; In Toronto, the average price of $746,218 is still 5 per cent higher than a year ago. But it has fallen by about 19 per cent since April, when Ontario's government announced a slate of new measures to cool the housing market.",Opinions & public issues,-0.0772,2017-09-01 21:47:02
cf3ica4,greensuite,Alongside Blink my favourite band. Bought a few tickets 9am!!,Local life & places,0.0,2014-01-31 11:03:49
ct4vw6m,Shes_the_Cheese,"So long as it doesn't involve more of this shutting down subs in 'solidarity' bullshit. Minor subs like /r/crossfit got mired down into this nonsense despite having little or nothing to do with what was going on. I don't go to protests, I don't march on stuff and I don't actually give a fuck if someone I've never met gets fired. 

IMO it's like closing Flinders St for a protest, sure, you'll get attention but you'll piss off a lot of people just trying to do what they normally do.",Trains & trams,-0.5744,2015-07-16 01:58:18
dl024gi,postcardviews,"I'm a smoker, I'm okay with this. People should be able to sit outside and enjoy their food and the sunshine without having to put up with second hand smoke.",Politics & traffic,0.8885,2017-08-01 05:55:01
dfk1ipm,Scotto_oz,Holy shit that's an awesome idea!,Jobs & money,0.2003,2017-03-29 12:58:30
dm7y9wr,dinna89,"I'm not sure why the government would want anything to do with possum magic given mem fox's support of her husband. Disgraceful.

http://www.adelaidenow.com.au/news/south-australia/malcolm-fox-in-out-of-court-settlement-with-ex-student-over-sexual-abuse-case/news-story/4837fe3616fb4338729e3f79b3bd3379",Local life & places,0.2589,2017-08-28 03:42:25
dj8d5f5,borko08,"Had to do a white card course a few weeks ago. I wanted to shoot this idiot that kept doing that.

Worst thing is. It's never the people that genuinely don't know. It's the people looking to get validation by saying 'is it true that X is more important than y' when the teacher just spent 30minutes explaining that X is more important than y.

Just stfu. If you have questions, ask them after the class so the normal people can leave.",Jobs & money,-0.6797,2017-06-22 03:01:12
dnlu1gp,thelostwhore,"I have black thumbs, however. Bunnings have a really easy grow your own sunflowers. Which reminds me I need to do this weekend.",Politics & traffic,0.4927,2017-09-28 00:43:54
e2dat6v,clambake72,2 bedroom townhouse with two humans avg 108kwh / $40-$50 per month,Opinions & public issues,0.0,2018-07-14 09:56:29
cgr6t5w,snac,Still no Southland station.,Casual chat & reactions,-0.296,2014-04-13 09:39:32
cnczh9o,Belledonner,You get out of the shower and are never fully dry. Moist all fucking day.,Local life & places,0.0,2015-01-03 07:57:33
d524ahh,mac-87,"He's just got a spousal visa and started working, I doubt he could've got the time off. I don't even know why she's going. She keeps saying she has no money, is saving up for bond and rent, and hates living with me because I'm a nazi...? I'd think moving out would take precedence over a ten day holiday, but maybe that's just me. 

Oh, and yeah, my other job is as a nazi, in case you hadn't worked that out from all my hateful white supremacist posts *eyeroll*",Jobs & money,-0.4939,2016-07-06 23:42:42
e2v0hog,mindsnare,I was pretty much never allowed Coco Pops. I think the only time I had them was if for whatever reason we had one of those 12 packs of mini cereal. I doubt we ever had a whole box. So I don't remember the monkey stylings.,Jobs & money,0.1779,2018-07-23 01:15:27
ddlyobe,coldSocks,Hmmm this is not entirely accurate because I got 3+ subjects over 40 (RAW) in 2010 but I wasnt on the list when I grouped by school.,Politics & traffic,0.0,2017-02-11 11:14:49
cbakmyr,Algernon_Asimov,"[spat](http://oxforddictionaries.com/definition/english/spat)

&gt; past and past participle of **spit**",Local life & places,0.0,2013-07-26 06:18:27
d3z6b42,Greedeater,"&gt;The crime of having sexual intercourse with a parent, child, sibling, or grandchild.




*Adult* **Step-Daughter** does not fall under those terms. Rape, certainly; but not incest.",Trains & trams,-0.5267,2016-06-07 06:56:07
dwud616,KingPyot,90% of real estate agents are scumbags. I worked in property for 6 months and couldn't believe the shit that some agents do. Don't get me wrong there are a few good agents but they are far and few between.,Jobs & money,0.6401,2018-04-05 08:40:46
cymf44l,NDE_ideal,I could easily eat 2 of their bahn mi and a phô as a standard meal.,Politics & traffic,0.34,2016-01-05 04:23:49
ceqnvnq,continental-drift,Does your work have air con? It's the redeeming feature of my work this week.,Local life & places,0.0,2014-01-16 01:46:18
dwudmmo,mackattack1990,"Had dealings with them before, like others have said... Super dodgy. If this branch in Carlton do what they do, what do other Nelson Alexander branches do!?",Trains & trams,0.6996,2018-04-05 08:58:20
e5rv0cl,shbhadu,But does the skyline loves us?,Politics & traffic,0.7227,2018-09-11 07:57:48
cohl9px,Steve00,Testing testing 1....2....3..... sloths,Trains & trams,0.0,2015-02-11 00:05:36
cvt3yjg,cayal3,Life like or you want a guy who will be liberal with some of your - uh - assets.,Trains & trams,0.5423,2015-10-08 23:48:10
d33td6e,Bu11Pup2,"I'm applying to UniMelb. For one, Australias English speaking so most of my time, I'll actually learn something, also, I heard they have a great global mobility program so I'm thinking third year exchanges either to Germany, Italy or Czechia",Jobs & money,0.6249,2016-05-13 08:45:21
ddh8xz7,butch97,"Never buy a brand new car!
Second hand, ex demo or fleet is a better bet.
Go Japanese or Australian, maybe Euro but parts can get expensive.
Korean,(newer) Hyundai is fine, Kia probably not.
Don't buy Chinese or American.","Cars, bikes & police",-0.4295,2017-02-08 07:11:25
dasutws,anarchy420swag,Cheers mate. Glad I got your attention on this post.,Politics & traffic,0.7269,2016-12-05 04:28:15
dmw1ege,ashleighclair,Try Nutella on them. You won't be disappointed.,Politics & traffic,0.3724,2017-09-12 04:54:37
deeehej,gameloner,4 digit phone numbers for a dentist.. jesus even an internal phone at my work had a longer ext. number.,Jobs & money,0.0772,2017-03-02 03:53:51
dg3szgt,Puddlette,"Considering in the past 18 months of living near the hockey field I've heard/seen of a couple of drug labs exploding, a cat being shot at with a crossbow and coming home to it's owner with an arrow through it's chest, gate crashed parties... I've seen someone dressed in a Santa outfit being arrested which was amusing..

In all seriousness though, we're been here 4 years and have never had a problem, it's pretty quiet. Seen a few dodgies wandering around and some interesting folk hanging around outside of flats but never felt unsafe. BF grew up around Chadstone and has said how the Chadstone/Ashwood/Ashburton area has really cleaned up since he was a kid..

I know the gunman is allegedly a random and not known to the victims, but I can't help but wondering if it wasn't random? Unless the dude who shot the cat with the crossbow has upgraded to guns/humans?",Politics & traffic,-0.2773,2017-04-11 03:40:48
d7jnwe2,universe93,"Ah, the Nick Caves. Great for spelunking.",Local life & places,0.6249,2016-09-12 15:49:07
cci1a4f,Steve00,"Im not sure you can, i dont think physio is claimable on medicare. Id suggest doing clinical pilates for lower back issues, ive been doing it for 7 weeks and my lower back pain is almost completely gone. Lower back pain is often cause by weak/unstable muscles around it, a physio might give you some respite briefly but without strengthening the supporting muscles the issue will likely come back",Trains & trams,-0.9207,2013-09-30 05:15:13
dbhkart,melbdude1234,Would wait until after christmas.. People may get gifts they don't want/use once etc,"Cars, bikes & police",0.0,2016-12-22 01:08:41
cxf7l0q,cayal3,"Got cut off by some fat bitch who decided to stick her finger out the window when I honked her.

Yeah you're a good role model for your child.",Work hours & uni,-0.2023,2015-11-27 23:57:50
ck0dyzi,sludgyorange,"Moved over here for work, so I've been pretty flat out with that, finding somewhere to live, and getting all the usual stuff sorted out. Going to start check out the r/londonsocialclub meetups though, thanks!","Cars, bikes & police",0.7688,2014-08-25 22:53:52
do23nmr,asilentsoliloquy,"More butter. 

Or add something like seeded mustard, or pesto, or (insert preferred herb of your choice). Or speck. 

Or make mashed sweet potato instead. 

Or go old school and make mashed potato swirls and then bung them in the oven for a little bit to brown/crisp up on top.",Politics & traffic,0.743,2017-10-08 01:07:00
e5w80hm,rooneyrunabout,"The unholy trinity of congestion in the loop, ill passenger at box hill and trespasser on tracks between Ringwood and heathmont. 

What a day to be alive",Casual chat & reactions,-0.0516,2018-09-13 08:42:42
dqshcjk,ashleighclair,"If you’re on PT, please don’t subject your fellow commuters to listening to your loud phone arguments. It just shows how much of an arsehole you are. Have some fucking dignity.",Jobs & money,0.3804,2017-12-05 06:55:29
e80y6l7,PMOTM,I care enough. I’d vote for a republic but my grandma loved the royals and she passed last year. Watching them reminds me of her.,Local life & places,0.8151,2018-10-18 22:02:05
cal8a1l,Ores,"As a cyclist (who has even been known to cautiously proceed through red lights) I'm sorry this happened to you. 

When I'm a pedestrian I have to say all my close calls from bikes, cars (ok mostly taxis) and delivery vans has always been walking with the green man. I normally find the threat comes from people turning right - they're so intensely watching for that gap in oncoming traffic they don't even think to look for pedestrians. That green man likes to act like your friend but sometimes he's your worst enemy. But this doesn't even sound like what happened in your case and I'm at a loss to comprehend how someone could blow straight through a red light without looking where they were going. 

Hope the injuries turn out to be minor.",Work hours & uni,-0.8838,2013-06-18 14:22:53
d35s501,dilbot3,You'll see. Last year's grad ceremony for Business Studies programme booklet seemingly had a page for each of the four main Han surnames ...,Local life & places,0.0,2016-05-15 00:03:11
drdevkl,Firescale,Take away menus prior to smartphone apps.,Jobs & money,0.0,2017-12-17 11:28:43
da3l3xe,raybal5,"Firstly,  If they were on the same train as I was I would help.  I am usually trapped on a later train that's not moving.  

Second. The law may have commenced in 1958 but it is still valid in 2016.  They don't rewrite the laws every year you ignoramus.",Work hours & uni,-0.6369,2016-11-17 01:15:17
diwuw87,acorndrent,^ 14 yr old wrestling fan calling people virgin,Politics & traffic,0.3182,2017-06-14 22:03:37
d2ldto5,Lamont-Cranston,"For people in any religion in a position of authority it provides a shield against scrutiny, for the ultra orthodox there is also the misogyny and the taboo against speaking to outsiders about problems.",Work hours & uni,-0.34,2016-04-28 23:42:20
cknaz9b,SuperRoach,Good luck with the chesty recovery!,"Cars, bikes & police",0.7345,2014-09-20 02:06:43
d4zofjl,DroneRequired,"Thank you for picking that up, I'll add that in as a annotation.",Jobs & money,0.3612,2016-07-05 05:31:07
32ij1l,generalgreavis,"Additionally we are renting.

Edit:

Thanks for all the suggestions people, going to be solving this soon hopefully!",Opinions & public issues,0.807,2015-04-14 01:49:10
e8ozl8i,Big-White-Dog,"Ah.

Since BWD is a bit more than half my weight, and I have two sausages, he can have one!","Cars, bikes & police",0.0,2018-10-29 23:22:52
e6fu1qc,LucaPark30,90 percent my mistake. decided to post and send the money at commonwealth but netbank was down so I made the transfer to another commonwealth account in the branch. And because it was in the branch it was considered untraceable and the thick fucks at commonwealth couldn’t get my $350 back.,Jobs & money,-0.705,2018-09-22 15:25:32
dglf565,fearofthesky,Ha I actually made that my Jackbox name,Jobs & money,0.34,2017-04-22 06:31:45
dpukbfg,Curiositycatau,Welcome to Melbourne. How is the jetlag?,"Cars, bikes & police",0.4588,2017-11-15 08:16:16
dezys05,drunkill,"Yep, to be used at peak times.

Ideally you'd have it powered by Solar and Windfarms, like the rest of the network.",Casual chat & reactions,0.7579,2017-03-16 09:08:34
dm9zxtm,MelbMockOrange,Then maybe perhaps some time should be spent scouting out parking,"Cars, bikes & police",0.0,2017-08-29 12:09:51
dd886xz,pukesonyourshoes,"[You're new around here, ain'tcha boy.](http://knowyourmeme.com/memes/shh-bby-is-ok)",Local life & places,0.0,2017-02-02 08:12:23
cncohwx,NZGrade,"Just went for a run and cleaned the hot, stinky little house which still reeked like a wolverine's gooch after NYD celebrations. Pretty sure this is what delirium feels like.",Politics & traffic,0.6124,2015-01-03 00:53:25
cqwr5g8,BlindDeadMcJones,"by that time of night I'm already down to poo change and can barely count.

This will not help.",Opinions & public issues,-0.3089,2015-05-03 06:48:17
ctt7e4n,Gravskin,"&gt; When will people learn that walking on the tracks is not a good idea?

Some people will never learn.","Cars, bikes & police",-0.3412,2015-08-06 03:51:49
c8gxnt3,cl3ft,[Things that are cheaper than MyKi](https://sites.google.com/site/cheaperthanmyki/home),"Cars, bikes & police",0.0,2013-02-18 01:03:43
crcrgp5,nbdsuyf,More like I didn't know how they charge :P,Jobs & money,0.6732,2015-05-18 08:18:29
d4a05yn,atregent,Watching George eat on masterchef is like someone shaved and monkey and gave it cutlery,Politics & traffic,0.3612,2016-06-15 10:40:27
dto51o9,squonge,Does it still have the toboggan?,Politics & traffic,0.0,2018-02-03 10:18:07
dtqyjey,MisterSnrub_,"&gt; They are so out of touch with average Victorians its not funny.

Don't be so sure. It's easy to think inner city Melbourne is reflective of the average Victorian, but it's really not the case. Ask a lot of people from rural Victoria and industrial areas of Victoria and you'll find rhetoric like Guy's gets a LOT of praise. You'd be kidding yourself if you thought he wasn't winning votes just by saying 'tough on crime'.  

I hate Guy, and wouldn't vote for him, but his words do resonate with more people than /r/Melbourne want to believe.",Trains & trams,-0.5632,2018-02-05 01:57:01
d422kks,bionicbuns,"Surprisingly enough, Windows tends to run better on Mac hardware!","Cars, bikes & police",0.6588,2016-06-09 08:52:02
dl000a9,pvtbobble,I remember going to a smoke-free nightclub in Cairns in '92.  I felt like I'd walked into a freezing cold oxygen tent :),Local life & places,0.6249,2017-08-01 04:49:07
e1hyame,Stvupid,"The langwarrin one is missing (Frankston line).  
It was built and used specifically to transport all the Japanese and Germans living in Melbourne to the “internment” camp in langwarrin during ww2.  -Strange they didn’t want to keep that one on the map...",Casual chat & reactions,-0.4019,2018-06-29 14:10:43
e36k7zn,BiggestNige,"Some ola drivers get allocated whilst still carrying out another fare, due to their lack of drivers. Annoyingly it doesn't actually tell you this, so it seems like they're driving off.",Work hours & uni,0.1189,2018-07-28 12:04:26
e6datq8,DonWBurke,"Check your iCloud account though. I took a look at mine about a week ago, saw phones I hadn’t used in years which had been reset a few times too.",Jobs & money,0.0,2018-09-21 08:59:37
dlvnlv7,vi3tnow,The British are coming!!,Trains & trams,0.0,2017-08-20 12:20:58
csl9afn,SEXPILUS,Will second this. Even their takeaway is beautiful.,Local life & places,0.5994,2015-06-28 08:01:07
dvsk2da,hspppp,Thats one fast bus,Casual chat & reactions,0.0,2018-03-16 12:45:43
d0cj6q8,continental-drift,"Yeah, 1.2kg lost since yesterday. I did 6km of sprints last night to try and break the plateau. It hurt a lot, but totally worth it.",Local life & places,0.138,2016-02-24 22:35:12
dfyldt9,lucidlunch,Cake day!!! What do you have planned?,"Cars, bikes & police",0.0,2017-04-07 16:16:20
ctxpxhi,Immortan_Joe,1$ coffee from 7 Eleven with 4 sachets of sugar keeps me happy.,Politics & traffic,0.5719,2015-08-10 06:37:35
de9vtd2,josanator,"I am unsure as to why you replied to this three times but was there an initial purpose in asking for the details? was demographics a vital part of it?

if so maybe put in an age range question, ie under 18, 18-24, 25-30 and so on. Hope that helps :)","Cars, bikes & police",0.9363,2017-02-27 13:29:34
e4542hd,remotemassage,You leave asians out of this!,Trains & trams,-0.126,2018-08-13 23:03:12
e5lxl7l,Cpt_Giggles,gotta love the Streisand Effect,Politics & traffic,0.6369,2018-09-08 12:48:24
cjvddsp,Shes_the_Cheese,The best we have is bar none. You know before they made it a dry area there were 37 pubs in the city of camberwell?,"Cars, bikes & police",0.6369,2014-08-20 07:38:30
d49f6v4,Walter_Ego,"yeah i was thinking along the lines of replacing the fixture as well, cheers",Politics & traffic,0.7506,2016-06-14 22:32:55
d0mzeih,Janny90,I get paid Tuesday and am public service.,Opinions & public issues,0.0,2016-03-04 04:29:06
