source,target,weight
mnmleon,tomb25,1
DC12V,lna4print,1
joffotron,lna4print,1
Melburnian,lna4print,1
myinnervoice,mczorg,1
mczorg,myinnervoice,1
Lukerules,mczorg,1
HighlySpammable,shniken,1
lna4print,shniken,1
smiley_baby,mczorg,1
project2501,Mittz,1
bltavocado,Mittz,1
jujuM,Mittz,1
bombadda,Mittz,1
mnmleon,bombadda,1
Mr_A,Mittz,1
DC12V,Mittz,1
TraumaPony,Frenchelbow,1
Renpatsu,Frenchelbow,1
RetroTheft,Frenchelbow,1
Frenchelbow,RetroTheft,1
warabo,Frenchelbow,1
InactiveUser,Mittz,1
fodd,tmanaussie,1
Time-Traveller,ruzkin,1
Time-Traveller,Alkhemy,1
ruzkin,Time-Traveller,1
daftbrain,quickie,1
zsaleeba,quickie,1
tintub,quickie,1
tintub,daftbrain,1
Frenchelbow,quickie,1
catOnLollerskates,quickie,1
tekgnosis,quickie,1
execrator,quickie,1
pygmy,tekgnosis,1
InactiveUser,mamatzav,1
tekgnosis,pygmy,1
thetrumpetplayer,quickie,1
kawaii_zombie_bunny,quickie,1
cameronm,mintyjam,2
mintyjam,cameronm,1
cesc95,mintyjam,1
sien,mintyjam,1
xplosiv,mintyjam,1
mintyjam,sien,1
stivo,mintyjam,1
speedyleedy,cesc95,1
DC12V,mintyjam,1
Stroje,DC12V,1
ruzkin,DC12V,1
IAmAlphaAndOmega,ruzkin,1
ruzkin,IAmAlphaAndOmega,1
btxtsf,DC12V,1
PalaNIN,DC12V,1
BeepHonk,DC12V,1
DC12V,BeepHonk,1
Jakeimo,ruzkin,1
will7337,PalaNIN,1
polyvision,DC12V,1
TGM,xplosiv,1
DC12V,polyvision,1
cameronm,Flip81,1
missaddict,Flip81,3
joffotron,Flip81,1
youwantausername,missaddict,1
youwantausername,joffotron,1
dontarguewithme,Flip81,1
Flip81,missaddict,2
ShrimpinAintEazy,Flip81,1
Inequilibrium,propsero,1
Amargosa,propsero,1
Karma_Queen,Amargosa,1
AaronInTheForest,propsero,2
sitonmyfacebook,Amargosa,1
HeathenCyclist,AaronInTheForest,3
sien,propsero,1
AaronInTheForest,HeathenCyclist,2
execrator,sien,1
scrunchcrunch,propsero,1
XcileD,Flip81,1
indigoskies,propsero,3
propsero,Inequilibrium,2
propsero,Amargosa,2
propsero,sitonmyfacebook,2
propsero,Karma_Queen,1
propsero,AaronInTheForest,2
propsero,sien,2
propsero,execrator,2
propsero,scrunchcrunch,2
propsero,indigoskies,2
tess_elation,propsero,3
speedyleedy,propsero,1
execrator,propsero,1
propsero,speedyleedy,2
yakk372,ShrimpinAintEazy,1
Peter89,missaddict,3
Peter89,Flip81,1
missaddict,Peter89,2
speedyleedy,quickie,2
thrifffftah,quickie,1
stivo,quickie,1
Stroje,quickie,1
no_shift_sherlock,stivo,1
lokkiek,Stroje,1
pygmy,stivo,1
pygmy,quickie,1
BurkedPotabo,PrimaxAUS,1
syl1985,PrimaxAUS,1
Sickly404,PrimaxAUS,1
invadercee,BurkedPotabo,1
duccy_duc,PrimaxAUS,1
virusporn,missaddict,1
missaddict,virusporn,1
ShrimpinAintEazy,missaddict,1
carmahaw,PrimaxAUS,1
missaddict,ShrimpinAintEazy,1
aperture81,missaddict,1
missaddict,aperture81,1
swampgum,missaddict,1
missaddict,swampgum,1
dumblederp,missaddict,1
InactiveUser,missaddict,1
missaddict,InactiveUser,1
missaddict,dumblederp,1
xuankigoods,missaddict,1
swampgum,InactiveUser,1
missaddict,xuankigoods,1
FasterEddie,schnitzi,1
stfm,FasterEddie,1
BreakTheSun,hgritchie,1
speedyleedy,hgritchie,1
Swingingbells,hgritchie,1
KeelBug,hgritchie,1
sirmuffinman,hgritchie,1
stfm,BreakTheSun,1
0xdeadc0d3,hgritchie,1
puerile,hgritchie,1
yakk372,puerile,1
American83,hgritchie,1
puerile,yakk372,1
HBOXNW,risingkirin,1
risingkirin,HBOXNW,1
aphillios,risingkirin,1
risingkirin,aphillios,1
phillipsdesign,risingkirin,1
risingkirin,phillipsdesign,1
carlito_maldito,risingkirin,1
risingkirin,carlito_maldito,1
onederful,risingkirin,1
BearPond,golden_pants,1
golden_pants,BearPond,1
Melburnian,golden_pants,1
golden_pants,Melburnian,1
Cheetah-Cheetos,golden_pants,1
rmeredit,golden_pants,1
d_kism,golden_pants,1
joffotron,golden_pants,1
jamurp,rmeredit,1
rmeredit,jamurp,1
yakk372,joffotron,1
golden_pants,joffotron,1
whtrbt,golden_pants,2
golden_pants,whtrbt,1
coverupmotel,golden_pants,1
yakk372,golden_pants,1
emstr,joffotron,1
Silasjk,golden_pants,1
syl1985,golden_pants,1
project2501,Silasjk,1
MikeyN0,golden_pants,1
comicstar,Silasjk,1
quantumDirac,emstr,1
Tomble,whtrbt,1
jeremiahjames,golden_pants,1
shmick,coverupmotel,1
coverupmotel,shmick,1
futilityinc,golden_pants,1
zend3r,karmedian,1
ariem,mrmarcel,1
scienceoffear,mrmarcel,1
Jakeimo,mrmarcel,1
rmeredit,Jakeimo,2
Jakeimo,rmeredit,1
GatlingCat,mrmarcel,1
jefah,mrmarcel,1
dwayne123,mrmarcel,1
HOWDEHPARDNER,Jakeimo,1
Jakeimo,HOWDEHPARDNER,1
thepower99,Jakeimo,1
rmeredit,thepower99,1
thepower99,rmeredit,1
totalfrenzy,mrmarcel,1
Jakeimo,thepower99,1
josh2992,mrmarcel,1
monash_throw_away,HOWDEHPARDNER,1
monash_throw_away,Jakeimo,1
bjd85,mikeydotcomdotau,1
darsehole,mikeydotcomdotau,1
tuple,angrypoodle,1
pigferret,killadoublebrown,1
speedyleedy,pigferret,1
shrevid,killadoublebrown,1
holofernes,shrevid,1
speedyleedy,holofernes,1
ekki,killadoublebrown,1
Phallic,killadoublebrown,1
kerrypacker,killadoublebrown,1
chadthegreat,killadoublebrown,1
dvdlesher,MArzzKronik,1
treeizzle,MArzzKronik,1
col381,holofernes,1
energy4anarchy,Supersnazz,1
enferex,Supersnazz,1
jefah,Supersnazz,1
TGM,emja,2
Bort74,jefah,1
stfm,Supersnazz,4
timmydunlop,emja,1
emja,timmydunlop,1
emja,TGM,1
demonshogun,Supersnazz,1
qwibber,Supersnazz,1
zfa,Supersnazz,1
HeathenCyclist,Bort74,1
randydisher,cramitinyourcramhole,2
cramitinyourcramhole,randydisher,1
Alkhemy,cramitinyourcramhole,1
Sebastipole,cramitinyourcramhole,1
zfa,randydisher,1
FallschirmPanda,cramitinyourcramhole,1
miserygrump,Alkhemy,1
Supersnazz,Alkhemy,1
loony636,cup,1
shrevid,cup,1
lukasm,cup,2
cup,shrevid,1
cup,lukasm,1
Lohi,loony636,1
girlymau5,cup,1
totalfrenzy,cup,1
Spazit,loony636,1
GatlingCat,cup,1
zfa,cup,1
Gerdel,cup,1
cup,Gerdel,1
PalaNIN,lukasm,1
shniken,Lohi,1
shniken,cup,1
Locomorto,cramitinyourcramhole,1
dsnmi,a1studmuffin,1
xplosiv,m00nh34d,1
W357Y,redditUps,1
redditUps,W357Y,1
Deathisfatal,exidy,1
Astro_naut,redditUps,1
Doctragon,redditUps,1
BullNiro,cup,1
BullNiro,PalaNIN,1
Brizzyce,Phallic,1
thebru,Phallic,1
shrevid,Phallic,1
Norther,Orgtack,1
mysafeworkaccount,Orgtack,1
hell_crawler,Orgtack,1
lukeio,shrevid,1
wishiwasonreddit,Orgtack,1
shrevid,lukeio,1
disco2disco,Armatiage_Louvare,1
Armatiage_Louvare,disco2disco,1
gaffa,Orgtack,1
SaintInc,Armatiage_Louvare,1
Armatiage_Louvare,SaintInc,1
killadoublebrown,ividdythou,2
ividdythou,killadoublebrown,1
lollerkeet,ividdythou,2
ividdythou,lollerkeet,2
LordSutter,dacezza,1
Vindii,LordSutter,2
rmeredit,Vindii,1
BlankWaveArcade,dacezza,1
Vindii,rmeredit,1
speakafreaka,Vindii,1
LordSutter,Vindii,1
eli4672,rmeredit,1
Hussard,killadoublebrown,1
killadoublebrown,mulletdulla,1
syl1985,Hussard,1
syl1985,killadoublebrown,1
Hussard,syl1985,1
d_kism,killadoublebrown,1
BearPond,Hussard,1
speedyleedy,killadoublebrown,1
disco2disco,lollerkeet,1
Daniel15,lollerkeet,1
Khalexus,lollerkeet,1
emja,lollerkeet,1
latchee,lollerkeet,1
desirehd,lullabysinger,1
mikeydotcomdotau,lullabysinger,1
Phallic,AJStream,1
emja,AJStream,1
TurtleRacer,AJStream,1
Velocicaptcha,AJStream,1
Deathisfatal,Phallic,1
PriviIzumo,Deathisfatal,1
Phallic,Deathisfatal,1
PriviIzumo,TurtleRacer,1
AJStream,emja,1
pedleyr,Phallic,1
Hellman109,Phallic,1
Phallic,Hellman109,1
Becomeafan,Phallic,1
cameronm,PompeiiGraffiti,1
loverofchoons,PompeiiGraffiti,2
blippie,bencourtice,1
PompeiiGraffiti,loverofchoons,1
Zanzaa,cameronm,1
BullNiro,bencourtice,1
shrevid,loverofchoons,1
Victoriiaa,loverofchoons,1
binjuice_69,bencourtice,1
Creaper11,bencourtice,1
Hellman109,Creaper11,1
loverofchoons,shrevid,1
Migwelion,binjuice_69,1
PrimaxAUS,Migwelion,1
Peter89,bencourtice,1
BreakTheSun,bencourtice,1
Creaper11,Hellman109,1
alltimeisrelative,bencourtice,1
Lukerules,Creaper11,1
Migwelion,PrimaxAUS,1
yoghurt_fiend,bencourtice,1
lna4print,alltimeisrelative,1
ThunderCuntAU,alltimeisrelative,1
Creaper11,Lukerules,1
ThunderCuntAU,Lukerules,1
Deathisfatal,danstoncul,1
zull47,danstoncul,1
thebru,danstoncul,1
Seanus,danstoncul,1
jamurp,danstoncul,1
webarama,danstoncul,1
kawaii_zombie_bunny,PompeiiGraffiti,1
kawaii_zombie_bunny,cameronm,1
siddboots,webarama,1
julzham,danstoncul,1
Spazit,danstoncul,1
Grunef,Spazit,1
cjak,siddboots,1
executeorder66,danstoncul,1
Red_Bastard,danstoncul,1
puerile,Red_Bastard,1
alltimeisrelative,ThunderCuntAU,1
beedogs,ThunderCuntAU,1
beedogs,Migwelion,1
fortalyst,danstoncul,1
klystron,Brizzyce,1
Scott_MacGregor,Brizzyce,2
Brizzyce,Scott_MacGregor,2
Adzmodean,klystron,1
Creaper11,klystron,1
markymark111,Adzmodean,1
Coz131,markymark111,1
business_cat,dacezza,1
dacezza,business_cat,1
DealLayLolMo,igatsios,1
brutmax,igatsios,1
igatsios,brutmax,1
VinceBlack,GENOCIDEGeorge,1
p3ngwin,aperture81,1
disco2disco,El_Suavador,1
zfa,disco2disco,1
cup,mikeydotcomdotau,2
cup,Ludii,1
Mr_A,p3ngwin,1
p3ngwin,Mr_A,1
BreakTheSun,mikeydotcomdotau,3
mikeydotcomdotau,BreakTheSun,2
mepat1111,mikeydotcomdotau,1
hongy_r,mikeydotcomdotau,1
mikeydotcomdotau,hongy_r,1
edwardfingerhands,mikeydotcomdotau,2
jiaoziren,mikeydotcomdotau,1
mikeydotcomdotau,edwardfingerhands,1
soth09,mikeydotcomdotau,1
p3ngwin,mikeydotcomdotau,3
mikeydotcomdotau,p3ngwin,2
zfa,mikeydotcomdotau,1
mikeydotcomdotau,zfa,1
nodstar22,mikeydotcomdotau,1
mikeydotcomdotau,nodstar22,1
shniken,mikeydotcomdotau,1
MarsNeedsGuitars,mikeydotcomdotau,1
jubalj,gueriLLaPunK,1
Moghedien,gueriLLaPunK,1
dogsinboxes,gueriLLaPunK,1
gueriLLaPunK,jubalj,1
gueriLLaPunK,Moghedien,1
gueriLLaPunK,dogsinboxes,1
Adzmodean,gueriLLaPunK,1
rorykins,gueriLLaPunK,1
Hussard,dogsinboxes,1
gueriLLaPunK,Hussard,1
gueriLLaPunK,rorykins,1
ShrimpinAintEazy,gueriLLaPunK,1
soothingbalm,gueriLLaPunK,1
jacksch,gueriLLaPunK,1
Astro_naut,soothingbalm,1
chocorange,gueriLLaPunK,1
virusporn,Moghedien,1
binjuice_69,gueriLLaPunK,2
Wastebreed,gueriLLaPunK,2
jefah,ShrimpinAintEazy,1
jefah,Astro_naut,1
ShrimpinAintEazy,jefah,1
Astro_naut,jefah,1
HospitableJohnDoe,jacksch,1
HospitableJohnDoe,Hussard,2
gueriLLaPunK,HospitableJohnDoe,1
gueriLLaPunK,jefah,1
gueriLLaPunK,Wastebreed,1
HospitableJohnDoe,gueriLLaPunK,1
yourprettylense,gueriLLaPunK,3
gueriLLaPunK,yourprettylense,2
lullabysinger,gueriLLaPunK,1
gueriLLaPunK,lullabysinger,1
1337speaker,gueriLLaPunK,1
Hussard,HospitableJohnDoe,1
speakafreaka,1337speaker,1
Matchew_XD,gueriLLaPunK,1
couchmonster,chocorange,1
couchmonster,gueriLLaPunK,1
couchmonster,Moghedien,1
NoodlyGoodness,gueriLLaPunK,1
pwmcintyre,gueriLLaPunK,1
gueriLLaPunK,pwmcintyre,1
laxdalmus,gueriLLaPunK,1
czander,gueriLLaPunK,1
kerrypacker,jacksch,1
Matchew_XD,laxdalmus,1
schnitzi,HospitableJohnDoe,1
Damocles2010,gueriLLaPunK,2
gueriLLaPunK,Damocles2010,1
thatrabbitmax,JawsIsReal,1
umadbrahhhhh,JawsIsReal,1
stfm,Magzter,1
rolandobloom1,Magzter,1
Phallic,Magzter,1
sgtreznor,Magzter,1
TheFuzzKFZ,Magzter,1
RelevantRhino,Magzter,1
aceslick911,Magzter,1
Brizzyce,aceslick911,2
aceslick911,Brizzyce,1
Flickcm,Phallic,1
AJ2235,aceslick911,1
mikeydotcomdotau,stfm,1
stivo,Magzter,1
pygmy,Magzter,1
zfa,Magzter,1
Violetly,Flickcm,2
Violetly,AJ2235,1
Flickcm,Violetly,1
Magzter,Violetly,1
AJ2235,Violetly,1
JeanVanDeVelde,Magzter,1
ambrosiaceae,goddamnhivemind,1
goddamnhivemind,ambrosiaceae,1
fantasticsid,Magzter,1
Hussard,Rebound,1
lilrevolution,sgnl03,1
BreakTheSun,sgnl03,1
Powermad,sgnl03,1
quantumDirac,IAmAlphaAndOmega,1
tess_elation,sgnl03,1
JizzblasterBoris,BreakTheSun,1
TheCreazle,sgnl03,1
wiggle-wiggle-wiggle,aphillios,1
matthras,YellowSub17,1
l33t_sas,loverofchoons,2
loverofchoons,l33t_sas,1
ladyrhubarb,u_suck_paterson,1
nomaple,u_suck_paterson,1
chaotic2050,sirmuffinman,1
disco2disco,Joball,1
zutroi67,u_suck_paterson,1
mysterx,Joball,1
artytrue,Joball,1
Joball,artytrue,1
andrewinmelbourne,Joball,1
zfa,mysterx,1
smiley_baby,gralicious,1
Burgenstein,andrewinmelbourne,1
Creaper11,disco2disco,1
kowari1,zfa,1
f607dbf8c2,u_suck_paterson,1
HBOXNW,Aleid,1
InactiveUser,Aleid,1
ajafarzadeh,Aleid,1
EzanaG,Aleid,1
Dennmic,Aleid,1
jugsmahone,ajafarzadeh,1
soth09,Aleid,1
vincidahk,HBOXNW,1
HBOXNW,vincidahk,1
PeteDarwin,Aleid,1
bexor,Aleid,1
eateggs,Aleid,1
myusernamestaken,Aleid,1
B0MB3RM4N,Aleid,1
zomgheals,Dennmic,1
sgtreznor,Aleid,1
TheDark1,EzanaG,1
joosha,sgtreznor,1
sgtreznor,joosha,1
jon_n,Dennmic,1
shogun333,rokshocka,1
Bongers,shogun333,1
Violetly,rokshocka,1
themightycheese,rokshocka,1
sirmuffinman,rokshocka,1
hell_crawler,sirmuffinman,1
ruzkin,rokshocka,2
essecks,rokshocka,1
schnitzi,hell_crawler,1
rakuran,rokshocka,1
Phallic,schnitzi,1
jamurp,FuzzyLogick,2
FuzzyLogick,rokshocka,1
pho-ku,hell_crawler,1
FuzzyLogick,jamurp,2
rokshocka,ruzkin,2
rokshocka,essecks,1
rokshocka,FuzzyLogick,1
rokshocka,sirmuffinman,1
rokshocka,Violetly,1
rokshocka,shogun333,1
rokshocka,themightycheese,1
rokshocka,rakuran,1
famousninja,Aussiejosh,1
Migwelion,FuzzyLogick,1
InactiveUser,famousninja,1
FuzzyLogick,Migwelion,1
eateggs,Migwelion,1
Joelsomethingorother,ruzkin,2
Joelsomethingorother,FuzzyLogick,2
Joelsomethingorother,Aussiejosh,1
FuzzyLogick,Joelsomethingorother,2
netgod2002,rokshocka,1
s0upy,rokshocka,1
Joelsomethingorother,eateggs,1
nuclearfriend,rokshocka,1
ruzkin,Joelsomethingorother,1
GrumpyPenguin,Joelsomethingorother,1
schnitzi,Phallic,1
HospitableJohnDoe,Migwelion,1
spoojee,rokshocka,1
fieldafar,Phallic,1
rokshocka,s0upy,1
rokshocka,nuclearfriend,1
rokshocka,spoojee,1
deoxxa,FuzzyLogick,1
u_suck_paterson,ruzkin,1
ruzkin,u_suck_paterson,1
rokshocka,Bongers,1
FuzzyLogick,deoxxa,1
Pyrowombat,rokshocka,1
notformeplz,moo-core,5
cromulento,deoxxa,1
cromulento,Aussiejosh,1
cromulento,moo-core,1
TruBlue,rokshocka,2
rokshocka,TruBlue,1
schnitzi,rokshocka,1
rokshocka,schnitzi,1
mysafeworkaccount,rokshocka,1
InternetOfficer,moo-core,2
YuriTheBoyka,rokshocka,1
Evernoob,rokshocka,1
rokshocka,YuriTheBoyka,1
rokshocka,Evernoob,1
moo-core,InternetOfficer,2
moo-core,cromulento,1
moo-core,notformeplz,4
miserygrump,InactiveUser,1
Kovahr,SuperNinKenDo,2
SuperNinKenDo,Kovahr,3
Hussard,SuperNinKenDo,1
Magzter,SuperNinKenDo,7
SuperNinKenDo,Magzter,7
JamesCarlin,Magzter,2
SuperNinKenDo,JamesCarlin,2
JamesCarlin,SuperNinKenDo,1
Magzter,JamesCarlin,2
Kovahr,Magzter,1
Magzter,Kovahr,1
LordSutter,Hussard,1
Crandog,SuperNinKenDo,1
Crandog,Magzter,1
SuperNinKenDo,Crandog,2
HeathenCyclist,Hussard,1
qwibber,Cinnamon_No,1
freedblackslave,SuperNinKenDo,1
Hussard,thelegendmanbearpig,1
BIllyBrooks,Hussard,1
TurtleRacer,Hussard,1
ProfessorMeow,stuntaneous,1
retvets,stuntaneous,1
03801,stuntaneous,1
lollerkeet,retvets,1
zfa,03801,1
jshannow,stuntaneous,1
goddamnhivemind,stuntaneous,1
fizzywater,stuntaneous,1
rhetoricalanswer,stuntaneous,1
YellowSub17,stuntaneous,1
RyitGrrl,stuntaneous,1
enferex,fizzywater,1
TheKoreander,stuntaneous,1
logipond,nomaple,1
nomaple,logipond,2
cameronm,nomaple,1
nomaple,cameronm,1
CottonStorm,cameronm,2
fjellse,CottonStorm,1
nomaple,fjellse,1
cameronm,CottonStorm,2
statusfoe,nomaple,1
nomaple,statusfoe,1
MrFeasting,nomaple,2
nomaple,MrFeasting,1
fizzywater,nomaple,1
nomaple,fizzywater,1
whizzie,NewAgePhantom,1
Phallic,JizzblasterBoris,1
JizzblasterBoris,Phallic,1
Slatts02,Phallic,1
jessajuhanabi,JizzblasterBoris,1
decryption,Phallic,1
layzor,Phallic,1
siegfriedandroy,ziggy_played_guitar,1
Mr_Meowgi,NewAgePhantom,1
Hussard,Lagsta,1
Phallic,Lagsta,1
innocuous_username,Lagsta,1
Lagsta,Phallic,1
ividdythou,Lagsta,1
xaphody,Lagsta,1
phillipsdesign,Lagsta,1
Hussard,donkeydiddler,1
fortalyst,donkeydiddler,1
SpartacusMcGinty,fortalyst,1
fortalyst,SpartacusMcGinty,1
stfm,Lagsta,1
Astro_naut,fortalyst,1
fortalyst,Astro_naut,1
HeathenCyclist,SpartacusMcGinty,1
jambled,Lagsta,1
hedaik1,gaahrdner,1
gaahrdner,hedaik1,1
kerrypacker,gaahrdner,1
Kalapnajab,Lagsta,1
The_Fiddler1979,LiteGrenade,1
Tysen,LiteGrenade,1
AlanaK168,LiteGrenade,1
LiteGrenade,AlanaK168,1
SuperNinKenDo,freedblackslave,1
pinktoebluefoot,Tysen,1
Skelle-Welle,LiteGrenade,1
LiteGrenade,Skelle-Welle,1
raddat,AskiKa,1
PStyleZ,RedditAussie,1
raddat,LiteGrenade,1
killadoublebrown,enferex,1
BreakTheSun,enferex,1
eateggs,enferex,1
bartlol,enferex,1
scatdiddly,Astro_naut,2
lna4print,Astro_naut,1
joffotron,Astro_naut,1
Astro_naut,scatdiddly,1
iverific,Astro_naut,2
Astro_naut,iverific,1
Aussiejosh,iverific,1
raddat,iverific,1
raddat,Aussiejosh,1
theblanketthing,Astro_naut,1
Astro_naut,theblanketthing,1
AlJoelson,SillyPewch,1
BreakTheSun,iwishiwereyou,1
Phallic,iwishiwereyou,1
Harrowing,Phallic,1
ooo_shiny,Phallic,1
HeavyWave,iwishiwereyou,1
isdnpro,BreakTheSun,1
batouchu,Phallic,1
ShirleyTumble,Khalexus,1
froasian,HeavyWave,1
dacezza,iwishiwereyou,1
Adzmodean,dacezza,1
froasian,Khalexus,1
dacezza,Adzmodean,1
Khalexus,froasian,1
ellipsisoverload,Phallic,1
hilaritynow,Phallic,1
pedleyr,dacezza,1
Algernon_Asimov,batouchu,1
TheEvilPenguin,froasian,1
BreakTheSun,isdnpro,1
hedaik1,HeavyWave,1
stivo,ellipsisoverload,2
ellipsisoverload,stivo,2
batouchu,Algernon_Asimov,1
Migwelion,hedaik1,1
rhetoricalanswer,Migwelion,1
rhetoricalanswer,ellipsisoverload,2
rhetoricalanswer,dacezza,1
ellipsisoverload,rhetoricalanswer,1
Migwelion,rhetoricalanswer,1
shniken,froasian,1
kurosan,Phallic,1
Bulkyone,Astro_naut,1
Retrorat,ooo_shiny,2
ooo_shiny,Retrorat,2
Astro_naut,Bulkyone,1
syl1985,penguinboy08,1
KentNolan,penguinboy08,1
BreakTheSun,penguinboy08,1
speedyleedy,penguinboy08,1
zfa,penguinboy08,2
penguinboy08,zfa,1
teambritta,penguinboy08,1
dev86,BreakTheSun,1
dev86,teambritta,1
dev86,KentNolan,1
flukus,shniken,1
TimMcMahon,zfa,1
batouchu,penguinboy08,1
Moghedien,MorrigansRaven,3
MorrigansRaven,Moghedien,3
chelbornio,MorrigansRaven,1
MorrigansRaven,chelbornio,1
NilSolidum,MorrigansRaven,1
MorrigansRaven,NilSolidum,1
wanderingrhino,MorrigansRaven,1
MorrigansRaven,wanderingrhino,1
cosmicdandy,MorrigansRaven,1
dev86,TimMcMahon,1
TimMcMahon,dev86,1
violenthectarez,penguinboy08,1
Swingingbells,rexdartspy,1
fryboy,rexdartspy,1
dev86,violenthectarez,1
LCAC,madelinev,1
speedyleedy,madelinev,1
sirmuffinman,madelinev,1
SirDerpingtonIII,madelinev,1
whatifidontcare,madelinev,1
madelinev,sirmuffinman,1
madelinev,speedyleedy,1
Mr_Fahrenhe1t,madelinev,2
Mr_Fahrenhe1t,rexdartspy,1
johnny667,Mr_Fahrenhe1t,1
Mr_Fahrenhe1t,johnny667,1
MindlessDream,madelinev,1
madelinev,Mr_Fahrenhe1t,1
rollsrox,madelinev,1
madelinev,rollsrox,1
Karma_Hobo,ProbablyOnTheToilet,1
SharksCantSwim,ProbablyOnTheToilet,1
Karma_Hobo,SharksCantSwim,1
emja,ProbablyOnTheToilet,1
tikicult,ProbablyOnTheToilet,1
m00nh34d,ProbablyOnTheToilet,1
the_mighty_quinn,Shilberite,3
ShrimpinAintEazy,Shilberite,1
Bourkster,Shilberite,1
KittenWithMittens,Shilberite,1
SweetCharity,Shilberite,6
pigferret,Bourkster,1
eli4672,Shilberite,3
Prerecorded,Shilberite,1
language_game,Bourkster,1
language_game,Shilberite,1
JacobTheLiar,Shilberite,1
Migwelion,Shilberite,1
Achra,emja,1
davidswan,Shilberite,1
the_mighty_quinn,davidswan,1
stoja,the_mighty_quinn,1
froasian,language_game,2
the_mighty_quinn,stoja,1
stoja,ShrimpinAintEazy,2
ShrimpinAintEazy,stoja,2
froasian,Shilberite,16
naive_springwater,stoja,1
matt4711,davidswan,1
froasian,davidswan,1
froasian,JacobTheLiar,1
killz111,naive_springwater,1
Hellman109,killz111,1
Hellman109,language_game,1
whtrbt,Shilberite,1
martinbull,froasian,1
Section82,Shilberite,1
oliebol,davidswan,1
Fox-Lies,Shilberite,1
Wastebreed,Shilberite,1
ShrimpinAintEazy,the_mighty_quinn,1
PurpleSfinx,davidswan,1
PurpleSfinx,Shilberite,1
Joelsomethingorother,Hellman109,1
modeski,froasian,1
modeski,Shilberite,1
froasian,Hellman109,2
Migwelion,emja,1
andrewinmelbourne,Shilberite,1
emja,Shilberite,3
salmonswimmingdown,Shilberite,1
ShrimpinAintEazy,emja,1
mindsnare,ProbablyOnTheToilet,1
sgtreznor,froasian,1
Shilberite,emja,3
Shilberite,ShrimpinAintEazy,1
Shilberite,KittenWithMittens,1
Shilberite,the_mighty_quinn,1
Shilberite,language_game,2
Shilberite,froasian,10
Shilberite,Bourkster,1
Shilberite,Prerecorded,1
Shilberite,martinbull,1
Shilberite,modeski,1
Shilberite,SweetCharity,6
Shilberite,whtrbt,1
Shilberite,salmonswimmingdown,1
froasian,the_mighty_quinn,2
pocketspeaking,Hellman109,1
cancle,Shilberite,1
Shilberite,cancle,1
oz_nerd,Fox-Lies,1
lna4print,Shilberite,1
the_mighty_quinn,froasian,2
naive_springwater,killz111,1
mepat1111,Shilberite,1
bearsaresweet,SweetCharity,1
Tysen,Shilberite,1
moon_cat,Shilberite,1
SweetCharity,bearsaresweet,1
mrmarcel,froasian,1
TimMcMahon,the_mighty_quinn,1
TimMcMahon,SweetCharity,1
Shilberite,moon_cat,1
choof3199,Aleid,1
ruzkin,eli4672,1
ruzkin,the_mighty_quinn,1
TimMcMahon,Shilberite,1
whizzie,Shilberite,1
whizzie,the_mighty_quinn,1
the_mighty_quinn,ruzkin,1
general_jargon,Shilberite,3
Shilberite,whizzie,1
Shilberite,general_jargon,3
Shilberite,Tysen,1
Nidis,Shilberite,1
Shilberite,eli4672,1
Shilberite,JacobTheLiar,1
Shilberite,Nidis,1
killadoublebrown,ProbablyOnTheToilet,1
argh1989,mystik_spyral,1
Renfieldx,mystik_spyral,1
ividdythou,mystik_spyral,1
sirmuffinman,mystik_spyral,1
speedyleedy,mystik_spyral,1
zfa,mystik_spyral,1
ShivaNZ,mystik_spyral,1
ShivaNZ,speedyleedy,1
MidniteMelb,mystik_spyral,1
MidniteMelb,Lukerules,3
fieldafar,Lukerules,1
rollsrox,MidniteMelb,1
InternetOfficer,sirmuffinman,1
Karma_Hobo,mystik_spyral,1
dwooooooooooooo,MidniteMelb,1
HeathenCyclist,InternetOfficer,1
InfallibleDogbert,Hellman109,1
bungowl,argh1989,1
circly,FatMansPants,1
sumdog,argh1989,1
beergoggles69,FatMansPants,1
SharksCantSwim,FatMansPants,1
Milk_sandwich,argh1989,2
FatMansPants,beergoggles69,1
Bluelabel,mystik_spyral,1
sgtreznor,argh1989,1
gvenez,FatMansPants,1
Tehska,wherestheexit,1
wherestheexit,Tehska,1
SomeAussieDude,Becomeafan,1
Magzter,Becomeafan,1
martinbull,Becomeafan,1
cjak,SomeAussieDude,1
tanoshiiki,Becomeafan,1
Achra,cjak,1
jervistetch,Becomeafan,1
fr0s7ii,Becomeafan,1
enferex,martinbull,1
SharksCantSwim,Becomeafan,1
twistworld,Becomeafan,1
SharksCantSwim,dumplingsquid,1
ooo_shiny,SharksCantSwim,1
SharksCantSwim,ooo_shiny,1
SenorFreebie,mystik_spyral,1
doxxus,qwibber,2
sgtreznor,qwibber,1
wanderingrhino,layzor,1
skatface,layzor,1
The_Lebanese_Blonde,AzzaMcKazza,1
The_Fiddler1979,wanderingrhino,1
scruffy01,hilaritynow,1
Morphix007,hilaritynow,1
ismakkabich,hilaritynow,1
Morphix007,raags,1
3rd_in_line,raags,1
gannat668,raags,1
Milk_sandwich,raags,2
PirateBear,raags,1
raags,Milk_sandwich,1
SharksCantSwim,raags,1
Migwelion,3rd_in_line,1
robotom,raags,1
conrawr,raags,1
layzor,ausbound,1
sumdog,ausbound,1
SharksCantSwim,ausbound,1
cameronm,ausbound,1
mindsnare,ausbound,1
fjellse,cameronm,1
cameronm,fjellse,3
schnitzi,ausbound,1
Hussard,ausbound,1
The_Fiddler1979,raags,1
Siffty,MadMuppet,1
SomeAussieDude,MadMuppet,1
potplanty,MadMuppet,1
wanderingrhino,MadMuppet,1
atregent,MadMuppet,1
Qwestions,MadMuppet,1
shniken,MadMuppet,1
Retrorat,MadMuppet,1
Alect0,MadMuppet,1
rlangdon87,MadMuppet,1
DeCoburgeois,MadMuppet,1
MyNameIsAlec,MadMuppet,1
brettTinning,MadMuppet,1
RadiumGirl,MadMuppet,1
etheranger,yoghurt_ninja,1
yoghurt_ninja,etheranger,1
lolsail,yoghurt_ninja,1
all_my_rage,yoghurt_ninja,1
SuperRoach,yoghurt_ninja,1
Long_I_Stood_There,etheranger,1
maxi_danger,yoghurt_ninja,1
bitterz,yoghurt_ninja,2
alexxxor,yoghurt_ninja,1
greativens,all_my_rage,1
CatCuddles,yoghurt_ninja,1
lna4print,Long_I_Stood_There,1
doxxus,lolsail,1
InfallibleDogbert,yoghurt_ninja,1
aperture81,yoghurt_ninja,1
yoghurt_ninja,bitterz,2
HugoWeaver,MadMuppet,1
HugoWeaver,RadiumGirl,1
Mord_Fustang,enferex,1
cypherignite,enferex,1
beergoggles69,SuperRoach,1
mbongers,enferex,1
enferex,cypherignite,2
workaccount765,cypherignite,1
KeelBug,CatCuddles,1
sgtreznor,enferex,1
zfa,enferex,1
cameronm,enferex,1
enferex,cameronm,1
CosmoRealmer,enferex,1
TenorQueen,yoghurt_ninja,1
HeathenCyclist,KeelBug,1
Phallic,enferex,1
enferex,CosmoRealmer,1
cameronm,zfa,2
mrlr,MadMuppet,1
wwmwwmwwmwwmwwmwwmww,enferex,2
sumdog,lna4print,1
enferex,wwmwwmwwmwwmwwmwwmww,1
Gullyhunter,enferex,1
BoSelecta1,enferex,1
distertastin,yoghurt_ninja,2
enferex,BoSelecta1,1
yoghurt_ninja,distertastin,1
Milk_sandwich,Phallic,1
zfa,cameronm,2
mademoisel1e,alexxxor,1
grahampaige,enferex,1
alexxxor,mademoisel1e,1
Johnny_Kilroy,enferex,1
Jescartes,yoghurt_ninja,1
golgy,Drift-Bus,1
Drift-Bus,golgy,2
Algernon_Asimov,Drift-Bus,7
mazatta,Drift-Bus,1
hedaik1,mazatta,1
golgy,mazatta,1
Drift-Bus,mazatta,1
Drift-Bus,Algernon_Asimov,7
CatCuddles,Drift-Bus,1
Magzter,Drift-Bus,1
Drift-Bus,Magzter,1
Mihr,Lgrombach,1
Phallic,Mihr,1
Adzmodean,aaronwb,2
niven666,aaronwb,1
shogun333,aaronwb,1
greativens,aaronwb,1
hasteee,aaronwb,5
hasteee,shogun333,1
aaronwb,hasteee,4
aaronwb,Adzmodean,1
TimMcMahon,niven666,1
sgtreznor,Adzmodean,1
sgtreznor,aaronwb,1
Agent_Volkoff,Tut13,1
bradyh8,Agent_Volkoff,1
WhiteRun,Tut13,1
sumdog,Tut13,1
sumdog,Aushiker,1
LaunchAllVipers,Aushiker,1
Ores,LaunchAllVipers,1
bendi36,dontdoitbro,1
dontdoitbro,bendi36,1
toholio,Ores,1
angry_salad,Aushiker,1
kill_monkey,Aushiker,1
big_mac_heart_attack,Aushiker,1
LaunchAllVipers,toholio,1
m00nh34d,Aushiker,1
sumdog,Ores,1
toholio,m00nh34d,1
dsnmi,Aushiker,1
vinhhieu,Supersnazz,1
tgeezy,Supersnazz,1
Supersnazz,tgeezy,1
foons,Supersnazz,1
peppermintsuperfrog,Supersnazz,1
TimMcMahon,big_mac_heart_attack,1
Milk_sandwich,Supersnazz,1
treeizzle,vinhhieu,1
treeizzle,Supersnazz,1
MeNoEnglish,Supersnazz,1
HugoWeaver,Supersnazz,1
argh1989,Supersnazz,1
Karim992,MeNoEnglish,1
TimMcMahon,foons,1
FluffehTheSheep,Supersnazz,1
fieldafar,MeNoEnglish,1
fieldafar,Supersnazz,1
forthemaddie,Supersnazz,1
Takton,Supersnazz,1
jpdyno,fieldafar,1
Buttercupples,Supersnazz,1
filtercore,Nidis,1
filtercore,Supersnazz,1
baaloo7,forthemaddie,2
Nidis,filtercore,1
Morphix007,Nidis,1
Aussiemoo,Supersnazz,1
trewtzu,Supersnazz,1
Phallic,filtercore,1
Proveden_wong,Nidis,1
forthemaddie,baaloo7,1
ziggy_played_guitar,Supersnazz,1
Milk_sandwich,Nidis,1
not_poko,MeNoEnglish,1
GolNip,Nidis,1
Nidis,GolNip,1
MrFeasting,Nidis,1
charlesbandara,foons,1
3rd_in_line,i-Poo-in-HD,1
i-Poo-in-HD,3rd_in_line,1
Dirty_30,i-Poo-in-HD,1
ForgottenAcct,i-Poo-in-HD,1
3rd_in_line,lemme_in_dammit,1
syl1985,3rd_in_line,1
i-Poo-in-HD,ForgottenAcct,1
treeizzle,lemme_in_dammit,1
DeCoburgeois,treeizzle,1
wanderingrhino,DeCoburgeois,2
lemme_in_dammit,wanderingrhino,1
CosmoRealmer,lemme_in_dammit,1
DeCoburgeois,wanderingrhino,1
DeCoburgeois,lemme_in_dammit,1
Grunef,DeCoburgeois,1
Supersnazz,3rd_in_line,1
energy4anarchy,lemme_in_dammit,1
Visura,lemme_in_dammit,1
DeCoburgeois,Visura,2
Visura,DeCoburgeois,2
concentration_cramps,DeCoburgeois,1
DeCoburgeois,concentration_cramps,1
Hussard,dreamschool,2
dreamschool,Hussard,2
JDogg1329,dreamschool,1
enferex,Cjmules,1
ShrimpinAintEazy,Cjmules,1
Cjmules,ShrimpinAintEazy,1
chimpandz,Cjmules,1
Cjmules,chimpandz,1
markh110,devito19,1
crustybread,markh110,1
devito19,crustybread,1
HeathenCyclist,devito19,1
Majin_Jew,devito19,1
qkme_transcriber,devito19,1
macool,markh110,1
Horse_with_a_name,devito19,1
Snowwwwy,thatnellykid,1
tinybabycat,thatnellykid,2
thatnellykid,Snowwwwy,1
thatnellykid,tinybabycat,2
treeizzle,thatnellykid,1
Astro_nauts_mum,thatnellykid,2
thatnellykid,treeizzle,1
thatnellykid,Astro_nauts_mum,1
Magzter,treeizzle,1
reimg,thatnellykid,1
thatnellykid,reimg,1
GGtesla,thatnellykid,1
Scav3nger,thatnellykid,1
flukus,reimg,1
thatnellykid,Scav3nger,1
Supersnazz,reimg,1
reimg,Supersnazz,1
filtercore,thatnellykid,2
themessyb,thatnellykid,2
Nixen,thatnellykid,2
thatnellykid,Nixen,1
thatnellykid,themessyb,1
alanajane,kramerkarma,1
alanajane,xaphody,1
freezingkiss,Magzter,3
Magzter,freezingkiss,3
kramerkarma,alanajane,1
BreakTheSun,viddles,1
wanderingrhino,viddles,1
countlustig,viddles,1
budbuds,BreakTheSun,1
d40n01r,budbuds,1
BreakTheSun,budbuds,1
shniken,viddles,1
Lukerules,viddles,1
bowelhaus,budbuds,1
rhetoricalanswer,BreakTheSun,1
BreakTheSun,rhetoricalanswer,1
viddles,wanderingrhino,1
Magzter,needanewname,1
xp3ll3d,needanewname,1
angry_salad,needanewname,2
needanewname,angry_salad,2
tatty000,needanewname,1
ggggbabybabybaby,needanewname,1
Phallic,needanewname,1
Ardeet,needanewname,1
needanewname,Ardeet,1
Vershokk,thatnellykid,1
energy4anarchy,needanewname,1
saicreek,it_fell_off_a_truck,2
Lady_FriendOfSpiders,Vershokk,1
doxxus,it_fell_off_a_truck,1
ninjabk,klockwork,1
thatnellykid,Lady_FriendOfSpiders,1
Snorky1,needanewname,1
finewinereview,klockwork,1
circly,klockwork,1
hawky_aust,needanewname,1
sumdog,klockwork,1
ErgonomicDouchebag,klockwork,1
girl-on-fire,klockwork,1
GGtesla,klockwork,1
melbourne_weather,klockwork,1
it_fell_off_a_truck,saicreek,1
it_fell_off_a_truck,doxxus,1
kareem_inyourface,klockwork,1
charlesbandara,klockwork,1
klockwork,finewinereview,1
klockwork,circly,1
klockwork,ninjabk,1
needanewname,Snorky1,1
DocSatan,klockwork,1
hit3k,klockwork,1
myne,mykelbal,1
homosame,mykelbal,1
mykelbal,myne,1
Govsrobtherich,mykelbal,1
HighGuy92,mykelbal,3
3rd_in_line,mykelbal,1
perrin457,mykelbal,1
ccccolegenrock,mykelbal,1
PeeCee,mykelbal,2
LeroyHotdogsZ,mykelbal,1
an_square_one,mykelbal,1
mykelbal,PeeCee,1
mykelbal,HighGuy92,2
DeCoburgeois,mykelbal,1
KeelBug,mykelbal,1
sunshinejohnson,mykelbal,1
batouchu,mykelbal,1
longblack69,mykelbal,1
Lukerules,sunshinejohnson,1
HeavyWave,homosame,1
sunshinejohnson,Lukerules,1
stfm,HeavyWave,1
stfm,mykelbal,1
adamraco,kewriosity,2
e-jammer,adamraco,1
adamraco,e-jammer,1
kewriosity,adamraco,1
kewriosity,redw00dowl,1
typewritertrew,mfoucault,1
Donakebab,Vershokk,1
MOTTYC,Vershokk,1
SARsquatch,Vershokk,1
TheSciences,Vershokk,1
yeahrad,TheSciences,1
scatdiddly,TyElam,1
getmeoutofaww,TyElam,1
mfoucault,TyElam,1
TyElam,scatdiddly,1
TyElam,getmeoutofaww,1
The_Lebanese_Blonde,thatnellykid,1
thatnellykid,The_Lebanese_Blonde,1
shniken,thatnellykid,1
piezo32,thatnellykid,2
whycantispeakmonkey,thatnellykid,1
peppermintsuperfrog,thatnellykid,1
BullNiro,peppermintsuperfrog,1
sgtreznor,thatnellykid,1
DeCoburgeois,thatnellykid,1
jamurp,sgtreznor,1
Melburnian,thatnellykid,1
GatlingCat,thatnellykid,1
amijay2012,thatnellykid,2
noxiousmcloud,thatnellykid,1
DeCoburgeois,killadoublebrown,1
virusporn,killadoublebrown,1
Tacticus,killadoublebrown,1
Ores,killadoublebrown,1
killadoublebrown,Ores,1
aussie36,Donakebab,1
onemoreclick,virusporn,1
misenigmatic,Tacticus,1
only_temporary,misenigmatic,1
njmh,only_temporary,1
only_temporary,njmh,1
Tacticus,only_temporary,1
newowned,Tacticus,2
isdnpro,Tacticus,1
veckrot,newowned,1
Ores,isdnpro,1
Tacticus,newowned,2
CatCuddles,killadoublebrown,1
cypherignite,Ores,1
Ores,cypherignite,1
isdnpro,Ores,1
mattsab,killadoublebrown,1
BarefootWanderer,thatnellykid,1
rhiject,isdnpro,1
DamnSpamFilter,killadoublebrown,1
TheLongHalloween,NorthernSkeptic,3
ratrl3,TheLongHalloween,1
preperat,NorthernSkeptic,1
JudgeTred,killadoublebrown,1
NorthernSkeptic,TheLongHalloween,2
conrawr,thatnellykid,1
JawsIsReal,Pyrahmaniak,1
ninjabk,Pyrahmaniak,1
Rebound,Pyrahmaniak,1
SenorFreebie,Pyrahmaniak,1
Figgie,Rebound,1
genericperson,Pyrahmaniak,1
rubixqube,Pyrahmaniak,1
decryption,rubixqube,1
registradus,Pyrahmaniak,1
registradus,Figgie,1
acoustic_phil,ninjabk,1
SuperRoach,Pyrahmaniak,1
SharksCantSwim,rubixqube,1
neetyneety,rubixqube,1
shniken,Pyrahmaniak,1
ratrl3,rubixqube,1
andrewinmelbourne,Pyrahmaniak,1
rubixqube,ratrl3,1
serfdomroad,Pyrahmaniak,1
Lukerules,SenorFreebie,1
rhiject,Pyrahmaniak,1
dracaris,shniken,1
shniken,registradus,1
spoojee,Pyrahmaniak,1
piezo32,registradus,1
hzj,VicPolEnt,1
VeganJerky,SenorFreebie,1
Shoblast,shniken,1
Ladispute94,spoojee,1
jackwithaj,shniken,1
Prerecorded,Pyrahmaniak,1
andrewj86,dracaris,1
frankenchokey,Pyrahmaniak,1
opmt,Pyrahmaniak,1
enricosanchez,Pyrahmaniak,1
spoojee,Ladispute94,1
Helveticant,Pyrahmaniak,1
GaryHutz,Pyrahmaniak,1
Ores,SenorFreebie,1
heypesto,Pyrahmaniak,1
oh_no_aliens,Pyrahmaniak,1
mykelbal,heypesto,1
dad_joke,Pyrahmaniak,1
SenorFreebie,Ores,1
SenorFreebie,VeganJerky,1
satinchic,jackwithaj,1
satinchic,Pyrahmaniak,1
pskipw,Pyrahmaniak,1
xaphody,shniken,1
OZspankybear,Pyrahmaniak,1
xaphody,Pyrahmaniak,1
nation4,Pyrahmaniak,1
FrozenVegetables,xaphody,1
TheSciences,dad_joke,1
TheSciences,Pyrahmaniak,1
shniken,Shoblast,1
stfm,Pyrahmaniak,1
notleigh,Pyrahmaniak,1
notformeplz,Pyrahmaniak,1
mindsnare,TheSciences,1
mindsnare,Pyrahmaniak,1
tzortst,Prerecorded,1
tzortst,Pyrahmaniak,1
kurosan,rubixqube,1
Rellapardy,rhiject,1
Slatts02,Pyrahmaniak,1
beergoggles69,rote_it,1
PepperThyAngus,Pyrahmaniak,1
xaphody,FrozenVegetables,1
rhiject,Rellapardy,1
ichibandesu,Pyrahmaniak,1
GGtesla,Pyrahmaniak,1
miffy303,Pyrahmaniak,1
fortalyst,Pyrahmaniak,1
registradus,shniken,1
registradus,stfm,2
chopalop,hasteee,1
hasteee,chopalop,1
contraband93,Pyrahmaniak,1
fuzzyhendrix,Yea_Quite,1
fuzzyhendrix,modeski,1
CatCuddles,energy4anarchy,1
goochtek,energy4anarchy,1
sigfast,energy4anarchy,1
QUADRAVISION,evalina2004,1
evalina2004,QUADRAVISION,1
tommoFitz,evalina2004,1
wanderingrhino,evalina2004,1
Lukerules,energy4anarchy,1
enferex,evalina2004,2
evalina2004,enferex,1
godmandude,evalina2004,1
clashpalace,evalina2004,1
Astro_naut,evalina2004,1
GGtesla,evalina2004,1
energy4anarchy,sigfast,1
energy4anarchy,Lukerules,1
Vaidin,evalina2004,1
ruzkin,evalina2004,2
rmeredit,evalina2004,1
six_six_twelve,evalina2004,2
epiineg1,energy4anarchy,2
energy4anarchy,epiineg1,1
epiineg1,sigfast,1
dilbot2,evalina2004,3
tinybabycat,evalina2004,1
SenorFreebie,six_six_twelve,1
six_six_twelve,SenorFreebie,1
Redbeard,sigfast,1
sookybabi,evalina2004,1
energy4anarchy,Redbeard,1
energy4anarchy,CatCuddles,1
darsehole,tinybabycat,1
mykelbal,ruzkin,1
3rd_in_line,enferex,1
tanoshiiki,energy4anarchy,1
ruzkin,mykelbal,1
evalina2004,ruzkin,1
evalina2004,rmeredit,1
evalina2004,six_six_twelve,2
evalina2004,dilbot2,3
SumRandom,evalina2004,1
conrawr,evalina2004,2
evalina2004,conrawr,1
AncientMariners,energy4anarchy,1
CammTheMuss,evalina2004,1
submarinefacemelt,Morphix007,1
DRFTME,Morphix007,1
tinybabycat,Morphix007,1
wanderingrhino,submarinefacemelt,1
thatnellykid,Morphix007,2
killz111,Morphix007,1
conrawr,Morphix007,1
BarefootWanderer,Morphix007,1
Morphix007,thatnellykid,1
Walter_Ego,Morphix007,1
tatty000,Morphix007,1
alphabeat,Walter_Ego,1
Walter_Ego,tatty000,1
muzzman32,tinybabycat,1
muzzman32,Morphix007,1
robotom,thatnellykid,1
thatnellykid,robotom,1
stfm,Morphix007,1
stfm,muzzman32,1
superjaywars,Morphix007,1
DeCoburgeois,Morphix007,1
welcometo1984,tatty000,2
welcometo1984,Morphix007,1
Migwelion,Morphix007,1
Migwelion,welcometo1984,1
satinchic,Morphix007,1
welcometo1984,Migwelion,1
tatty000,welcometo1984,2
mastermog,satinchic,1
mastermog,Morphix007,1
charat,Morphix007,1
feellikegoinghome,Morphix007,1
SenorFreebie,Morphix007,1
SenorFreebie,mastermog,1
alexi_lupin,welcometo1984,1
GGtesla,Morphix007,1
Supersnazz,killz111,1
Supersnazz,thatnellykid,1
Migwelion,tatty000,1
campex,Morphix007,1
girl-on-fire,Morphix007,1
SlurmNator,Morphix007,2
kylexface,tatty000,1
tatty000,kylexface,1
PhunkyD,evalina2004,3
evalina2004,PhunkyD,2
Magzter,Skyblu3,1
Skyblu3,Magzter,1
evie_b,SlurmNator,1
SlurmNator,evie_b,1
MegaFonz,OVERLY_CYNICAL,1
Pilk_,OVERLY_CYNICAL,1
mysterx,MegaFonz,1
mfoucault,typewritertrew,1
OVERLY_CYNICAL,mysterx,1
innocuous_username,Pilk_,1
UhhhNope,Astro_naut,2
RadiumGirl,UhhhNope,1
Astro_naut,UhhhNope,1
Astro_naut,RadiumGirl,1
ThePancakeMan,Astro_naut,1
Astro_naut,ThePancakeMan,1
baba56,sailorcherrybomb,1
sailorcherrybomb,baba56,1
epiineg1,AnalogPenetration,1
nomaple,AnalogPenetration,1
superjaywars,AnalogPenetration,1
Geordash,AnalogPenetration,1
Ardeet,AnalogPenetration,1
Hinxsey,Astro_naut,4
Astro_naut,Hinxsey,4
angrathias,Ardeet,3
Ardeet,angrathias,2
Ardeet,Milk_sandwich,1
Ardeet,pskipw,1
pskipw,Ardeet,1
Milk_sandwich,Ardeet,1
Yoshitomonara,Milk_sandwich,7
Milk_sandwich,Yoshitomonara,6
The_Lebanese_Blonde,mak3vali,1
Phallic,mak3vali,1
Moonsukah,Phallic,1
senefen,Morphix007,1
shniken,nolongeralurker,1
Adzmodean,nolongeralurker,1
Hussard,nolongeralurker,1
ivosaurus,nolongeralurker,1
Ores,nolongeralurker,1
sduff,nolongeralurker,1
Ickdizzle,shniken,2
shniken,Ickdizzle,2
nolongeralurker,sduff,1
mydogjustdied,toholio,1
The_Lebanese_Blonde,toholio,1
TimMcMahon,marvelouspond,2
marvelouspond,TimMcMahon,1
rojmugwump,marvelouspond,1
fremeer,marvelouspond,1
SharksCantSwim,Baconvict,1
Ores,Baconvict,1
Agent_Volkoff,emja,1
thepowerofone,Agent_Volkoff,1
mydogjustdied,thepowerofone,1
thetrumpetplayer,emja,1
Supersnazz,thetrumpetplayer,1
Peter89,thetrumpetplayer,1
superjaywars,jonakajon,1
jonakajon,superjaywars,1
CosmicMoggie,emja,1
RadiumGirl,superjaywars,1
welcometo1984,superjaywars,1
registradus,superjaywars,1
wanderingrhino,RadiumGirl,1
dandysan,meaganmollie,1
meaganmollie,dandysan,1
salmonswimmingdown,ratrl3,1
dandysan,ratrl3,1
mindsnare,ratrl3,1
treeizzle,ratrl3,1
RadiumGirl,ratrl3,1
ratrl3,RadiumGirl,1
myinnervoice,salmonswimmingdown,1
The_Eternal_Footman,ratrl3,1
corgii,ratrl3,1
mindgutter,ratrl3,1
soth09,ratrl3,1
Indetermination,ratrl3,1
TimMcMahon,ratrl3,1
spoco2,ratrl3,1
fecal_brunch,ratrl3,1
Adzmodean,miffy303,2
mysterx,soth09,1
soth09,mysterx,1
reamde,Adzmodean,1
cinematographer,ratrl3,1
Swingingbells,ratrl3,1
Domza,miffy303,1
Evernoob,miffy303,1
jamurp,miffy303,1
Seraph110,frowq,1
Mr_Fahrenhe1t,frowq,1
dilbot2,ratrl3,1
GGtesla,Mr_Fahrenhe1t,1
mindsnare,Skeeball_Fanatic,1
alphabeat,spoco2,1
scottes,miffy303,1
nothingswhatimdoing1,Evernoob,1
PurpleSfinx,ratrl3,1
countlustig,ratrl3,2
countlustig,fecal_brunch,1
Evernoob,nothingswhatimdoing1,1
Morphix007,zeitg3ber,1
The_Eternal_Footman,zeitg3ber,1
FeralOni,zeitg3ber,1
melbournezur,zeitg3ber,1
sirmuffinman,zeitg3ber,1
fecal_brunch,countlustig,1
PinkyNoise,hearpaulroar,1
jamurp,hearpaulroar,1
hearpaulroar,jamurp,1
hearpaulroar,PinkyNoise,1
dagonpolaris,PinkyNoise,1
xot,hearpaulroar,1
language_game,hearpaulroar,1
The_Eternal_Footman,hearpaulroar,1
stfm,The_Eternal_Footman,1
mystic_duck,xot,1
mystic_duck,jamurp,1
wallyupdabungenstein,hearpaulroar,1
hearpaulroar,xot,1
hearpaulroar,language_game,1
hearpaulroar,The_Eternal_Footman,1
theblackpuddlequeen,hearpaulroar,2
hearpaulroar,wallyupdabungenstein,1
hearpaulroar,theblackpuddlequeen,2
hearpaulroar,mystic_duck,1
hearpaulroar,ratrl3,1
hasteee,hearpaulroar,4
Dub_Heem,hearpaulroar,1
hearpaulroar,hasteee,4
hearpaulroar,Dub_Heem,1
TimMcMahon,hearpaulroar,1
rhiject,hearpaulroar,2
Melburnian,hearpaulroar,1
hearpaulroar,rhiject,1
hearpaulroar,Melburnian,1
hasteee,rhiject,1
amyisgonnakillme,hearpaulroar,1
hearpaulroar,amyisgonnakillme,1
princeelkazeme,hearpaulroar,3
Democrab,hasteee,2
hasteee,Democrab,2
SkyPumpkins,JuggernautAU,1
JuggernautAU,SkyPumpkins,1
JuggernautAU,Troodons_Are_Better,1
Duncan9,hearpaulroar,1
beachedazd,hearpaulroar,2
hearpaulroar,beachedazd,2
hearpaulroar,Duncan9,1
hearpaulroar,princeelkazeme,2
Adzmodean,Burmeselinda,1
miiiing,hearpaulroar,1
willhughes,xot,1
willhughes,hearpaulroar,1
hearpaulroar,miiiing,1
Ickdizzle,hearpaulroar,1
sgtreznor,hearpaulroar,1
tokyobandit,hearpaulroar,1
hearpaulroar,tokyobandit,1
klystron,untrst,1
Skids_N_Steeze,untrst,1
fr0s7ii,untrst,1
deejBDB,untrst,1
tinybabycat,untrst,1
stfm,untrst,1
Dirty_30,untrst,1
untrst,deejBDB,1
orangeredNightmare,The_Eternal_Footman,1
The_Eternal_Footman,orangeredNightmare,1
djlj,untrst,1
GArrigan,beachedazd,2
beachedazd,GArrigan,1
6576125,hearpaulroar,1
d-opamine,hearpaulroar,3
hearpaulroar,d-opamine,3
Skeeball_Fanatic,SuperRoach,1
Melburnian,SuperRoach,1
fucking_righteous,SuperRoach,1
heypesto,SuperRoach,1
Lekkers,SuperRoach,1
Indetermination,heypesto,1
SuperRoach,Indetermination,1
ivosaurus,Melburnian,1
ivosaurus,heypesto,1
WhiteRun,SuperRoach,2
nish_reaper,SuperRoach,1
SuperRoach,nish_reaper,1
kernaghen,Lekkers,1
zfa,SuperRoach,1
superjaywars,Skeeball_Fanatic,1
Indetermination,WhiteRun,1
Ardeet,filthysock,1
crispylilapeth,filthysock,1
Migwelion,Ardeet,1
anusonfire,thatnellykid,2
thatnellykid,anusonfire,1
GGtesla,anusonfire,1
garyfugazigary,thatnellykid,1
orangeredNightmare,garyfugazigary,1
mystic_duck,GGtesla,1
GGtesla,mystic_duck,1
The_Fiddler1979,thatnellykid,1
roflex,filthysock,1
allaquiver,filthysock,1
superjaywars,kittyfodder,1
scottes,rohanzwalsh,2
rohanzwalsh,scottes,1
GoatSeas,kittyfodder,1
tokyobandit,rohanzwalsh,2
Perelandra1,kittyfodder,1
khalegend87,tokyobandit,1
rohanzwalsh,tokyobandit,2
rohanzwalsh,khalegend87,1
6576125,rohanzwalsh,1
rohanzwalsh,6576125,1
yummy_yummy_red_wine,rohanzwalsh,1
tomlu709,rohanzwalsh,1
tinybabycat,rohanzwalsh,2
thomjrob,rohanzwalsh,1
language_game,scottes,1
scottes,language_game,1
notformeplz,scottes,1
rohanzwalsh,yummy_yummy_red_wine,1
business_cat,rohanzwalsh,3
toomuchcode,rohanzwalsh,1
no-but-wtf,str0yr,1
rohanzwalsh,business_cat,2
rohanzwalsh,toomuchcode,1
rohanzwalsh,tinybabycat,1
KekiSAMA,rohanzwalsh,1
rohanzwalsh,KekiSAMA,1
chocolatehistorynerd,rohanzwalsh,1
Hussard,notformeplz,1
orangeredNightmare,rohanzwalsh,1
therealcjhard,6576125,1
CosmicMoggie,str0yr,1
rohanzwalsh,therealcjhard,1
jimmybook,rohanzwalsh,1
notformeplz,Hussard,1
viper2002,rohanzwalsh,1
PyromanicToaster,rohanzwalsh,1
rohanzwalsh,viper2002,1
The_Eternal_Footman,kittyfodder,1
xenopsyllus,kittyfodder,1
Gilder0y,xenopsyllus,1
amplificated,kittyfodder,1
jamurp,kittyfodder,1
Smched,kittyfodder,1
CosmicMoggie,kittyfodder,1
budbuds,kittyfodder,1
budbuds,amplificated,1
simmerdownchild,amplificated,1
PureClass,NeedingSleep,1
alltimeisrelative,kittyfodder,1
Scott_MacGregor,kittyfodder,1
Jawks,kittyfodder,1
mindsnare,kittyfodder,1
Anionz,Smched,1
Smched,Anionz,1
Neodymium,mindsnare,1
Tyzaem,kittyfodder,1
Lukerules,kittyfodder,1
beedogs,str0yr,1
Jebus_Jones,Man_Overboard,1
robemelbourne,Man_Overboard,2
enferex,Man_Overboard,1
Man_Overboard,robemelbourne,1
cleftreble,Man_Overboard,1
themessyb,Man_Overboard,1
hoookey,Adzmodean,1
hoookey,Jebus_Jones,1
NowInOz,Man_Overboard,1
snac,Man_Overboard,1
melarenigma,mbrodge,1
x_repugnant_x,BubbleConsortium,1
Cyxd,BubbleConsortium,1
jaredpaik,BubbleConsortium,1
nomaple,BubbleConsortium,1
Kowai03,BubbleConsortium,1
Latch,Kowai03,1
El-McDerpington,BubbleConsortium,1
UnholyDemigod,Kowai03,1
cameronm,BubbleConsortium,1
fecal_brunch,BubbleConsortium,1
Tysen,Latch,1
Latch,Tysen,1
Spartengerm,fecal_brunch,1
i_want_a_cool_name,generalgreavis,1
generalgreavis,i_want_a_cool_name,1
sir_bigballs,not-a-jerk,1
GGtesla,sir_bigballs,1
Nexism,sir_bigballs,1
Lady_FriendOfSpiders,not-a-jerk,1
tomrsolari,sir_bigballs,1
Halfwombat,not-a-jerk,1
WhiteRun,not-a-jerk,1
thomjrob,Nexism,1
vxg,not-a-jerk,1
troubleshot,not-a-jerk,1
Thevik,GGtesla,1
jackwithaj,Halfwombat,1
angryobbo,not-a-jerk,1
bluelovin,Lady_FriendOfSpiders,1
FermiAnyon,not-a-jerk,1
magnetik79,not-a-jerk,1
9Tskid,spamjavalin,1
hoookey,not-a-jerk,1
Thunderpork,Swingingbells,1
alphabeat,andy_panzer,2
andy_panzer,alphabeat,1
MOTTYC,innocuous_username,1
dfbowen,innocuous_username,1
ruinawish,innocuous_username,1
Steve00,sauteslut,1
wyldwyl,sauteslut,1
postcardviews,sauteslut,1
mikeydotcomdotau,postcardviews,1
postcardviews,mikeydotcomdotau,1
energy4anarchy,cavalierau,1
SharksCantSwim,cavalierau,1
celerym,noobsauces,4
noobsauces,celerym,3
MArzzKronik,cavalierau,1
blacksmithwolf,cavalierau,1
viper2002,noobsauces,2
rhiject,cavalierau,1
noobsauces,viper2002,1
killz111,noobsauces,1
viper2002,celerym,1
myself101,cavalierau,1
dumblederp,myself101,2
Astro_naut,myself101,2
myself101,dumblederp,1
myself101,Astro_naut,1
TimMcMahon,noobsauces,1
The9thInvisibleNinja,cavalierau,1
misenigmatic,myself101,1
cavalierau,The9thInvisibleNinja,1
alltimeisrelative,myself101,1
JacobTheLiar,cavalierau,1
Halfwombat,cavalierau,1
Adzmodean,Lukerules,1
btxtsf,myself101,1
mtmdog,myself101,1
kerrypacker,Lukerules,1
sauteslut,postcardviews,1
conrawr,celerym,3
celerym,conrawr,2
mykelbal,btxtsf,1
a3dollabil,americankiwiinoz,1
timmydunlop,americankiwiinoz,1
roflex,mykelbal,1
mazatta,noobsauces,1
mykelbal,roflex,1
americankiwiinoz,a3dollabil,1
ccccolegenrock,Astro_naut,1
Astro_naut,ccccolegenrock,1
MysteryStain,blacksmithwolf,1
kawaii_zombie_bunny,noobsauces,1
sgtreznor,filtercore,1
brownsniffer,sgtreznor,1
dandysan,filtercore,1
whiteanglosaxonelite,hearpaulroar,1
jackwithaj,dandysan,1
hearpaulroar,whiteanglosaxonelite,1
linead,Morphix007,1
kittyfodder,Morphix007,1
Supersnazz,Morphix007,1
zfa,linead,1
sirmuffinman,femalermitstudent,1
beugzman,sirmuffinman,1
sporkandfoon,femalermitstudent,1
teapotmonkey,beugzman,1
Daniel15,femalermitstudent,1
Jack-in-Aus,mrmarcel,1
no-but-wtf,mrmarcel,1
Toastbiscuit,mrmarcel,1
Coz131,mrmarcel,1
hasteee,Coz131,1
no28,mrmarcel,1
no28,Jack-in-Aus,1
Jockskellington,mrmarcel,1
kingpomba,mrmarcel,1
Inequilibrium,kingpomba,1
Inequilibrium,no-but-wtf,1
kingpomba,Inequilibrium,1
Tunk,mrmarcel,1
dandysan,no-but-wtf,1
jpdyno,Coz131,1
FallschirmPanda,no-but-wtf,1
dilbot2,FallschirmPanda,1
chaintool,mrmarcel,1
dracaris,no28,1
FeralOni,iwantchange,1
lordshaker,iwantchange,1
huuuurrrryup,iwantchange,1
no-but-wtf,FallschirmPanda,1
roflex,hasteee,1
roflex,no28,1
no28,roflex,1
NeedingSleep,roflex,1
Truthiseasytofind,no-but-wtf,1
HorseUma,iwantchange,1
jodes,FallschirmPanda,1
zfa,ratrl3,1
ratrl3,zfa,1
OVERLY_CYNICAL,ratrl3,1
FeralOni,ratrl3,1
Cpt_Robbo,ratrl3,1
myinnervoice,zfa,1
zfa,myinnervoice,1
jpdyno,zfa,1
elizadolots,OVERLY_CYNICAL,1
rdmarshman,Princess_of_Darkness,3
noent,Princess_of_Darkness,1
Goatse_Wan_Kenobi,noent,1
Princess_of_Darkness,noent,1
Princess_of_Darkness,rdmarshman,3
Princess_of_Darkness,Goatse_Wan_Kenobi,1
danshep,Princess_of_Darkness,1
snootybird,Princess_of_Darkness,2
Princess_of_Darkness,snootybird,1
evilharbinger,xaphody,1
xaphody,evilharbinger,1
Xotz,xaphody,1
Forevernade,xaphody,1
ErgonomicDouchebag,evilharbinger,1
saladdragon,xaphody,1
Xananth,saladdragon,1
doxxus,xaphody,1
brownsniffer,Xotz,1
dracomjb,xaphody,1
doesdrums,xaphody,1
countlustig,xaphody,1
CoomassieBlues,Princess_of_Darkness,1
GGtesla,xaphody,1
doxxus,dracomjb,1
dandysan,Princess_of_Darkness,1
10122012,beachedazd,1
Melburnian,wallyupdabungenstein,1
dracomjb,doxxus,1
SadSmile,beachedazd,1
2bi,beachedazd,1
Supersnazz,2bi,1
2bi,Supersnazz,1
darsehole,hoochsta,1
beachedazd,wallyupdabungenstein,1
yvesva,darsehole,1
tinybabycat,hoochsta,1
magnetik79,2COOL4U69,1
anothermartini,2COOL4U69,1
ninjabk,2COOL4U69,1
2COOL4U69,anothermartini,1
2COOL4U69,ninjabk,1
marvelouspond,2COOL4U69,1
tintub,2COOL4U69,1
OzBound,Forevernade,1
OzBound,Xananth,1
OllieWillie,2COOL4U69,4
cjak,OllieWillie,1
tinybabycat,spaiydz,1
2COOL4U69,OllieWillie,2
spaiydz,tinybabycat,1
Cpt_Robbo,2COOL4U69,1
xaphody,spaiydz,1
spaiydz,xaphody,1
Flip81,cjak,1
boydbacon,2COOL4U69,1
satalbot,spaiydz,1
2COOL4U69,boydbacon,1
riceman85,2COOL4U69,1
ashleyk2713,2COOL4U69,1
spoco2,anothermartini,1
2COOL4U69,riceman85,1
dacezza,2COOL4U69,1
Xananth,OzBound,1
maecat2011,2COOL4U69,1
2COOL4U69,spoco2,1
spoco2,2COOL4U69,1
mylastbreath,2COOL4U69,2
blaise21,2COOL4U69,1
qwibber,2COOL4U69,1
Lukerules,mylastbreath,1
chrisssss123,2COOL4U69,1
dj_siek,2COOL4U69,1
quagmare,2COOL4U69,1
Supersnazz,spoco2,1
2COOL4U69,blaise21,1
2COOL4U69,dj_siek,1
etherspin,2COOL4U69,1
victhebitter,Lukerules,1
Goatse_Wan_Kenobi,spoco2,1
Alect0,Goatse_Wan_Kenobi,1
spoco2,Supersnazz,1
shogun333,2COOL4U69,1
2COOL4U69,mylastbreath,2
TheDark1,mylastbreath,1
themessyb,TheDark1,1
nlx,2COOL4U69,1
realtony,2COOL4U69,1
melburnianpie,beachedazd,1
mylastbreath,victhebitter,1
mylastbreath,themessyb,1
morsona,2COOL4U69,1
un_obtanium,shogun333,1
anothermartini,un_obtanium,1
Supersnazz,un_obtanium,1
nolongeralurker,hoochsta,1
vgarhk,not-a-jerk,1
BarelyAnyFsGiven,yvesva,1
hwarang_,morsona,1
freeriderau,beachedazd,2
DougieCoffee,xenopsyllus,1
danKunderscore,xenopsyllus,1
6576125,xenopsyllus,1
aussiegeek,danKunderscore,1
reimg,danKunderscore,1
danKunderscore,reimg,1
danshep,aussiegeek,1
hell_crawler,xenopsyllus,1
Nth-Degree,danKunderscore,1
Mihr,aussiegeek,1
danKunderscore,Nth-Degree,1
Grunef,danKunderscore,1
dfbowen,danKunderscore,1
danKunderscore,Grunef,1
s14pete,xenopsyllus,1
davi5678,DougieCoffee,1
novakreo,s14pete,1
ivosaurus,s14pete,1
ivosaurus,xenopsyllus,1
spiderbea,shogun333,1
alltimeisrelative,aussiegeek,1
BigKevRox,xenopsyllus,1
Hellman109,ivosaurus,1
it_fell_off_a_truck,BigKevRox,1
spaiydz,davi5678,1
Batwaffel,davi5678,1
flukus,BigKevRox,1
cl3ft,xenopsyllus,1
cl3ft,danKunderscore,2
alphabeat,ivosaurus,1
danKunderscore,cl3ft,1
batouchu,Hellman109,1
batouchu,danKunderscore,1
Hellman109,batouchu,1
elusiver,spaiydz,1
ivosaurus,batouchu,1
theduncan,it_fell_off_a_truck,1
memoryslave,willng,1
phgao,willng,1
marvelouspond,binarysmurf,1
miffy303,binarysmurf,1
rteuma,2COOL4U69,1
lachiemx,willng,1
binarysmurf,miffy303,1
browsingfromwork,binarysmurf,2
binarysmurf,browsingfromwork,1
smthefuture,willng,1
jeremymelbourne,smthefuture,1
willng,memoryslave,1
willng,phgao,1
americanaexotica,binarysmurf,1
smthefuture,jeremymelbourne,1
binarysmurf,americanaexotica,1
spidermanity,houseinyarraville,1
quackchick,rina33,1
banjochicken,rina33,1
guykileveryone,Bowyeh,1
im_someone_else,Bowyeh,1
only_temporary,Bowyeh,1
im_someone_else,only_temporary,1
only_temporary,im_someone_else,1
Bowyeh,im_someone_else,1
The9thInvisibleNinja,lessthanusual,1
PrimaxAUS,Bowyeh,1
marvelouspond,danjiro3,1
Yomadafuku,danjiro3,1
Charlie-Green-Rug,danjiro3,1
vanderguile,Bowyeh,1
memoryslave,danjiro3,1
Melburnian,danjiro3,1
flexnerwinterstein,Dreads_Parker,1
Dreads_Parker,flexnerwinterstein,1
dfbowen,Dreads_Parker,1
Kelor,Dreads_Parker,1
Dreads_Parker,dfbowen,1
Bowyeh,PrimaxAUS,1
superjaywars,Dreads_Parker,1
EuanB,Dreads_Parker,1
jonakajon,danjiro3,1
virusporn,marvelouspond,1
niksko,lessthanusual,1
isdnpro,Malt-stick88,1
Malt-stick88,isdnpro,1
goodie2004,genericguy,1
SharksCantSwim,onetokeovertheline,1
The_Lebanese_Blonde,onetokeovertheline,1
iTookTheLastOne,---max---,1
MArzzKronik,---max---,1
ShezRocks,---max---,1
troubleshot,---max---,1
DougieCoffee,---max---,1
jamurp,DougieCoffee,1
DougieCoffee,jamurp,1
jamurp,---max---,1
clusterfuckoflove,---max---,1
MonkeyBuscuits,---max---,1
glaarthir,troubleshot,1
SkaraBrae,MonkeyBuscuits,1
Goatse_Wan_Kenobi,MonkeyBuscuits,2
cavalierau,DougieCoffee,1
MonkeyBuscuits,Goatse_Wan_Kenobi,1
Migwelion,jamurp,1
andrewinmelbourne,---max---,1
Astro_naut,---max---,1
u_suck_paterson,iTookTheLastOne,1
mazatta,---max---,1
SenorFreebie,MonkeyBuscuits,1
SenorFreebie,Goatse_Wan_Kenobi,3
SenorFreebie,Astro_naut,1
troubleshot,glaarthir,1
Goatse_Wan_Kenobi,SenorFreebie,2
---max---,iTookTheLastOne,1
Aleid,---max---,1
Migwelion,---max---,1
froasian,Astro_naut,1
nebarik1,---max---,1
Morsolo,Astro_naut,1
Morsolo,SenorFreebie,1
skeezysteev,---max---,1
NicoXY,The9thInvisibleNinja,2
The9thInvisibleNinja,NicoXY,1
niksko,The9thInvisibleNinja,1
beergoggles69,The9thInvisibleNinja,1
The9thInvisibleNinja,beergoggles69,1
shniken,The9thInvisibleNinja,1
chanwa,shniken,2
Yomadafuku,The9thInvisibleNinja,1
countlustig,nathanmurfey,1
nathanmurfey,countlustig,1
stfm,joseexhil,1
farqueue2,joseexhil,1
dfbowen,joseexhil,1
Astro_naut,joseexhil,2
jonakajon,joseexhil,1
joseexhil,Astro_naut,1
joseexhil,jonakajon,1
energy4anarchy,joseexhil,5
joseexhil,energy4anarchy,4
pompomtom,Astro_naut,1
wongm,joseexhil,1
wongm,stfm,1
youreyoureiswrong,energy4anarchy,1
energy4anarchy,youreyoureiswrong,1
finewinereview,energy4anarchy,2
energy4anarchy,finewinereview,1
wongm,pompomtom,1
Mindwalkers,joseexhil,1
north_side,joseexhil,1
Dole_Bludger,NeedingSleep,1
Mickgalt,Morphix007,1
KadePatton,joseexhil,1
joseexhil,KadePatton,1
Tastetheradness,Emmaleep,1
unauthorisedcashews,Emmaleep,1
AgentBloodrayne,PrivatePSYcho,1
Apostropherad,Emmaleep,1
botiasb,AgentBloodrayne,1
reliefintherain,botiasb,1
toholio,beachedazd,1
PurpleSfinx,beachedazd,1
ggggbabybabybaby,PurpleSfinx,1
PurpleSfinx,ggggbabybabybaby,1
JDogg1329,beachedazd,1
toholio,PurpleSfinx,1
PurpleSfinx,toholio,1
Am3n,JDogg1329,1
AgentBloodrayne,reliefintherain,1
JDogg1329,Am3n,1
hatkid,JDogg1329,1
JDogg1329,hatkid,1
alphabeat,PurpleSfinx,2
Hellman109,PurpleSfinx,1
toholio,alphabeat,1
mysterx,tayser,1
societyannoysme,beachedazd,1
Heater79,tayser,1
a1studmuffin,mysterx,1
niksko,PurpleSfinx,1
joonix,PurpleSfinx,1
tails4,beachedazd,1
joonix,tayser,2
DerangedKitten,societyannoysme,1
toholio,joonix,1
toholio,mysterx,1
jakoma488,teapotmonkey,1
Jaden_Korr,teapotmonkey,1
StupidSam,teapotmonkey,1
tayser,joonix,1
teapotmonkey,StupidSam,1
superjaywars,Jaden_Korr,1
PurpleSfinx,StupidSam,1
lk214,teapotmonkey,1
DontBLeaveme,teapotmonkey,1
mocha13,teapotmonkey,1
Tangence,Emmaleep,1
azirale,toholio,1
Igby5181,Emmaleep,1
toholio,azirale,1
marvelouspond,mysterx,1
toula_from_fat_pizza,joonix,1
jpdyno,joonix,1
wanderingrhino,mysterx,1
DeCoburgeois,StupidSam,1
mindsnare,ggggbabybabybaby,1
jen-iscool,PrivatePSYcho,1
MArzzKronik,superjaywars,1
niksko,toholio,1
toholio,niksko,1
rohanzwalsh,teapotmonkey,1
superjaywars,beachedazd,1
dfbowen,lk214,1
mydogjustdied,StupidSam,1
hansl0l,joonix,1
miIssk,9Tskid,1
dischordiasnightmare,9Tskid,1
zfa,9Tskid,1
freeriderau,9Tskid,1
rdmarshman,Wlodzimiercz,1
Stuffinnuffi,Wlodzimiercz,1
Agent_Volkoff,Stuffinnuffi,1
bennysaurus,Wlodzimiercz,1
zomgieee,Wlodzimiercz,1
thepaleblue,Wlodzimiercz,1
e-jammer,zomgieee,1
fearofthesky,thepaleblue,1
Fun_For_Guill,rdmarshman,1
DontLookBackAgain,bennysaurus,1
Nebarik,DontLookBackAgain,2
SundayRed,Wlodzimiercz,1
fusionfreak,Wlodzimiercz,1
star_boy,Wlodzimiercz,1
DontLookBackAgain,Nebarik,1
enferex,rdmarshman,1
girl-on-fire,SundayRed,1
miffy303,Wlodzimiercz,1
DeCoburgeois,DontLookBackAgain,2
DontLookBackAgain,DeCoburgeois,1
fragglemook,woahfalcon,1
danshep,woahfalcon,1
TheSciences,woahfalcon,1
alakritee,chrisUM,1
r1nce,chrisUM,1
BanjoRiver,InactiveUser,1
stfm,BanjoRiver,1
CoosinBalki,chrisUM,1
Supersnazz,InactiveUser,1
marvelouspond,InactiveUser,1
beedogs,InactiveUser,1
Supersnazz,stfm,1
jujuM,BanjoRiver,1
Putnum,marvelouspond,1
grant1wish,roylv22,1
roylv22,grant1wish,1
business_cat,roylv22,1
ABoredAussie,roylv22,1
roylv22,ABoredAussie,1
jonakajon,roylv22,1
Astro_naut,roylv22,1
danKunderscore,Astro_naut,2
Coz131,roylv22,1
Astro_naut,danKunderscore,1
ruzkin,roylv22,1
ratrl3,roylv22,1
adam3121,Wlodzimiercz,1
mattel-inc,roylv22,1
marvelouspond,farqueue2,2
zfa,marvelouspond,1
farqueue2,zfa,1
beergoggles69,farqueue2,1
farqueue2,beergoggles69,1
Nexism,farqueue2,1
mydogjustdied,Nexism,1
evilquail,farqueue2,1
hazer75,farqueue2,1
hallucinogenie,farqueue2,1
kerrypacker,lentilsoup1337,1
misenigmatic,farqueue2,1
Ores,zfa,1
farqueue2,misenigmatic,1
stfm,Eyce,1
Eyce,stfm,1
beedogs,farqueue2,1
ydna_eissua,zfa,1
hwarang_,farqueue2,1
amcgillacuddy,farqueue2,1
tinybabycat,NexusXtremeOne,1
rollsrox,NexusXtremeOne,2
pigferret,NexusXtremeOne,1
NexusXtremeOne,rollsrox,1
NexusXtremeOne,tinybabycat,1
Agent_Volkoff,NexusXtremeOne,1
Kurayamino,NexusXtremeOne,1
Kurayamino,Agent_Volkoff,1
wisie,NexusXtremeOne,1
PhunkyD,NexusXtremeOne,1
NexusXtremeOne,wisie,1
NexusXtremeOne,Kurayamino,1
NexusXtremeOne,Agent_Volkoff,1
NexusXtremeOne,PhunkyD,1
FallschirmPanda,NexusXtremeOne,3
Luthiens_ghost,Phallic,1
mazatta,NexusXtremeOne,1
tigerburning,NexusXtremeOne,1
kai_su_teknon,FallschirmPanda,1
rawrtiger,marvelouspond,1
jamurp,NexusXtremeOne,1
SuzyM,FallschirmPanda,1
Adon1kam,Phallic,1
BigKevRox,Adon1kam,1
InactiveUser,Phallic,1
CCNDRY,InactiveUser,1
TBcough,Phallic,1
fortalyst,Phallic,1
CCNDRY,farqueue2,1
InactiveUser,CCNDRY,1
like_a_carnival,BigKevRox,1
CliveAlanJnr,Phallic,1
CliveAlanJnr,farqueue2,1
ticman,Phallic,1
jessajuhanabi,NexusXtremeOne,1
HBOXNW,Phallic,1
GoatSeas,Phallic,1
ruinawish,fortalyst,2
butterpecanchocdelux,Phallic,1
Aussiemoo,f8trix,1
Aussiemoo,zfa,1
thou_shall_not_troll,Aussiemoo,1
Indetermination,fortalyst,1
thou_shall_not_troll,kai_su_teknon,1
thou_shall_not_troll,FallschirmPanda,1
melbournezur,Phallic,1
neatnoiceplz,NexusXtremeOne,1
NexusXtremeOne,tigerburning,1
NexusXtremeOne,FallschirmPanda,2
NexusXtremeOne,mazatta,1
NexusXtremeOne,neatnoiceplz,1
Phallic,CCNDRY,1
apriloneil,Phallic,1
dandysan,NexusXtremeOne,2
Kytro,FallschirmPanda,1
NexusXtremeOne,dandysan,2
presidenthomeboy,CliveAlanJnr,1
Goatse_Wan_Kenobi,dandysan,1
amcgillacuddy,Phallic,1
Cutter76,Phallic,1
Jabber_wocky,HBOXNW,1
HBOXNW,Jabber_wocky,1
NZGrade,Phallic,1
Tatts,rollsrox,1
w0shington,Adon1kam,2
HospitableJohnDoe,Phallic,1
HospitableJohnDoe,HBOXNW,1
Adon1kam,w0shington,1
thou_shall_not_troll,Kytro,1
thou_shall_not_troll,NexusXtremeOne,2
dilbot2,Tatts,1
InactiveUser,farqueue2,1
meowtank,imonalaptop,1
kewriosity,NexusXtremeOne,5
not_working_at_home,thou_shall_not_troll,1
NexusXtremeOne,kewriosity,5
NexusXtremeOne,thou_shall_not_troll,1
movealittlecloser,mindlessLemming,1
kieranjgray,NexusXtremeOne,1
kieranjgray,wisie,1
mindlessLemming,movealittlecloser,1
Jabber_wocky,apriloneil,1
apriloneil,Jabber_wocky,1
takatakatakatak,Phallic,1
wongm,CliveAlanJnr,1
energy4anarchy,NexusXtremeOne,2
CliveAlanJnr,wongm,1
NexusXtremeOne,energy4anarchy,2
fuzzyhendrix,Phallic,1
PelotonComedy,NexusXtremeOne,1
Coz131,NexusXtremeOne,1
URLfixerBot,Coz131,1
DarkBarbs,Jabber_wocky,1
muggsy_bouges,selfbarredfrome55,1
Danog123,NexusXtremeOne,1
NexusXtremeOne,Danog123,1
NexusXtremeOne,Coz131,1
Jabber_wocky,DarkBarbs,1
zfa,selfbarredfrome55,1
prolapserectum,LeftAndCorrect,2
mjit,LeftAndCorrect,1
imprsv,LeftAndCorrect,1
prolapserectum,imprsv,1
e-jammer,mjit,2
farqueue2,LeftAndCorrect,1
energy4anarchy,farqueue2,1
no28,mjit,1
triplechin00,imprsv,1
Hellman109,farqueue2,2
flooberses,selfbarredfrome55,1
glowstatic,energy4anarchy,4
energy4anarchy,glowstatic,4
farqueue2,energy4anarchy,1
etherealtim,LeftAndCorrect,1
skinnywhitemale,LeftAndCorrect,1
fantasticsid,NexusXtremeOne,1
chaotic2050,etherealtim,1
dreamschool,glowstatic,6
language_game,triplechin00,1
glowstatic,dreamschool,5
mjit,e-jammer,2
prolapserectum,OctopusOxymoron,1
budbuds,energy4anarchy,1
energy4anarchy,budbuds,1
CleanChemist,etherealtim,1
elizadolots,etherealtim,1
flukus,etherealtim,1
glowstatic,budbuds,2
angg56,farqueue2,1
im_someone_else,LeftAndCorrect,1
dandysan,im_someone_else,1
NiceHatTommy,GrumpyPenguin,1
a_spoonful_of_ipecac,GrumpyPenguin,1
GrumpyPenguin,a_spoonful_of_ipecac,1
SEXPILUS,spozguy,1
ninjabk,spozguy,1
Greenyies,spozguy,1
tigerburning,spozguy,1
muskawo,thepittamonster,1
prolapserectum,thepittamonster,1
lordshaker,thepittamonster,1
majorshake,spozguy,1
Migwelion,marvelouspond,1
JenkoB,marvelouspond,1
SuperRoach,marvelouspond,1
asparagusman,Migwelion,1
marvelouspond,JenkoB,1
alltimeisrelative,SuperRoach,1
stfm,Migwelion,1
stfm,marvelouspond,1
Migwelion,stfm,1
ninjabk,MongolianChopSquad,1
bombertaylor,MongolianChopSquad,1
Astro_naut,MongolianChopSquad,1
wongm,bombertaylor,1
mattel-inc,Phallic,1
mattel-inc,MongolianChopSquad,1
dilbot2,Migwelion,1
dilbot2,marvelouspond,1
PurpleSfinx,MongolianChopSquad,1
marvelouspond,mattel-inc,1
lonelypetshoptadpole,PurpleSfinx,1
Glizzard,MongolianChopSquad,1
jumpjumpdie,mindlessLemming,1
MyPredicament,CCNDRY,1
whatsuppeoplewhatsup,MongolianChopSquad,1
GArrigan,teeee,1
ninjabk,teeee,1
tom7991,teeee,1
teeee,ninjabk,1
teeee,tom7991,1
wongm,teeee,1
Latch,ambrosiaceae,1
DenouncetheClock,ambrosiaceae,1
LeftAndCorrect,prolapserectum,1
GoatSeas,ambrosiaceae,1
albertzinkle,Latch,1
mydogjustdied,Latch,1
kitholz,mydogjustdied,2
mydogjustdied,kitholz,1
toula_from_fat_pizza,JatzHD,1
lonelypetshoptadpole,toula_from_fat_pizza,1
hasteee,lonelypetshoptadpole,1
JatzHD,toula_from_fat_pizza,1
jay76,mydogjustdied,1
mydogjustdied,jay76,1
Xotz,ambrosiaceae,1
bacon_anytime,UnholyDemigod,1
_tldr,UnholyDemigod,1
TimMcMahon,UnholyDemigod,2
UnholyDemigod,TimMcMahon,1
ninjabk,UnholyDemigod,2
UnholyDemigod,ninjabk,1
rdmarshman,UnholyDemigod,1
UnholyDemigod,rdmarshman,1
e1dertaco,UnholyDemigod,1
HighAsAKiteFlying,ambrosiaceae,1
AlbionLoveDen,TimMcMahon,1
Dalek_Au,ambrosiaceae,1
JayJayJax,ninjabk,1
TimMcMahon,AlbionLoveDen,1
grant1wish,march_hare4,1
march_hare4,grant1wish,1
ninjabk,grant1wish,1
frglion,march_hare4,1
RetroTheft,march_hare4,1
djdefekt,march_hare4,1
schnitzi,march_hare4,1
djdefekt,RetroTheft,1
RetroTheft,djdefekt,1
virusporn,frglion,2
Pilk_,march_hare4,1
UnholyDemigod,Pilk_,1
The_Lebanese_Blonde,virusporn,1
ign1fy,march_hare4,1
su-,JayJayJax,1
mazatta,Timothyj05,1
The9thInvisibleNinja,The_Lebanese_Blonde,1
Astro_naut,mazatta,1
countlustig,RetroTheft,1
dave_SGNL_05,Timothyj05,1
Timothyj05,dave_SGNL_05,1
Timothyj05,mazatta,1
frglion,The9thInvisibleNinja,1
frglion,virusporn,1
famousninja,march_hare4,1
zero7k,march_hare4,1
win8fan,ign1fy,1
win8fan,dave_SGNL_05,1
Armstrongs_Left_Nut,virusporn,1
AnalogPenetration,march_hare4,1
marvelouspond,Timothyj05,1
rhiject,frglion,1
beergoggles69,Timothyj05,1
ratrl3,march_hare4,1
UglyFatBaldandSmelly,f8trix,1
ELKEVINO,ninjabk,1
7m-gte,Timothyj05,1
fzklvnd,The_Mighty_Spork,1
The_Mighty_Spork,fzklvnd,1
Timothyj05,7m-gte,1
Agent_Volkoff,redditatemyhamster,1
ruinawish,redditatemyhamster,1
an_ill_mallard,redditatemyhamster,1
Astro_naut,ruinawish,1
rote_it,redditatemyhamster,1
energy4anarchy,DasIstNumberwang,2
DasIstNumberwang,energy4anarchy,2
nonotevenclose,DasIstNumberwang,2
DasIstNumberwang,nonotevenclose,1
zero7k,DasIstNumberwang,1
laddism,zero7k,1
kieranjgray,DasIstNumberwang,1
AlanaK168,whalabi,1
AlanaK168,soundboy5010,1
soundboy5010,AlanaK168,1
East-man,DasIstNumberwang,1
DasIstNumberwang,East-man,1
kieranjgray,ItsNotItsItsIts,1
Ardeet,ItsNotItsItsIts,1
blacksmithwolf,ItsNotItsItsIts,1
makesyoumoist,Ardeet,1
Ardeet,makesyoumoist,1
custron,Unbemuseable,1
laddism,custron,1
quackchick,Unbemuseable,1
joonix,ItsNotItsItsIts,1
Unbemuseable,quackchick,1
Kwindecent_exposure,Unbemuseable,1
sparkles0589,Unbemuseable,1
Unbemuseable,blacksmithwolf,1
AlanaK168,thetokenkiwi,1
danshep,Unbemuseable,1
tigerburning,custron,1
tigerburning,UnholyDemigod,1
nerv2004,AgentBloodrayne,1
hwarang_,AgentBloodrayne,1
garyfugazigary,AgentBloodrayne,1
BobThingamy,AgentBloodrayne,1
BarelyAnyFsGiven,hwarang_,1
AlbionLoveDen,AgentBloodrayne,1
SunDontSetOnFreedom,AgentBloodrayne,1
curtyjohn,AgentBloodrayne,1
Skeeball_Fanatic,AgentBloodrayne,1
webarama,curtyjohn,1
TheSciences,AgentBloodrayne,1
topgreen,AgentBloodrayne,1
niksko,AgentBloodrayne,2
Benjaminw1991,AgentBloodrayne,1
curtyjohn,webarama,1
Ishi_Prende,AgentBloodrayne,1
GoatSeas,Skeeball_Fanatic,1
drunk_haile_selassie,AgentBloodrayne,1
CountryFriedSwan,AgentBloodrayne,1
ponyoratty,xXTheXLinkXx,1
tinybabycat,AgentBloodrayne,1
baba56,AgentBloodrayne,1
cpivagib,AgentBloodrayne,1
doctor_seuss,xXTheXLinkXx,1
alexkholodova,xXTheXLinkXx,1
eyepee,xXTheXLinkXx,1
Goatse_Wan_Kenobi,AgentBloodrayne,1
6576125,xXTheXLinkXx,1
AgentBloodrayne,niksko,1
velonaut,xXTheXLinkXx,1
RadleyMayhem,AgentBloodrayne,1
FlickyG,nerv2004,1
reamde,velonaut,2
Phallic,eyepee,1
ramathaham,AgentBloodrayne,1
velonaut,reamde,2
EuanB,xXTheXLinkXx,1
no_qtr,xXTheXLinkXx,1
tigerburning,eyepee,1
Duncan9,EuanB,1
dracaris,velonaut,4
faithlessdisciple,velonaut,2
faithlessdisciple,xXTheXLinkXx,2
velonaut,dracaris,4
velonaut,faithlessdisciple,2
nofunatparties,AgentBloodrayne,1
clusterfuckoflove,xXTheXLinkXx,1
3rd_in_line,xXTheXLinkXx,1
Yomadafuku,no_qtr,1
business_cat,Kohaeb,1
isdnpro,doctor_seuss,1
alphabeat,Yomadafuku,1
Yomadafuku,alphabeat,1
chngster,xXTheXLinkXx,1
marvelouspond,Yomadafuku,1
Apheal,AgentBloodrayne,1
Apheal,niksko,1
Frisky2Times,AgentBloodrayne,1
TimMcMahon,Kohaeb,2
Kohaeb,TimMcMahon,1
Hussard,xXTheXLinkXx,1
dracaris,3rd_in_line,2
CoosinBalki,xXTheXLinkXx,1
ApatheticElephant,AgentBloodrayne,1
hillburra,Kohaeb,1
will_do,Phallic,1
patienceMotherFucker,will_do,1
f8trix,will_do,1
Ores,xXTheXLinkXx,1
alltimeisrelative,AgentBloodrayne,1
truantxoxo,eyepee,1
NeanderStaal,truantxoxo,1
NeanderStaal,6576125,1
brownsniffer,xXTheXLinkXx,1
Zagorath,Yomadafuku,1
default_cube,AgentBloodrayne,1
muskawo,AgentBloodrayne,1
kerrypacker,NeanderStaal,1
marvelouspond,6576125,1
Tacticus,Yomadafuku,1
kerrypacker,Kohaeb,1
Tacticus,TimMcMahon,1
Tacticus,kerrypacker,1
toula_from_fat_pizza,patienceMotherFucker,1
Fudgity,xXTheXLinkXx,1
compache,isdnpro,2
AgentBloodrayne,muskawo,1
Steve00,velonaut,1
Ores,Yomadafuku,1
welcometo1984,TimMcMahon,1
welcometo1984,Kohaeb,1
toholio,Zagorath,1
isdnpro,compache,1
alphabeat,f8trix,2
velonaut,Steve00,1
jimmybook,Kohaeb,1
tranmyvan,Kohaeb,1
f8trix,alphabeat,3
Morphix007,topgreen,1
Hellman109,chngster,1
6576125,marvelouspond,1
6576125,Tacticus,1
will_do,f8trix,1
spoojee,welcometo1984,2
Tacticus,6576125,1
spoojee,chngster,1
welcometo1984,spoojee,1
tranmyvan,topgreen,2
TimMcMahon,welcometo1984,1
charat,AgentBloodrayne,1
AgentBloodrayne,charat,1
topgreen,Morphix007,1
topgreen,tranmyvan,2
soleilazure,AgentBloodrayne,1
AgentBloodrayne,soleilazure,1
AdamEsson,Ores,1
Ores,AdamEsson,1
Gr3mlins,xXTheXLinkXx,1
edinbro,daamsie,1
amcgillacuddy,daamsie,1
khanzor,daamsie,1
Yourwtfismyftw,thepittamonster,1
HBOXNW,daamsie,1
Kaputcha,HBOXNW,1
zfa,DonkeyManda,2
DonkeyManda,zfa,1
runningfromthesun,petma690,1
tigerburning,petma690,1
ratsock,petma690,1
Sarahsaurus_,petma690,1
Victoriiaa,petma690,1
kitholz,runningfromthesun,1
khalegend87,petma690,1
zfa,ratsock,1
flatbats_,petma690,1
stfm,petma690,1
monsieurchat,petma690,1
GoatB0y,petma690,1
SonofGee,DonkeyManda,1
temet23,petma690,1
listurgh,petma690,1
jessajuhanabi,DonkeyManda,1
DonkeyManda,jessajuhanabi,1
DonkeyManda,SonofGee,1
sphenopalatine,petma690,1
HaveYouMetBee,flatbats_,1
flatbats_,HaveYouMetBee,1
flukus,imprsv,1
Dreadweave,imprsv,1
BullNiro,imprsv,2
genwhy,Dreadweave,1
m00nh34d,imprsv,1
ewzilla,imprsv,1
lolsail,ewzilla,1
Snowwwwy,BullNiro,1
reddit0rial,imprsv,1
heymao,imprsv,1
WestEndRiot,reddit0rial,1
Spartengerm,imprsv,1
Spartengerm,WestEndRiot,1
sortius,lolsail,1
RiskRegsiter,imprsv,1
wongm,ewzilla,1
imprsv,BullNiro,1
imprsv,flukus,1
grant1wish,imprsv,1
petrichorified,Spartengerm,1
superjaywars,ewzilla,1
marvelouspond,lachiemx,1
Jbirdhj,lachiemx,1
cbass481,lachiemx,1
boredidiot,lachiemx,1
justcn,lachiemx,1
farqueue2,marvelouspond,1
normy132,cbass481,1
hell_crawler,lachiemx,2
feellikegoinghome,lachiemx,1
Jebus_Jones,lachiemx,1
tinybabycat,justcn,1
Cjmules,lachiemx,1
SharksCantSwim,marvelouspond,1
sortius,lachiemx,1
Ericomgz,lachiemx,1
cbass481,boredidiot,1
BEETS_BEARS,lachiemx,2
Hellman109,boredidiot,1
lachiemx,hell_crawler,1
lachiemx,BEETS_BEARS,1
notnonsense,Jebus_Jones,1
pho-ku,attackoftheclaw,1
hell_crawler,SharksCantSwim,1
Astro_naut,lachiemx,1
SharksCantSwim,hell_crawler,1
lordshaker,lachiemx,1
farqueue2,SharksCantSwim,1
toula_from_fat_pizza,cbass481,2
SharksCantSwim,farqueue2,1
toula_from_fat_pizza,lachiemx,1
warratah,lachiemx,1
BushmanBen,Jbirdhj,1
xxlozzaxx,lachiemx,1
ErgonomicDouchebag,Jebus_Jones,2
Jebus_Jones,ErgonomicDouchebag,1
filtercore,sortius,1
Jbirdhj,BushmanBen,1
lachiemx,lordshaker,1
foxo11,feellikegoinghome,1
JayJayJax,attackoftheclaw,2
wisie,attackoftheclaw,1
EconomicDecline,Cjmules,1
dont_swear_at_me,attackoftheclaw,1
angrathias,toula_from_fat_pizza,1
Acranist1,attackoftheclaw,1
rote_it,toula_from_fat_pizza,1
Cjmules,EconomicDecline,1
Hussard,justcn,1
euloify,angrathias,1
stryka00,toula_from_fat_pizza,1
euloify,farqueue2,1
euloify,hell_crawler,1
cbass481,toula_from_fat_pizza,2
InternetOfficer,hell_crawler,1
boredidiot,Hellman109,1
boredidiot,cbass481,1
blarglenarf,feellikegoinghome,1
hell_crawler,InternetOfficer,1
MarloStanfield1,lachiemx,2
duccy_duc,lachiemx,1
lachiemx,MarloStanfield1,1
enr92,blarglenarf,1
Bremic,blarglenarf,1
toula_from_fat_pizza,euloify,2
euloify,toula_from_fat_pizza,1
feellikegoinghome,blarglenarf,1
mindsnare,attackoftheclaw,1
hooraj,marvelouspond,1
OZspankybear,lachiemx,1
DCFowl,Ericomgz,1
flamingvelociraptor,lachiemx,1
sydneygamer,Cjmules,1
rote_it,stryka00,1
rote_it,pho-ku,1
Golf-x-Wang,rote_it,1
rote_it,Golf-x-Wang,1
DETHANAUT,hell_crawler,1
BarelyAnyFsGiven,flamingvelociraptor,1
BarelyAnyFsGiven,toula_from_fat_pizza,1
swaggerless_friend,JayJayJax,1
pho-ku,rote_it,1
albertzinkle,attackoftheclaw,1
toula_from_fat_pizza,BarelyAnyFsGiven,1
lemagor,Bremic,1
lemagor,albertzinkle,1
lolsail,SmellsofMandom,1
vanderguile,SmellsofMandom,1
idontknowmymind,SmellsofMandom,1
Astro_nauts_mum,SmellsofMandom,1
The9thInvisibleNinja,vanderguile,1
sickanimations,SmellsofMandom,1
MadBoy42,lolsail,2
sortius,SmellsofMandom,1
NilSolidum,SmellsofMandom,1
proze_is_dead,SmellsofMandom,1
myinnervoice,The9thInvisibleNinja,2
myinnervoice,sortius,1
The9thInvisibleNinja,myinnervoice,1
Indetermination,SmellsofMandom,1
sortius,myinnervoice,1
Phallic,myinnervoice,1
squeegep,SmellsofMandom,1
CaveJohnnnson,SmellsofMandom,1
Lukerules,sortius,1
Lukerules,MadBoy42,1
north_side,SmellsofMandom,1
lolsail,MadBoy42,1
InactiveUser,vanderguile,1
pentester1,SmellsofMandom,1
InactiveUser,SmellsofMandom,1
alltimeisrelative,SmellsofMandom,1
myinnervoice,Phallic,1
lolsail,Lukerules,3
taniastar,CaveJohnnnson,1
toastedcheesesando,SmellsofMandom,1
saturdaysnation,north_side,1
korny,SmellsofMandom,1
thepaleblue,SmellsofMandom,1
Lukerules,lolsail,3
jimmybook,MadBoy42,1
fremeer,SmellsofMandom,1
sausagesizzle,Lukerules,1
karmedian,SmellsofMandom,1
Phallic,NilSolidum,1
duccy_duc,InactiveUser,1
mindsnare,vanderguile,1
The_Lebanese_Blonde,mindsnare,2
mindsnare,The_Lebanese_Blonde,1
KamikazeSexPilot,adamraco,1
adamraco,KamikazeSexPilot,1
AlbionLoveDen,adamraco,1
HearThisToday,adamraco,1
Astro_naut,adamraco,1
circly,adamraco,1
adamraco,Astro_naut,1
adamraco,circly,1
UnDissolvedAcess,Astro_naut,1
Ores,ThrowawayDownUnder69,1
ThrowawayDownUnder69,Ores,1
shniken,ThrowawayDownUnder69,1
emilyrose_,shniken,1
Kurayamino,emilyrose_,1
business_cat,Kurayamino,1
business_cat,ThrowawayDownUnder69,1
smithsonian007,ThrowawayDownUnder69,1
Coz131,ThrowawayDownUnder69,1
ApatheticElephant,ThrowawayDownUnder69,1
ThrowawayDownUnder69,business_cat,1
branded,ThrowawayDownUnder69,1
ThrowawayDownUnder69,smithsonian007,1
ThrowawayDownUnder69,ApatheticElephant,1
lotus-codex,Kurayamino,1
kittenballistic,ThrowawayDownUnder69,1
ThrowawayDownUnder69,kittenballistic,1
hansl0l,ThrowawayDownUnder69,1
Astro_naut,lotus-codex,1
myne,lotus-codex,1
lotus-codex,myne,1
renegadedreddit,ThrowawayDownUnder69,1
flooberses,ThrowawayDownUnder69,1
rdmarshman,socratees,2
socratees,rdmarshman,1
typewritertrew,socratees,2
roney2410,socratees,1
grundyreadit,socratees,1
WTF-BOOM,GetUpMorningMVFC,1
ozias_leduc,GetUpMorningMVFC,1
Putnum,LineNoise,2
LineNoise,Putnum,1
Steve00,spoojee,1
olibird,SharksCantSwim,1
an0ok,decryption,1
nom--de--plume,Veeedka,1
Veeedka,nom--de--plume,1
alphabeat,dj_siek,1
isdnpro,dj_siek,1
col381,marvelouspond,1
2COOL4U69,marvelouspond,1
McGarnacIe,marvelouspond,1
toholio,marvelouspond,1
2COOL4U69,toholio,2
toholio,2COOL4U69,1
mindsnare,marvelouspond,1
magnetik79,marvelouspond,1
bs9tmw,marvelouspond,1
stivo,marvelouspond,1
KarPN,marvelouspond,1
wallyupdabungenstein,sunshinejohnson,1
universeyouscary,marvelouspond,1
Batwaffel,McGarnacIe,1
sunshinejohnson,wallyupdabungenstein,1
Algernon_Asimov,bs9tmw,1
grant1wish,marvelouspond,1
mlg131,marvelouspond,1
WANKS_A_LOT,marvelouspond,1
Tw1sty,marvelouspond,1
Astro_naut,buctrack,1
green_lightning,buctrack,1
Putnum,McGarnacIe,1
shniken,buctrack,1
InactiveUser,marvelouspond,1
zKskita,shniken,2
Gus_the_snail,KarPN,1
shniken,zKskita,1
farqueue2,McGarnacIe,2
haijesh,zKskita,2
zKskita,haijesh,1
universe93,buctrack,1
buctrack,shniken,1
buctrack,green_lightning,1
buctrack,Astro_naut,1
McGarnacIe,farqueue2,1
ruinawish,universeyouscary,1
smacbeats,mlg131,1
batouchu,zKskita,1
lotus-codex,McGarnacIe,1
Snowwwwy,Kasuist,2
Kasuist,Snowwwwy,2
Benjaminw1991,marvelouspond,1
toula_from_fat_pizza,Kasuist,1
haijesh,Kasuist,1
smellytoast,Kasuist,1
kerrypacker,frggr,1
J_Sparky,randomuniverse6,1
randomuniverse6,J_Sparky,1
tinybabycat,J_Sparky,2
J_Sparky,tinybabycat,1
Astro_naut,randomuniverse6,1
randomuniverse6,Astro_naut,1
NowInOz,frggr,1
TheSciences,randomuniverse6,2
randomuniverse6,TheSciences,1
frggr,NowInOz,1
frggr,kerrypacker,1
jonakajon,IceMan004,1
wongm,jonakajon,1
mattydee123,IceMan004,1
IceMan004,wongm,1
Hrundi_V_Bakshi,mattydee123,1
3rd_in_line,mattydee123,1
Bugisman3,3rd_in_line,1
gawtf,IceMan004,1
Jay1D,Bugisman3,1
Daniel15,IceMan004,1
Tacticus,Daniel15,1
rmeredit,Daniel15,1
sortius,Tacticus,2
willhughes,rmeredit,1
Tacticus,sortius,1
WogButter,IceMan004,1
WogButter,Jay1D,1
iamnotastroturfing,WogButter,1
Daniel15,sortius,1
albertzinkle,stfm,1
knight_fall,stfm,1
WogButter,stfm,2
andrewinmelbourne,stfm,1
NewAgePhantom,knight_fall,1
tinybabycat,andrewinmelbourne,1
filtercore,stfm,1
brownsniffer,rumperpumper83,1
jumpjumpdie,rumperpumper83,1
mikeydotcomdotau,rumperpumper83,1
calluum,rumperpumper83,1
tchick,rumperpumper83,1
Migwelion,rumperpumper83,1
chesterfieldvb,tchick,1
Tangence,rumperpumper83,1
stfm,MarzRaul,1
specialfae,rumperpumper83,1
Retrorat,rumperpumper83,1
WogButter,rumperpumper83,1
Spliffzor,stfm,1
KittenWithMittens,brownsniffer,1
grahampaige,rumperpumper83,1
PeepShowMark,rumperpumper83,1
al_prazolam,jumpjumpdie,1
Ericomgz,rumperpumper83,1
genwhy,albertzinkle,1
Alect0,mikeydotcomdotau,2
mikeydotcomdotau,Alect0,1
MarzRaul,stfm,1
TimMcMahon,calluum,1
EElsy,rumperpumper83,1
JopHabLuk,rumperpumper83,1
jumpjumpdie,al_prazolam,1
Smile_Bot,jumpjumpdie,1
jumpjumpdie,Smile_Bot,1
mgexiled,rumperpumper83,1
thou_shall_not_troll,PeepShowMark,1
meloncake,calluum,1
rumperpumper83,Ericomgz,1
ness111555,MaleFascistAdvice,2
MaleFascistAdvice,ness111555,1
Supersnazz,miffy303,2
miffy303,Supersnazz,1
Watson1992,miffy303,1
ninjabk,miffy303,2
jessajuhanabi,miffy303,1
miffy303,ninjabk,1
miffy303,jessajuhanabi,1
AndyBurns,ohhayaunicorn,2
ApatheticElephant,ohhayaunicorn,1
ohhayaunicorn,AndyBurns,1
dracaris,ohhayaunicorn,1
neverendum,ohhayaunicorn,1
ohhayaunicorn,dracaris,1
testbug0,neverendum,1
e-jammer,djdefekt,1
e-jammer,__circle,3
tgomi,e-jammer,1
e-jammer,tgomi,1
jamurp,djdefekt,1
chanwa,Kytro,1
Kytro,chanwa,1
__circle,e-jammer,2
nasrmg,FlaviusStilicho,1
cl3ft,nasrmg,1
cl3ft,virusporn,1
e-jammer,cl3ft,1
CanadianBadass,Blargh_Blargh,2
Darkrapid,CanadianBadass,1
Blargh_Blargh,CanadianBadass,1
cooper_510,Blargh_Blargh,1
Blargh_Blargh,cooper_510,1
Gullyhunter,Blargh_Blargh,1
andrewinmelbourne,Blargh_Blargh,1
kai_su_teknon,Blargh_Blargh,1
smoke_dogg,Blargh_Blargh,1
albert78,Blargh_Blargh,1
rdmarshman,nasrmg,1
toula_from_fat_pizza,Blargh_Blargh,1
Magzter,Blargh_Blargh,1
Phallic,Blargh_Blargh,1
AnLeabhar,Blargh_Blargh,1
teapot6,mindsnare,1
DougieCoffee,Blargh_Blargh,1
nosayingbagpipe,Blargh_Blargh,1
angrathias,mindsnare,1
mindsnare,angrathias,1
eyepee,robotom,1
mtmdog,robotom,1
lostmyupvote,DonMare,1
The9thInvisibleNinja,lostmyupvote,1
CO_Fimbulvetr,mtmdog,1
Ruski182,robotom,1
toholio,CO_Fimbulvetr,1
iamnotastroturfing,robotom,1
Olerhead,The9thInvisibleNinja,1
AgentBloodrayne,DonMare,1
jujuM,CO_Fimbulvetr,1
MrKas,Ruski182,1
FirstTimePlayer,toholio,1
ign1fy,toholio,1
DonMare,lostmyupvote,1
tatty000,pengwiiin,1
CO_Fimbulvetr,jujuM,1
Hexiar,pengwiiin,1
Coz131,Hexiar,1
mindsnare,Ruski182,1
rote_it,Hexiar,1
charlienorman,iamnotastroturfing,2
iamnotastroturfing,charlienorman,2
miffy303,pengwiiin,1
radarseven,Shux,1
just_kitten,Shux,1
tinybabycat,Shux,1
decryption,Shux,1
WogButter,Shux,1
alphabeat,Shux,1
toholio,radarseven,1
grahampaige,Shux,1
turkeyspit,Shux,1
toula_from_fat_pizza,Shux,1
Migwelion,Shux,1
s0ld,Shux,1
Hellman109,radarseven,1
connery_007,im_someone_else,1
zee-bra,amcgillacuddy,1
dj_siek,zee-bra,1
Ashiiiee,zee-bra,1
ratrl3,amcgillacuddy,1
whatsuppeoplewhatsup,mikeydotcomdotau,1
rote_it,ratrl3,1
toula_from_fat_pizza,rote_it,1
Putnum,grimmaldii,1
grimmaldii,Putnum,1
genwhy,dweeman,1
chanwa,mocha13,1
dweeman,genwhy,1
DaNReDaN,Supersnazz,1
Supersnazz,DaNReDaN,1
ilikelotsofcoconuts,dweeman,1
dweeman,ilikelotsofcoconuts,1
spazmoflymo,ticman,2
StarWalk,spazmoflymo,1
mykelbal,StarWalk,2
StarWalk,mykelbal,1
spazmoflymo,StarWalk,1
lackpack,chanwa,1
Oceanmyst,ishyy,1
lololiver,ishyy,1
ishyy,lololiver,1
ishyy,Oceanmyst,1
Exiatron,ishyy,1
Steve00,TallTonyH,1
dumblederp,TallTonyH,1
puppythruster,TallTonyH,1
chanwa,TallTonyH,1
3rd_in_line,ishyy,1
jakoma488,TallTonyH,1
jakoma488,dumblederp,1
Vekyri,Skangryph,1
akaddk,Skangryph,1
Skangryph,Vekyri,1
Macajonny,jakoma488,1
jakoma488,Macajonny,1
CountryFriedSwan,Skangryph,1
tanktopbluesman,Skangryph,1
Skangryph,tanktopbluesman,1
teeo,TallTonyH,1
speedyleedy,ishyy,1
cissii,RainbowCat,1
danshep,RainbowCat,1
WogButter,SharksCantSwim,1
TGM,RainbowCat,1
OIP,RainbowCat,1
farqueue2,xoctor,1
cuntipede,RainbowCat,1
IPman0128,Skangryph,1
kaygo,Skangryph,1
Ardeet,xoctor,1
jamesbig2,farqueue2,1
Pancham2,iamnotastroturfing,1
7568324,iamnotastroturfing,1
ticman,spazmoflymo,1
danshep,Pancham2,1
Sespol,iamnotastroturfing,1
Ores,danshep,1
Goatse_Wan_Kenobi,daniterida,1
watsakerring,Ores,1
GArrigan,daniterida,1
reimg,Hellman109,1
lololiver,Hellman109,1
bennysaurus,reimg,1
puppythruster,derpdiddly,1
derpdiddly,puppythruster,1
StickEmInAStew,derpdiddly,1
an_ill_mallard,Hellman109,2
derpdiddly,StickEmInAStew,1
katatoniq,derpdiddly,2
derpdiddly,katatoniq,2
rdmarshman,CliveAlanJnr,1
Heater79,StickEmInAStew,1
green_lightning,Gaflugagagar,1
Gaflugagagar,green_lightning,1
ClarityEye,katatoniq,1
mattel-inc,CliveAlanJnr,1
CliveAlanJnr,mattel-inc,1
ign1fy,Hellman109,1
tigerburning,CliveAlanJnr,1
lotus-codex,randomthreddish,1
StarWalk,randomthreddish,1
lotus-codex,StarWalk,2
StarWalk,lotus-codex,1
phenovenom,randomthreddish,1
Themirkat,randomthreddish,1
kitholz,randomthreddish,1
BarelyAnyFsGiven,lotus-codex,1
lotus-codex,BarelyAnyFsGiven,1
Violetly,Glamredhel,1
caffeinesa,TheBlairventure,1
TheBlairventure,caffeinesa,1
AndyBurns,TheBlairventure,1
TheBlairventure,AndyBurns,1
minhty,TheBlairventure,2
TheBlairventure,minhty,2
chenzoid,zfa,1
zfa,chenzoid,1
verytroo,Romanorum-Imperator,1
comiccostello,mtmdog,1
vnslo,TheBlairventure,1
Goatse_Wan_Kenobi,mindsnare,1
Unitized,TheBlairventure,4
HealingGood,TheBlairventure,1
TheBlairventure,Unitized,4
TheBlairventure,HealingGood,1
iamstephano,Goatse_Wan_Kenobi,1
niksko,drive27,2
zKskita,niksko,1
drive27,niksko,2
circly,drive27,1
akaddk,acuterix,1
Astro_naut,acuterix,1
daithiocoinnigh,acuterix,1
akaddk,daithiocoinnigh,1
thou_shall_not_troll,Astro_naut,1
3l3s3,akaddk,1
akaddk,3l3s3,1
daithiocoinnigh,akaddk,1
Astro_naut,thou_shall_not_troll,1
rollsrox,drive27,1
njmh,akaddk,1
fatalexiii,acuterix,1
gaffa,acuterix,1
salamandervanstone,drive27,1
Supersnazz,maximillion83,1
eyepee,maximillion83,1
Spacesider,daithiocoinnigh,3
daithiocoinnigh,Spacesider,2
megablast,filtercore,1
Heater79,filtercore,1
koalanotbear,filtercore,1
Supersnazz,megablast,1
Supersnazz,koalanotbear,1
rooooster,Supersnazz,1
Supersnazz,rooooster,1
-N7-,Supersnazz,2
Supersnazz,-N7-,1
jpdyno,Heater79,1
Quarterwit_85,filtercore,1
Remued,rooooster,1
InactiveUser,Supersnazz,1
rillrillrill,lovetig,1
lovetig,rillrillrill,1
ruinawish,lovetig,1
roxmyworld25,lovetig,1
fatalexiii,charlienorman,1
Tothebillyoh,charlienorman,1
WogButter,charlienorman,1
garyfugazigary,charlienorman,1
charlienorman,Tothebillyoh,1
charlienorman,garyfugazigary,1
crabfartbubbles,charlienorman,1
onnoddingoff,fatalexiii,1
DeJaVuAgain,charlienorman,1
onnoddingoff,charlienorman,1
Dorsal_Fin,charlienorman,1
decryption,charlienorman,1
charlienorman,onnoddingoff,1
charlienorman,DeJaVuAgain,1
charlienorman,decryption,1
esaru,charlienorman,1
Spacesider,charlienorman,1
innocuous_username,charlienorman,1
testbug0,charlienorman,1
Quarterwit_85,charlienorman,1
timmydunlop,charlienorman,1
neko_loliighoul,decryption,1
neko_loliighoul,charlienorman,1
neko_loliighoul,Dorsal_Fin,1
-N7-,charlienorman,1
OboesBleat,charlienorman,1
charlienorman,testbug0,1
charlienorman,Quarterwit_85,1
charlienorman,OboesBleat,1
2cents-HERESMINE,Quarterwit_85,1
Supersnazz,charlienorman,1
Slatts02,charlienorman,1
thomjrob,charlienorman,1
shurligneur,charlienorman,1
mindsnare,charlienorman,1
stfm,charlienorman,1
Jawdan,charlienorman,1
DeathRayDevices,charlienorman,1
an_ill_mallard,leutschi,1
melbournator,charlienorman,1
Robdoggz,leutschi,1
pixelwhip,Tothebillyoh,1
EveryAspect,THRlLLH0,1
MyFriendsCallMeSir,THRlLLH0,1
Tothebillyoh,theshaqattack,1
Tothebillyoh,squonge,1
wutangturtles,THRlLLH0,1
genwhy,dfbowen,1
elhindenburg,genwhy,1
natostrike,dfbowen,2
toholio,elhindenburg,1
Fartingloudly,dfbowen,2
dfbowen,Fartingloudly,1
temet23,dfbowen,1
Tacticus,Fartingloudly,1
SirSassyCat,dfbowen,2
mastermog,Akira675,1
Lukerules,Akira675,1
Astro_naut,mastermog,4
isdnpro,dfbowen,1
mastermog,Astro_naut,3
Scotty1992,isdnpro,1
Scotty1992,SirSassyCat,1
isdnpro,Scotty1992,1
dfbowen,SirSassyCat,1
rdmarshman,dfbowen,3
monkeydrunker,SirSassyCat,1
Kazaril,StopStopKony,2
AlanaK168,StopStopKony,1
The_Fiddler1979,AlanaK168,1
StopStopKony,The_Fiddler1979,2
The_Fiddler1979,StopStopKony,1
StopStopKony,Kazaril,1
cooking-mama,visiting_melbourne,1
thatevangelist,visiting_melbourne,1
mactier,visiting_melbourne,1
turkeyspit,visiting_melbourne,1
kitholz,visiting_melbourne,1
Lukerules,visiting_melbourne,1
majorcarrot,visiting_melbourne,1
assholio,majorcarrot,1
VelvetOnion,visiting_melbourne,1
kentoad,assholio,1
alphabeat,kentoad,3
alphabeat,majorcarrot,1
majorcarrot,assholio,1
doctorBenton,visiting_melbourne,1
continental-drift,Steve00,12
Steve00,continental-drift,13
kentoad,alphabeat,1
bmwiam,agDane,1
Heater79,agDane,2
magnetik79,agDane,1
thatdudefromthehood,magnetik79,1
agDane,magnetik79,1
agDane,Heater79,2
alphabeat,agDane,1
green_lightning,Heater79,1
megablast,Heater79,1
encabule,agDane,1
Rockableize,agDane,1
3rd_in_line,alphabeat,1
alphabeat,3rd_in_line,1
arkie,Heater79,1
j0rdy1,alphabeat,2
alphabeat,j0rdy1,1
Tastetheradness,bmwiam,1
FirstTimePlayer,agDane,2
agDane,alphabeat,1
agDane,FirstTimePlayer,1
crackcocainebaby,overtherainbow22,1
shurligneur,MOTTYC,1
CaptainBeeFart,djyak,1
Akira675,djyak,1
MOTTYC,shurligneur,1
missjonesxx,MOTTYC,1
andrewinmelbourne,MOTTYC,2
beergoggles69,djyak,1
Raptop,SimonGn,1
daniterida,djyak,1
SimonGn,Raptop,1
SadSmile,CaptainBeeFart,1
jampola,Raptop,1
greenpies10,MOTTYC,1
PraiseB,djyak,1
MOTTYC,andrewinmelbourne,1
Quarterwit_85,jampola,1
waltonics,jampola,2
Quarterwit_85,djyak,1
Astro_naut,MOTTYC,1
Quarterwit_85,waltonics,1
nfsnobody,Raptop,1
TheMeadow,MOTTYC,1
virusporn,MOTTYC,1
TheMightyCE,daniterida,1
Phallic,MOTTYC,2
MOTTYC,Phallic,1
eye_snot,MOTTYC,1
rargelflarp,djyak,1
olivaw_02,djyak,1
throwawaylawstudent2,djyak,1
timmycosh,djyak,1
tshepherd,djyak,1
devito19,olivaw_02,1
Akira675,rargelflarp,1
Akira675,SadSmile,1
allmywisdomtoothout,HeathenCyclist,2
HeathenCyclist,allmywisdomtoothout,2
Akira675,CaptainBeeFart,1
rargelflarp,Akira675,1
TheGoalOfGoldFish,allmywisdomtoothout,3
HeathenCyclist,TheGoalOfGoldFish,3
allmywisdomtoothout,TheGoalOfGoldFish,2
dfbowen,HeathenCyclist,1
TheGoalOfGoldFish,HeathenCyclist,3
SharksCantSwim,allmywisdomtoothout,1
allmywisdomtoothout,SharksCantSwim,1
Heater79,HeathenCyclist,2
element21,HeathenCyclist,1
BobThingamy,HeathenCyclist,1
AlbionLoveDen,HeathenCyclist,1
HeathenCyclist,BobThingamy,1
HeathenCyclist,Heater79,1
HeathenCyclist,natostrike,1
hansl0l,HeathenCyclist,1
atregent,element21,1
willhughes,Heater79,1
sammytrailor,HeathenCyclist,1
mootreal,HeathenCyclist,2
elhindenburg,element21,1
Joelsomethingorother,TheGoalOfGoldFish,1
6576125,HeathenCyclist,1
Lueron_,mootreal,1
PhilosophicalPenguin,HeathenCyclist,2
HeathenCyclist,willhughes,1
HeathenCyclist,sammytrailor,1
HeathenCyclist,PhilosophicalPenguin,2
HeathenCyclist,mootreal,1
candydaze,HeathenCyclist,1
TheGoalOfGoldFish,Joelsomethingorother,1
thisphantomfortress,HeathenCyclist,1
muzzman32,PhilosophicalPenguin,1
sirmuffinman,PhilosophicalPenguin,1
niksko,HeathenCyclist,1
aleks93,HeathenCyclist,1
col381,HeathenCyclist,1
Quarterwit_85,thingamabobby,1
Quarterwit_85,CaptainBeeFart,1
thingamabobby,Quarterwit_85,1
Treebs,saycheeseanddie,1
mocha13,saycheeseanddie,1
willhughes,saycheeseanddie,1
Astro_naut,Treebs,1
jamandmarmalade,willhughes,1
saycheeseanddie,Treebs,1
saycheeseanddie,mocha13,1
willhughes,jamandmarmalade,1
saycheeseanddie,jamandmarmalade,1
cameronm,saycheeseanddie,2
CandyDish,saycheeseanddie,2
fortalyst,saycheeseanddie,1
jamesargh,olivaw_02,2
CandyButler,saycheeseanddie,1
CandyButler,CandyDish,2
tjsr,saycheeseanddie,1
tjsr,Treebs,1
tjsr,willhughes,1
CandyDish,CandyButler,1
tinybabycat,CandyButler,3
olivaw_02,jamesargh,1
CandyButler,tinybabycat,2
CandyDish,tinybabycat,1
tinybabycat,CandyDish,1
fortalyst,MOTTYC,2
saycheeseanddie,fortalyst,1
saycheeseanddie,cameronm,2
saycheeseanddie,CandyDish,2
DenouncetheClock,tinybabycat,1
CandyDish,DenouncetheClock,1
talman_au,saycheeseanddie,1
genwhy,HeathenCyclist,1
mocha13,CandyDish,1
shizzelez,saycheeseanddie,1
g3cko09,MOTTYC,1
toholio,saycheeseanddie,1
saycheeseanddie,toholio,1
spuddz,MOTTYC,2
MOTTYC,spuddz,1
MOTTYC,fortalyst,1
null_pointer,saycheeseanddie,1
CGWLP,Methuen,1
energy4anarchy,Methuen,1
Methuen,CGWLP,1
Methuen,energy4anarchy,1
Acranist1,Methuen,1
Methuen,Acranist1,1
forthemaddie,Methuen,1
turkeyspit,forthemaddie,1
forthemaddie,turkeyspit,1
celerym,turkeyspit,1
zero7k,Methuen,1
Greedeater,Methuen,1
Heathenforhire,forthemaddie,1
InactiveUser,CGWLP,1
Spyders_web,energy4anarchy,1
megablast,forthemaddie,1
stivo,Methuen,1
MrAdamXD,Methuen,1
lixm,zero7k,1
Exiatron,rote_it,1
warded01,rote_it,1
mindsnare,energy4anarchy,3
energy4anarchy,mindsnare,3
chanwa,rote_it,1
WogButter,rote_it,1
jampola,rote_it,1
Rellapardy,rote_it,1
ditch_101,rote_it,1
Spyders_web,rote_it,1
ltmon,rote_it,1
American83,lixm,1
mac-cheese,chanwa,1
chanwa,mac-cheese,1
joeldixon66,rote_it,1
sanag,rote_it,1
rote_it,sanag,1
awellam,Methuen,1
rote_it,ltmon,1
rote_it,Spyders_web,1
rote_it,Rellapardy,1
rote_it,jampola,1
rote_it,warded01,1
schnitzi,rote_it,1
Sparkleworks,rote_it,1
Tonkie,mac-cheese,1
CARROT_WARRIOR,rote_it,1
natostrike,Plonqor,1
tglo,Plonqor,1
olibird,Plonqor,1
The_Devils_Avocad0,olibird,1
VegemiteLover,Plonqor,1
adamraco,Plonqor,1
orismology,olibird,1
Supersnazz,Plonqor,1
joonix,olibird,1
PsychoSemantics,Plonqor,1
nodice182,Plonqor,1
btxtsf,Plonqor,1
PrimaxAUS,Plonqor,1
Bort74,olibird,1
RipperRita,Plonqor,3
StupidSam,Plonqor,1
botiasb,RipperRita,1
RipperRita,botiasb,1
rjchau,Plonqor,1
WTF-BOOM,PsychoSemantics,1
PsychoSemantics,WTF-BOOM,1
alphabeat,Bort74,1
alphabeat,tglo,1
alphabeat,WTF-BOOM,1
WTF-BOOM,alphabeat,1
celerym,PsychoSemantics,1
irish_chippy,Plonqor,1
Bremic,RipperRita,1
RipperRita,Bremic,1
OboesBleat,olibird,1
hilatai,Chickybaby126,1
Gullyhunter,Chickybaby126,1
rauland,Chickybaby126,1
Fartingloudly,Chickybaby126,1
-N7-,hilatai,1
ratrl3,Chickybaby126,1
drunkill,Chickybaby126,1
magnetik79,rauland,1
Gullyhunter,drunkill,1
ruinawish,Fartingloudly,1
Supersnazz,Chickybaby126,1
OboesBleat,Supersnazz,1
wet_nurse_pete,Chickybaby126,1
Ores,rauland,1
chaotic2050,Ores,1
ign1fy,Gullyhunter,1
WhosYourWormGuy,drunkill,1
will_do,Ores,1
Gullyhunter,ign1fy,1
Fartingloudly,ruinawish,1
alphgeek,ign1fy,1
Quarterwit_85,RipperRita,1
Adon1kam,Supersnazz,1
AussieTerry,OboesBleat,1
tiredgrad,will_do,1
Apostropherad,Chickybaby126,1
toholio,drunkill,1
Isaycuntalot2,Apostropherad,1
RipperRita,Chickybaby126,1
continental-drift,Chickybaby126,1
virusporn,Supersnazz,1
Migwelion,Chickybaby126,1
alphabeat,Gullyhunter,1
bradbull,Chickybaby126,1
onwheels,stryka00,1
mikkeii,bradbull,1
bradbull,mikkeii,1
jackwithaj,Chickybaby126,1
5444,Ores,1
Ores,5444,1
Alect0,Chickybaby126,1
Lukerules,toholio,1
toholio,Lukerules,1
dippet,Ores,1
The9thInvisibleNinja,Supersnazz,1
Jawdan,will_do,1
maximuspwr,Chickybaby126,1
TheSciences,Chickybaby126,1
stfm,argh1989,1
MechanicalStig,stfm,1
theshaqattack,Chickybaby126,1
iamstephano,Chickybaby126,1
The_Lebanese_Blonde,Apostropherad,1
The_Lebanese_Blonde,Isaycuntalot2,1
HugoWeaver,Chickybaby126,1
conrad15,stfm,1
Jawdan,conrad15,1
loklanc,swampstomper,1
LemonCandyPants,Chickybaby126,1
Akira675,dkbuzy,1
shurligneur,onwheels,2
onwheels,shurligneur,1
analjunkie,PotatoLuv,1
IowaContact,HugoWeaver,1
sebmck,Chickybaby126,1
10122012,Rhenasium,1
Rhenasium,10122012,1
Em1skies,thedoc_aware,1
onwheels,bradbull,1
btron1,Chickybaby126,1
tranmyvan,Rhenasium,1
Rhenasium,tranmyvan,1
Dorsal_Fin,Bettycakes,1
ratrl3,Bettycakes,1
doctor_seuss,Bettycakes,1
Pancakepringle,Bettycakes,1
dylanarr,Bettycakes,1
ratrl3,dylanarr,1
megablast,LeftAndCorrect,1
Bettycakes,ratrl3,1
Bettycakes,doctor_seuss,1
Bettycakes,Pancakepringle,1
Huslor,KekiSAMA,1
isdnpro,KekiSAMA,1
American83,KekiSAMA,1
Frisky2Times,Bettycakes,1
dunkerton,logipond,1
gnoodl,Suite_up,1
VegemiteLover,Suite_up,1
NewAgePhantom,VegemiteLover,1
SharksCantSwim,Suite_up,1
SharksCantSwim,NewAgePhantom,1
alphabeat,SharksCantSwim,2
SharksCantSwim,alphabeat,1
hoffandapoff,Suite_up,1
Tangence,lxyingli,1
Miss-Omnibus,lxyingli,1
WogButter,lxyingli,1
VegemiteLover,lxyingli,1
wassailant,VegemiteLover,2
VegemiteLover,wassailant,1
xaphody,lxyingli,1
baconsplash,VegemiteLover,1
fortalyst,Miss-Omnibus,1
Miss-Omnibus,fortalyst,1
bushtoucher,benelong,1
benelong,bushtoucher,1
Migwelion,benelong,1
e-jammer,Tangence,1
tinybabycat,bushtoucher,1
tucta,benelong,1
Sespol,benelong,1
CandyButler,benelong,1
katatoniq,benelong,1
Eldstrom,lxyingli,1
rdmarshman,NeedingSleep,2
Scheduler,NeedingSleep,1
NeedingSleep,rdmarshman,1
NeedingSleep,Scheduler,1
AlbionLoveDen,NeedingSleep,1
SARsquatch,katatoniq,1
rdmarshman,thefilm,1
vaderlvr,RipperRita,1
muzzman32,RipperRita,1
fuzzbazz,RipperRita,1
cdelia11,RipperRita,1
wallyupdabungenstein,vaderlvr,1
OIP,wallyupdabungenstein,1
RipperRita,wallyupdabungenstein,1
tobtoh,muzzman32,1
ratrl3,tobtoh,1
connery_007,cdelia11,1
muzzman32,tobtoh,1
puppyfightclub,muzzman32,1
tinybabycat,RipperRita,1
Not_Stupid,puppyfightclub,1
myprivatehorror,connery_007,1
dickfacerax,myprivatehorror,1
CaptainBeeFart,puppyfightclub,1
WTF-BOOM,RipperRita,1
tinybabycat,WTF-BOOM,1
DavidMelbourne,RipperRita,1
melbournator,OIP,1
hedaik1,muzzman32,1
megablast,muzzman32,1
WogButter,CBD_Ray,1
Sparkleworks,WogButter,1
2cents-HERESMINE,WogButter,1
WogButter,2cents-HERESMINE,1
dilbot2,Hazz92,1
Hazz92,dilbot2,1
a_minor_sharp,hedaik1,1
bushwalkingblog,benelong,1
elizadolots,WogButter,1
amysoyka,CBD_Ray,1
alwaysblamethedog,Weeeens,1
shauniedotcom,Weeeens,1
littleredsubmarine,Swingingbells,1
whitecliffsofdover,FPArceus,1
Suite_up,FPArceus,1
angg56,Swingingbells,1
azirale,FPArceus,1
CommanderSamuelVimes,FPArceus,1
soundboy5010,FPArceus,1
SARsquatch,soundboy5010,1
DonMare,Suite_up,1
Suite_up,DonMare,1
ihateeveryoneonthisp,FPArceus,1
itisknown__,GodisaLad,1
Themirkat,GodisaLad,1
Bluelabel,GodisaLad,1
VegemiteLover,GodisaLad,1
Pierce325,GodisaLad,1
Phallic,Pierce325,1
high-up-in-the-trees,Pierce325,2
high-up-in-the-trees,GodisaLad,2
Charlie-Green-Rug,GodisaLad,1
itisknown__,high-up-in-the-trees,1
pskipw,Charlie-Green-Rug,1
Spacesider,itisknown__,1
high-up-in-the-trees,itisknown__,2
tepas,Spacesider,1
mikau,GodisaLad,1
-N7-,pskipw,1
-N7-,Pierce325,1
SplashBandicoot,tepas,1
EndlessNights,high-up-in-the-trees,2
fubsalot,itisknown__,1
PencilSk1rt,GodisaLad,1
dickfacerax,itisknown__,1
Jabber_wocky,GodisaLad,1
high-up-in-the-trees,EndlessNights,2
QueSupresa,mikau,1
satinchic,Pierce325,1
famousninja,GodisaLad,1
sortius,drive27,1
Spacesider,SplashBandicoot,1
dilbot2,drive27,1
NoodleBox,drive27,1
doctor_jew,itisknown__,1
high-up-in-the-trees,doctor_jew,1
itisknown__,dickfacerax,1
AussieStig,PencilSk1rt,1
PencilSk1rt,AussieStig,1
wantingthatshiva,drive27,2
Bulkyone,drive27,1
refie,drive27,1
SheepShaggerNZ,A119,1
Acranist1,A119,1
blahblahbush,A119,1
kinga1,A119,1
dickfacerax,blahblahbush,1
mystic_duck,A119,1
sixpacked,mystic_duck,1
megablast,A119,1
ClawZ90,A119,1
ClawZ90,megablast,1
megablast,ClawZ90,1
calluum,A119,1
IAmAJoiner,megablast,1
Full-Time-Bum,Methuen,1
sparkles0589,Sparkleworks,1
dilbot2,Sparkleworks,1
Sparkleworks,dilbot2,1
Sparkleworks,sparkles0589,1
Bobbie-dazzler,whitecliffsofdover,1
Astro_naut,Sparkleworks,1
Sparkleworks,Astro_naut,1
970souk,BossOctopus,1
ValleySherpa,BossOctopus,1
SharksCantSwim,BossOctopus,1
BossOctopus,ValleySherpa,1
BossOctopus,970souk,1
high-up-in-the-trees,BossOctopus,1
megablast,BossOctopus,1
Quarterwit_85,BossOctopus,1
lenjet,abearwithabowtie,4
kerrypacker,rillrillrill,1
Spazit,rillrillrill,1
SupplanterAU,rillrillrill,1
abearwithabowtie,lenjet,3
dumblederp,rillrillrill,1
missmel06,rillrillrill,1
bheaans,rillrillrill,1
tatty000,rillrillrill,1
Melburnian,rillrillrill,1
tinybabycat,rillrillrill,2
rillrillrill,Spazit,1
rillrillrill,tinybabycat,2
teeo,rillrillrill,1
mac-cheese,missmel06,1
lenjet,Thank_Dog,1
NoodleBox,Thank_Dog,1
dracaris,Thank_Dog,1
Yes_No_Yes_No_Nope,Thank_Dog,1
jourdan442,dracaris,1
RetroHolo,Thank_Dog,1
high-up-in-the-trees,Thank_Dog,1
Pierce325,Thank_Dog,1
dickfacerax,Yes_No_Yes_No_Nope,1
Thank_Dog,dickfacerax,1
dickfacerax,Thank_Dog,1
Nervacore,high-up-in-the-trees,1
Nervacore,Thank_Dog,1
ErgonomicDouchebag,Thank_Dog,1
alphabeat,Thank_Dog,1
RipperRita,Thank_Dog,1
PlutoniumSmile,Thank_Dog,1
fungalduck,high-up-in-the-trees,1
njmh,Thank_Dog,1
natostrike,jourdan442,1
natostrike,Thank_Dog,1
high-up-in-the-trees,fungalduck,1
lowrider88,dickfacerax,1
clusterfuckoflove,Thank_Dog,1
Thank_Dog,Pierce325,1
Thank_Dog,alphabeat,1
crikeyguvna,high-up-in-the-trees,1
sunshine_chauhan,crikeyguvna,1
cavedro,Thank_Dog,1
arcon22,Thank_Dog,1
stfm,Thank_Dog,2
high-up-in-the-trees,crikeyguvna,1
stfm,high-up-in-the-trees,1
high-up-in-the-trees,stfm,1
Spyders_web,Pierce325,1
steak_n_eggs,high-up-in-the-trees,2
steak_n_eggs,Thank_Dog,1
mtfreestyler,Thank_Dog,1
high-up-in-the-trees,steak_n_eggs,2
mtfreestyler,lenjet,1
CaptainWigwam,high-up-in-the-trees,2
stowy,Thank_Dog,1
high-up-in-the-trees,CaptainWigwam,1
parawolf,stowy,2
stowy,parawolf,2
cromulento,Pierce325,1
casualsocks,crayonzebra,2
crayonzebra,casualsocks,2
Akira675,crayonzebra,1
Pierce325,cromulento,1
Bungledust,crayonzebra,1
NoodleBox,crayonzebra,1
FirstTimePlayer,Bungledust,1
Yes_No_Yes_No_Nope,Akira675,1
TheCheesecake,crayonzebra,1
megablast,casualsocks,1
Tothebillyoh,emja,1
killz111,emja,1
Khalexus,postingstuff,1
WogButter,killz111,1
greasypeace,jessajuhanabi,1
boredidiot,jessajuhanabi,1
jessajuhanabi,boredidiot,1
MOTTYC,jessajuhanabi,1
jessajuhanabi,greasypeace,1
jessajuhanabi,MOTTYC,1
Gogomushroom,jessajuhanabi,1
jessajuhanabi,Gogomushroom,1
toholio,emja,1
toholio,CaptainTelos,1
VegemiteLover,CaptainTelos,1
mazatta,CaptainTelos,1
dancingpandapants,CaptainTelos,1
RetroTheft,CaptainTelos,1
dilbot2,CaptainTelos,1
Khalexus,toholio,2
toholio,Khalexus,1
toholio,mazatta,1
Akira675,watsakerring,2
watsakerring,Akira675,1
momuntei,CaptainTelos,1
SharksCantSwim,btron1,1
fantasticsid,btron1,1
Lamont-Cranston,btron1,1
potted,fantasticsid,1
LapsangSS,btron1,1
lotus-codex,btron1,1
oztish,btron1,1
Swingingbells,CaptainTelos,1
testbug0,oztish,1
dontarguewithme,randomthreddish,1
Khalexus,randomthreddish,1
coburger,randomthreddish,2
grahampaige,randomthreddish,4
a_stray_bullet,randomthreddish,1
the_avocado_man,randomthreddish,1
gFORCE28,randomthreddish,1
Steve00,grahampaige,6
Steve00,Khalexus,3
Lemmy7003,the_avocado_man,1
Vzzzbx,randomthreddish,1
the_avocado_man,Lemmy7003,1
Magzter,randomthreddish,1
Khalexus,Steve00,2
col381,Magzter,1
grant1wish,randomthreddish,1
analjunkie,grahampaige,1
continental-drift,randomthreddish,2
cynical_scotsman,continental-drift,2
continental-drift,cynical_scotsman,2
WarTapir,randomthreddish,2
25thskye,gFORCE28,1
vaderlvr,randomthreddish,3
alphabeat,Vzzzbx,1
alphabeat,grant1wish,1
alphabeat,the_avocado_man,1
allmywisdomtoothout,vaderlvr,2
vaderlvr,allmywisdomtoothout,1
NoodleBox,randomthreddish,3
an_ill_mallard,randomthreddish,1
i-superhero,randomthreddish,1
blaise21,randomthreddish,1
lotus-codex,gFORCE28,1
jamurp,Khalexus,1
grahampaige,alphabeat,1
continental-drift,a_stray_bullet,1
WarTapir,grant1wish,1
grahampaige,the_avocado_man,1
high-up-in-the-trees,randomthreddish,3
Khalexus,jamurp,1
a_stray_bullet,continental-drift,1
Caboose-1,Magzter,1
gutless-wonder,alphabeat,1
gutless-wonder,25thskye,1
alltimeisrelative,Magzter,1
Magzter,alltimeisrelative,1
GreyEarth,watsakerring,1
funtagkilio,randomthreddish,1
IowaContact,randomthreddish,1
taniastar,a_stray_bullet,1
greenpies10,randomthreddish,2
Tillysnow1,grahampaige,1
Tillysnow1,randomthreddish,1
grahampaige,Tillysnow1,1
_Future,DavidMelbourne,1
KookyKath,Astro_naut,2
straya_kunt,forthemaddie,1
Astro_naut,KookyKath,2
a_minor_sharp,coolridgewater,1
testbug0,forthemaddie,1
BLOOOR,forthemaddie,1
Njkpot,ApatheticElephant,1
flukus,Thank_Dog,1
MishandledException,puppyfightclub,2
puppyfightclub,MishandledException,1
MishandledException,forthemaddie,1
TimMcMahon,MishandledException,1
MishandledException,seraph321,1
MishandledException,whatchyagonnado,1
Ores,iNemewiccan,1
puppyfightclub,Ores,2
Ores,puppyfightclub,1
CaptainTelos,finewinereview,1
finewinereview,CaptainTelos,1
megablast,finewinereview,1
TheMeadow,m84m,1
hedaik1,olibird,1
CabooseMJ8537048,m84m,1
isaidc,m84m,1
megablast,olibird,4
PRESS_PLAY_ON_TAPE,ValleySherpa,1
finewinereview,ValleySherpa,1
petezahut88,PRESS_PLAY_ON_TAPE,1
ValleySherpa,PRESS_PLAY_ON_TAPE,1
TheEvilPenguin,ValleySherpa,1
isdnpro,TfYoung,1
LineNoise,isdnpro,1
Kozij,hoffandapoff,1
monkeydrunker,ValleySherpa,1
monkeydrunker,Flight747,1
Yes_No_Yes_No_Nope,hoffandapoff,1
kiwichris1709,hoffandapoff,1
CaptainBeeFart,ValleySherpa,1
WogButter,Lamont-Cranston,2
grahampaige,TfYoung,1
hoffandapoff,Kozij,1
Lamont-Cranston,WogButter,1
vnslo,Kozij,1
Nogbadd,RipperRita,1
JoeMonco,question3,1
puppyfightclub,question3,1
dandysan,question3,1
gutless-wonder,question3,1
question3,puppyfightclub,1
Possomlips,JoeMonco,1
big_mac_heart_attack,alpha2600,1
alpha2600,big_mac_heart_attack,1
megablast,alpha2600,1
VegemiteLover,alpha2600,1
pixelwhip,alpha2600,1
Skeeball_Fanatic,pixelwhip,1
raybal5,GGtesla,2
raybal5,ApatheticElephant,1
Skeeball_Fanatic,potplanty,1
dippet,potplanty,1
GGtesla,raybal5,2
mistoqq,potplanty,1
greensuite,potplanty,1
potplanty,greensuite,1
torakwho,potplanty,1
Aardquark,potplanty,1
ApatheticElephant,twice-nightly,1
blahblahbush,twice-nightly,1
mootreal,twice-nightly,1
cataraqui,twice-nightly,1
fkterzaghi,mootreal,1
mootreal,fkterzaghi,1
Doreamus,twice-nightly,1
Raptop,twice-nightly,1
mykelbal,randomthreddish,1
alphabeat,mykelbal,1
mocha13,alphabeat,1
WickershamBrother,randomthreddish,1
MrOrdinary,twice-nightly,1
OboesBleat,randomthreddish,2
CentreForAnts,grahampaige,2
Funkyalien,mocha13,1
Apollo86,OboesBleat,1
phcyso,Raptop,2
Raptop,phcyso,1
timmmmb,randomthreddish,1
col381,randomthreddish,1
ruinawish,OboesBleat,1
Em1skies,timmmmb,1
stinx2001,randomthreddish,2
Ruskarr,randomthreddish,1
Akira675,timmmmb,2
timmmmb,Akira675,1
gutless-wonder,randomthreddish,1
vaderlvr,gutless-wonder,1
vaderlvr,Ruskarr,1
vaderlvr,col381,1
mootreal,randomthreddish,1
high-up-in-the-trees,mootreal,1
high-up-in-the-trees,col381,1
Turkboy69,Ruskarr,1
melihs11,randomthreddish,1
melihs11,gutless-wonder,1
dracaris,alphabeat,1
mootreal,high-up-in-the-trees,1
WogButter,high-up-in-the-trees,2
WogButter,melihs11,1
NefariousSpider,randomthreddish,1
WarTapir,OboesBleat,2
Tonkie,stinx2001,2
jafflemonkey,randomthreddish,1
bowelhaus,randomthreddish,1
mocha13,jafflemonkey,1
Funkyalien,bowelhaus,1
soulsincages,potplanty,1
ValleySherpa,vaderlvr,2
vaderlvr,ValleySherpa,1
20feet,jessicafeltcherscat,1
jessicafeltcherscat,20feet,1
potplanty,soulsincages,1
high-up-in-the-trees,WogButter,1
sortius,al_prazolam,1
finewinereview,al_prazolam,1
SheepShaggerNZ,al_prazolam,1
Thank_Dog,al_prazolam,1
al_prazolam,finewinereview,1
gorgeous-george,al_prazolam,1
myne,al_prazolam,1
orcasha,al_prazolam,1
al_prazolam,orcasha,1
al_prazolam,myne,1
NeilDeSnowden,myne,1
NeilDeSnowden,sortius,1
myne,NeilDeSnowden,1
amysoyka,al_prazolam,1
AlanaK168,NeilDeSnowden,1
spacelama,al_prazolam,1
etherspin,myne,1
Khalexus,myne,1
eskimo_dave,AlanaK168,1
rdmarshman,DarkSonRises,1
NeilDeSnowden,AlanaK168,1
cradossk,NeilDeSnowden,1
The_Fiddler1979,DarkSonRises,1
barneyman,al_prazolam,1
Ma_Ho,The_Fiddler1979,1
safffy,myne,1
emilyrose93,DarkSonRises,1
rasqash,NeilDeSnowden,1
fortalyst,al_prazolam,1
NeilDeSnowden,cradossk,1
AlanaK168,cradossk,1
CurlyRedditor,melbstreetartist,1
ooo_shiny,melbstreetartist,1
WogButter,Doss1,1
locstar3,Doss1,1
tinybabycat,Doss1,1
Prox,Doss1,1
c0mz,Doss1,1
webarama,Tw1sty,1
wisie,Tw1sty,1
Mershian,Tw1sty,1
ozmooseis,MikeArrow,1
Mershian,ozmooseis,1
HalpTheFan,MikeArrow,2
MikeArrow,HalpTheFan,1
mykelbal,MikeArrow,1
MikeArrow,mykelbal,1
mykelbal,Somobro,1
dfbowen,Somobro,1
mad66,Tw1sty,1
Duckage89,verytroo,1
tuneomatic2000,verytroo,2
Fr33d0mF1ght3r,verytroo,1
argh1989,verytroo,1
jamandmarmalade,verytroo,1
20feet,verytroo,1
Steve00,tuneomatic2000,1
0127,verytroo,1
cantfeelmylegs,Duckage89,1
TheSciences,jamandmarmalade,1
TheSciences,Steve00,1
grahampaige,verytroo,1
verytroo,TheSciences,1
Kid_Kaka,verytroo,1
spoco2,verytroo,1
IowaContact,grahampaige,1
grahampaige,IowaContact,2
Ores,Duckage89,1
testbug0,spoco2,1
alltimeisrelative,verytroo,1
muzzman32,verytroo,1
schadenfreudeforeats,verytroo,1
Ores,tuneomatic2000,1
elasticdumpling,verytroo,1
suanny,schadenfreudeforeats,1
verytroo,schadenfreudeforeats,1
DONMEGAAA,TheSciences,1
mykelbal,Jws2391,1
postcardviews,johnsback,1
Flight747,johnsback,1
0127,Jws2391,1
Migwelion,9Tskid,1
2cents-HERESMINE,am_at_work_right_now,1
Kezzatehfezza,am_at_work_right_now,1
toholio,Kezzatehfezza,1
innocuous_username,Kezzatehfezza,1
notsquirrelcheeks,Kezzatehfezza,1
AlanaK168,notsquirrelcheeks,1
CaptainBeeFart,toholio,1
CaptainBeeFart,notsquirrelcheeks,1
notsquirrelcheeks,CaptainBeeFart,1
jessicafeltcherscat,pixelwhip,1
HidingOverHere,anothermartini,1
HidingOverHere,squonge,1
JackyTArtist,HidingOverHere,1
halfpastlate,yacob_uk,1
yacob_uk,halfpastlate,1
genwhy,johnsback,1
emilyrose93,yacob_uk,1
CandyDish,afrotoast,1
thwt,afrotoast,1
melburnianpie,afrotoast,1
MrsF82,potentialwinner,1
m0pman,potentialwinner,1
kittykittyblahblah,potentialwinner,1
robinpescador,potentialwinner,1
doubty,potentialwinner,1
deimosthenes,doubty,1
Astro_naut,m0pman,2
m0pman,Astro_naut,1
ApatheticElephant,kittykittyblahblah,1
0127,Astro_naut,1
The_Lebanese_Blonde,stalkB,1
Astro_naut,0127,1
ruinawish,potentialwinner,2
mattsname,stalkB,2
potentialwinner,ruinawish,1
potentialwinner,deimosthenes,1
potentialwinner,ApatheticElephant,1
potentialwinner,kittykittyblahblah,1
potentialwinner,robinpescador,1
potentialwinner,MrsF82,1
stalkB,mattsname,1
inedibleshoe,potentialwinner,1
mahler004,potentialwinner,1
kittykittyblahblah,ApatheticElephant,2
Veritaserum06,potentialwinner,1
angstamongthepigeons,potentialwinner,1
EdgeOfDistraction,afrotoast,1
hell_crawler,inedibleshoe,1
zfa,stalkB,1
potentialwinner,hell_crawler,1
JopHabLuk,mahler004,1
johnsback,0127,1
tigerlivie,potentialwinner,1
0127,potentialwinner,1
kovahdiin,mahler004,2
mahler004,kovahdiin,1
crabfartbubbles,stalkB,1
spiderbea,potentialwinner,1
Miles_Prowler,mahler004,2
Miles_Prowler,ruinawish,1
Dekkaz,Torb3n,1
jujuM,potentialwinner,1
inedibleshoe,hell_crawler,1
GRXVES,potentialwinner,1
Thisisnotliz,Veritaserum06,2
potentialwinner,GRXVES,1
Veritaserum06,Thisisnotliz,1
stfm,potentialwinner,1
OboesBleat,hell_crawler,2
OboesBleat,tigerlivie,1
is16,potentialwinner,1
hell_crawler,OboesBleat,1
akoya17,afrotoast,1
raybal5,afrotoast,1
tigerlivie,OboesBleat,1
potentialwinner,JopHabLuk,1
afrotoast,akoya17,1
Gumblegumble,afrotoast,1
afrotoast,Gumblegumble,1
Taijoker,potentialwinner,1
DavidMelbourne,Delaser,1
Delaser,DavidMelbourne,1
megablast,Delaser,1
excessiongirl,Delaser,1
Astro_naut,Delaser,1
Apokalypes,Delaser,1
Jonne,Delaser,1
Magdalena616,Jonne,1
puffintreesforhours,Delaser,1
umadbrahhhhh,megablast,1
post_rock0,Delaser,1
Bjwebb1991,DavidMelbourne,1
aigates,Bjwebb1991,1
Bjwebb1991,aigates,1
canyouhearme,Delaser,1
Tonkie,tinka2234,1
green_lightning,Delaser,1
bacon_anytime,tinka2234,1
emilyrose93,tinka2234,1
hugies,Bjwebb1991,1
VegemiteLover,Delaser,1
Bjwebb1991,hugies,1
TheGrandCoquin,Delaser,1
spidercat22,wastedholidays,1
BrodieRJ,wastedholidays,1
puppyfightclub,wastedholidays,1
wastedholidays,BrodieRJ,1
DavidMelbourne,wastedholidays,1
Aussiemoo,wastedholidays,1
Astro_naut,Emmaleep,2
Emmaleep,Astro_naut,1
tanoshiiki,wastedholidays,1
emilyrose93,Emmaleep,1
emilyrose93,wastedholidays,1
Funkyalien,Emmaleep,1
darsehole,emilyrose93,1
tatty000,Emmaleep,1
AnalogPenetration,Emmaleep,1
squonge,wastedholidays,1
Dmatteo,Emmaleep,1
isdnpro,emilyrose93,1
Rachydoodle,Emmaleep,1
chas39,Emmaleep,1
zfa,Magdalena616,1
akoya17,puppyfightclub,1
Crunchy__Noodles,Funkyalien,1
Funkyalien,Crunchy__Noodles,1
lambo100,wastedholidays,1
imminxie,spidercat22,1
horseluvvaslim,Emmaleep,3
kestra1,wastedholidays,1
ragesbastardson,wastedholidays,1
Emmaleep,AnalogPenetration,1
row-zee,Emmaleep,1
njmh,Emmaleep,1
Ragesome,Emmaleep,1
Brunswick3056,Emmaleep,1
pinatasenpai,Lerder,2
Lerder,pinatasenpai,1
Sydeh,Kimisannoying,1
LadyWonton,Lerder,1
Steve00,Kimisannoying,1
Kimisannoying,Steve00,1
Kimisannoying,Sydeh,1
cookingWithScience,Lerder,1
Nonchalant_Elephant,Lerder,1
Willardsi,9Tskid,1
ninjabk,9Tskid,1
safffy,9Tskid,3
tinybabycat,Lerder,2
9Tskid,safffy,3
MegaFonz,drunkill,1
tonguegrinder,9Tskid,1
DustinFletcher,Lerder,2
matt4711,drunkill,1
Daniel_96,matt4711,1
m1ssT,drunkill,1
onwheels,9Tskid,1
matt4711,Daniel_96,1
jamesargh,Lerder,1
Lerder,Nonchalant_Elephant,1
Lerder,tinybabycat,2
Lerder,DustinFletcher,1
Lerder,jamesargh,1
genwhy,ninjabk,1
thefilm,DeCoburgeois,2
DeCoburgeois,thefilm,2
Bjwebb1991,DeCoburgeois,1
DeCoburgeois,Bjwebb1991,1
mysafeworkaccount,DeCoburgeois,1
JKontheroad,DeCoburgeois,1
mazatta,Sydeh,1
VicMG,DeCoburgeois,1
THE_PUN_STOPS_HERE,DeCoburgeois,2
DeCoburgeois,THE_PUN_STOPS_HERE,1
alphabeat,THE_PUN_STOPS_HERE,1
ooo_shiny,DeCoburgeois,1
Acranist1,DeCoburgeois,1
DeCoburgeois,ooo_shiny,1
DeCoburgeois,Acranist1,1
Jeynoes,DukeofBrisbane,1
DukeofBrisbane,Jeynoes,1
DeCoburgeois,VicMG,1
The9thInvisibleNinja,dfbowen,1
anonymous_labrador,The9thInvisibleNinja,1
The9thInvisibleNinja,anonymous_labrador,1
dfbowen,anonymous_labrador,1
sprechensiedick,dfbowen,1
pixelwhip,DeCoburgeois,1
Dorsal_Fin,drive27,1
Astro_nauts_mum,drive27,1
lonely-little-eskimo,drive27,1
goindrains,starryem,1
kevinli__,starryem,1
whalebreath,starryem,1
alcaponesuite,starryem,1
ivosaurus,starryem,1
potatoeypotatoes,alcaponesuite,1
NoodleBox,OboesBleat,3
bongobill9821,goindrains,1
papa_georgio,ivosaurus,1
hwarang_,kevinli__,1
browsingfromwork,starryem,1
Endless_Candy,bongobill9821,1
matt88,starryem,1
CanadianBadass,potatoeypotatoes,1
donuts1,matt88,1
NowInOz,whalebreath,1
goindrains,Endless_Candy,1
anonsaurus,starryem,1
gaylordqueen69,starryem,1
wantingthatshiva,starryem,1
contangoo,starryem,1
starryem,wantingthatshiva,1
starryem,anonsaurus,1
Magdalena616,zfa,1
Rapidmaster-baiter,contangoo,1
amysoyka,starryem,1
mobile_link_fix_bot,amysoyka,1
autowikibot,amysoyka,1
angg56,starryem,1
Jack-in-Aus,starryem,1
mykelbal,walltowallbacon,1
Anthony_John_Abbott,walltowallbacon,1
megablast,walltowallbacon,1
magnetik79,megablast,1
megablast,magnetik79,1
Adzmodean,gvenez,1
megablast,gvenez,1
TimMcMahon,Anthony_John_Abbott,1
energy4anarchy,gvenez,1
blahblahbush,energy4anarchy,1
throwawaylawstudent2,blahblahbush,2
blahblahbush,throwawaylawstudent2,1
gnoodl,gvenez,1
TallTonyH,gvenez,1
mindsnare,Pancakedraw,1
DustinFletcher,jpdyno,1
mindsnare,jpdyno,2
jpdyno,mindsnare,1
hoffandapoff,jpdyno,1
alphabeat,Aqualupus,1
Spyders_web,lukeio,1
energy4anarchy,Spyders_web,1
energy4anarchy,dfbowen,2
dfbowen,energy4anarchy,1
Melburnian,energy4anarchy,1
energy4anarchy,Melburnian,1
ruinawish,energy4anarchy,1
truantxoxo,_silica_,1
Adzmodean,_silica_,2
crayonzebra,Adzmodean,1
pskipw,_silica_,1
housebrickstocking,crayonzebra,1
_silica_,Adzmodean,2
_silica_,pskipw,1
Nth-Degree,_silica_,1
_silica_,truantxoxo,1
genwhy,energy4anarchy,1
_silica_,Nth-Degree,1
virusporn,martyjb,1
dustint,virusporn,1
mattnham,martyjb,1
post_rock0,virusporn,1
seewhaticare,mattnham,1
Eternalism,martyjb,1
Kummerspeck24,seewhaticare,1
mattnham,seewhaticare,1
dilbot2,_silica_,1
imprsv,_silica_,1
CaptainBeeFart,_silica_,1
an_ill_mallard,post_rock0,2
post_rock0,an_ill_mallard,1
rdmarshman,an_ill_mallard,1
mindsnare,Yoshimitsnow,1
dilbot2,mindsnare,1
Steve00,Yoshimitsnow,1
Yoshimitsnow,Steve00,1
Reqel,dilbot2,1
Reqel,Yoshimitsnow,1
TimN90,Yoshimitsnow,1
mindsnare,TimN90,1
spaarrx,Yoshimitsnow,1
TimN90,Sparkleworks,1
Sparkleworks,TimN90,1
Quarterwit_85,kjmci,1
rohanzwalsh,TimN90,1
ninjabk,eekstreet,2
ClarityEye,eekstreet,1
alphabeat,ninjabk,10
dracaris,ninjabk,2
fatalexiii,arithons,1
suanny,ClarityEye,1
arithons,fatalexiii,1
Skangryph,arithons,1
-N7-,arithons,1
arithons,-N7-,1
arithons,Skangryph,1
3rd_in_line,dfbowen,1
420boner420,dfbowen,1
MC_riide,dfbowen,1
Pilk_,dfbowen,1
Pierce325,420boner420,1
spacelama,dfbowen,2
BLOOOR,420boner420,1
guidedlight,MC_riide,1
eekstreet,ninjabk,1
crimsonpalisade,dfbowen,1
canyouhearme,dfbowen,3
William_Shears,spacelama,1
waitwhodidwhat,spacelama,1
marvelouspond,dfbowen,2
mepat1111,dfbowen,1
Freddie_AppsHero,dfbowen,2
dfbowen,spacelama,3
shniken,Freddie_AppsHero,1
MC_riide,guidedlight,1
FeelTheEnemy,canyouhearme,1
OboesBleat,dfbowen,1
PinkyNoise,marvelouspond,1
danKunderscore,dfbowen,1
marvelouspond,OboesBleat,1
Azza_,PinkyNoise,1
DuBistKomisch,Freddie_AppsHero,1
squonge,spacelama,1
Moriarty71,Azza_,1
Jononz,waitwhodidwhat,1
MrEs,dfbowen,1
dslme,dfbowen,1
NotHereToBeNice,dfbowen,1
CaptnCrumble,dfbowen,2
dxinteractive,dfbowen,1
spacelama,waitwhodidwhat,1
spacelama,William_Shears,1
danKunderscore,420boner420,1
snac,dfbowen,1
Sam_Strong,rodchenko,1
Dmatteo,rodchenko,1
rodchenko,Sam_Strong,1
freeyr,rodchenko,1
Flabbagazta,rodchenko,1
oh_shit_pearly_white,rodchenko,1
rdmarshman,onwheels,1
chanwa,onwheels,1
Quarterwit_85,giantfarts,1
AliF1,Lamont-Cranston,1
AliF1,emilyrose93,1
AliF1,Hexiar,1
AliF1,archetypalone,1
rufflewassle,wastedholidays,1
wastedholidays,rufflewassle,1
Hexiar,AliF1,1
pongomostest,Ghost141,1
nooneeveragain,Ghost141,1
SumRandom,Ghost141,1
Ghost141,SumRandom,1
gaxx85,Ghost141,1
andrewinmelbourne,Ghost141,1
stinx2001,gaxx85,1
post_rock0,kitholz,1
post_rock0,Ghost141,1
Quarterwit_85,post_rock0,1
seewhaticare,Quarterwit_85,1
post_rock0,seewhaticare,1
Spe1gel,kitholz,1
kid_monkey,Spe1gel,1
kiwichris1709,kitholz,1
fungalduck,Spe1gel,1
OboesBleat,SumRandom,1
sausagesizzle,Quarterwit_85,1
What-is-my-username,kitholz,1
HBOXNW,kitholz,1
nahcoob,Quarterwit_85,1
Spe1gel,fungalduck,1
lotus-codex,What-is-my-username,1
SinisterPants,kitholz,1
Insaneous,What-is-my-username,1
SumRandom,OboesBleat,1
The_Progressive,Quarterwit_85,2
Ghost141,andrewinmelbourne,1
Quarterwit_85,The_Progressive,1
Quarterwit_85,sausagesizzle,1
darsehole,Spe1gel,1
DavidMelbourne,blacksunday,1
jpdyno,DavidMelbourne,1
blacksunday,jpdyno,1
seewhaticare,post_rock0,1
healspam,FlickyG,1
Whyareweshouting,healspam,1
hugies,FlickyG,1
Black_Element,healspam,1
mtmdog,FlickyG,1
MrFuckStick,healspam,1
_generica,FlickyG,1
myne,dfbowen,1
col381,dfbowen,1
Hantur,myne,1
doxxus,melbmusicman,1
vlad_the_exhaler,dfbowen,1
rdmarshman,melbmusicman,2
chubbydidge,ivegotpoopinmybutt,1
G-lain,dfbowen,1
megablast,dfbowen,1
InactiveUser,dfbowen,1
El_Suavador,ivegotpoopinmybutt,1
ninjabk,dfbowen,1
chook79,ivegotpoopinmybutt,1
dfbowen,megablast,2
emja,megablast,1
rauland,ivegotpoopinmybutt,1
zippy_long_stockings,megablast,1
wongm,dfbowen,1
themessyb,El_Suavador,1
crakening,zippy_long_stockings,1
olibird,dfbowen,1
dandysan,dfbowen,1
Siriacus,ivegotpoopinmybutt,1
Deceptichum,themessyb,1
InactiveUser,chubbydidge,1
themessyb,Deceptichum,1
dfbowen,dandysan,1
drunkill,ivegotpoopinmybutt,1
Supersnazz,zippy_long_stockings,1
zippy_long_stockings,Supersnazz,1
Dvorak5,melbmusicman,1
raybal5,ivegotpoopinmybutt,1
raybal5,rauland,1
healspam,WarTapir,1
healspam,randomthreddish,1
Astro_naut,randomthreddish,1
Chairsniffa,WarTapir,3
Chairsniffa,Astro_naut,1
Astro_naut,Chairsniffa,1
crikeyguvna,randomthreddish,1
stabbie_mcgee,crikeyguvna,1
NoodleBox,grahampaige,11
grahampaige,NoodleBox,10
Steve00,randomthreddish,2
grahampaige,Steve00,10
ifiwereaspoon,Chairsniffa,1
ifiwereaspoon,wpgra1,1
ruinawish,randomthreddish,2
akcrew,randomthreddish,1
wpgra1,ifiwereaspoon,1
Themirkat,grahampaige,1
Tonkie,randomthreddish,1
healspam,grahampaige,2
kittykittyblahblah,akcrew,1
WarTapir,Chairsniffa,2
WarTapir,healspam,1
The_Lebanese_Blonde,grahampaige,2
grahampaige,The_Lebanese_Blonde,1
akcrew,kittykittyblahblah,1
thatnellykid,layzor,1
Lukerules,layzor,1
Terminian,layzor,1
atregent,layzor,1
Khalexus,Hinxsey,1
emilyrose93,Hinxsey,1
megablast,Hinxsey,1
no_more_space,layzor,1
CannonBallGuy,Hinxsey,1
Blackrose_,Hinxsey,1
sirmuffinman,Hinxsey,1
magnetik79,Hinxsey,1
tokyobandit,Hinxsey,1
ifiwereaspoon,Hinxsey,1
ifiwereaspoon,layzor,1
spacelama,Blackrose_,1
Thebandroid,layzor,1
JoeMonco,Hinxsey,1
mckeevus,Hinxsey,1
Blackrose_,spacelama,1
DustinFletcher,emilyrose93,1
hermolt,megablast,1
glennv17,DustinFletcher,1
Daniel15,CannonBallGuy,1
NefariousSpider,Hinxsey,1
circling-the-drain,Blackrose_,1
Blackrose_,circling-the-drain,1
atregent,spacelama,1
bolts1,Hinxsey,1
ethereal_cereal,Hinxsey,1
MC_riide,Hinxsey,1
Phallic,Hinxsey,1
crakening,Hinxsey,1
branded,Hinxsey,2
Quarterwit_85,megablast,1
bacon_anytime,Hinxsey,1
felixsapiens,Hinxsey,1
CannonBallGuy,Daniel15,1
SONNY_on_old,layzor,1
xp3ll3d,Hinxsey,1
Fantasticfatcat,Hinxsey,2
Lukerules,bolts1,1
Deceptichum,felixsapiens,1
Deceptichum,CannonBallGuy,1
Hinxsey,crakening,1
Hinxsey,Fantasticfatcat,1
BeforeTheAfternoon,Thebandroid,1
zippy_long_stockings,dfbowen,1
bsf91,Blackrose_,1
bsf91,Hinxsey,1
Spacesider,bolts1,1
Azza_,Hinxsey,2
felixsapiens,Deceptichum,1
coljac2,bolts1,1
Blackrose_,bsf91,1
SamsungK,BeforeTheAfternoon,1
martylock,Hinxsey,1
branded,felixsapiens,1
bolts1,Lukerules,1
scalesthefish,Hinxsey,1
onemoreclick,Hinxsey,1
blacksmithwolf,xp3ll3d,1
oakattack,NefariousSpider,1
blacksmithwolf,Hinxsey,1
emilyrose93,SamsungK,1
emilyrose93,layzor,1
Adon1kam,Hinxsey,1
isdnpro,Jawzper,1
kitholz,Hinxsey,1
post_rock0,CannonBallGuy,1
Hinxsey,onemoreclick,1
Hinxsey,blacksmithwolf,2
alphabeat,cudddleuptome,1
polygon_sex,branded,1
cammo78,bsf91,1
-N7-,Hinxsey,1
sirmuffinman,circling-the-drain,1
mindsnare,emilyrose93,1
mindsnare,Blackrose_,2
bsf91,cammo78,1
ratrl3,Hinxsey,1
TheSciences,branded,1
fucking_wanker,atregent,1
emilyrose93,ifiwereaspoon,2
Kozij,Hinxsey,1
shniken,Phallic,1
Phallic,shniken,1
Tonkie,blacksmithwolf,1
ifiwereaspoon,emilyrose93,2
Fozzaroo,spacelama,1
Evernoob,Hinxsey,1
nguyen_,Taijoker,1
orlinthir,nguyen_,1
jpdyno,Taijoker,1
tintub,Taijoker,1
pygmy,Taijoker,1
Taijoker,rdmarshman,1
Taijoker,jpdyno,1
Taijoker,tintub,1
rdmarshman,Taijoker,1
grahampaige,Taijoker,1
frggr,Taijoker,1
ninjabk,randomthreddish,1
Thisisnotliz,randomthreddish,1
bacon_anytime,ninjabk,1
ninjabk,bacon_anytime,1
Shes_the_Cheese,randomthreddish,2
Funkyalien,Thisisnotliz,6
Goatse_Wan_Kenobi,randomthreddish,1
alphabeat,Shes_the_Cheese,4
Apollo86,ninjabk,2
Shes_the_Cheese,alphabeat,3
alphabeat,Apollo86,1
greensuite,grahampaige,2
Funkyalien,grahampaige,12
The_Lebanese_Blonde,randomthreddish,1
grahampaige,Funkyalien,7
grahampaige,greensuite,2
grahampaige,CentreForAnts,1
Steve00,Shes_the_Cheese,19
ninjabk,Steve00,6
Steve00,ninjabk,8
grahampaige,ninjabk,4
ninjabk,grahampaige,4
circly,randomthreddish,1
CaptainWigwam,ninjabk,2
ninjabk,CaptainWigwam,2
ninjabk,Apollo86,1
alphabeat,Steve00,4
alphabeat,CaptainWigwam,1
ninjabk,alphabeat,7
Funkyalien,ninjabk,7
ninjabk,Funkyalien,6
chanwa,continental-drift,1
Lamont-Cranston,_generica,1
dracaris,Shes_the_Cheese,1
dracaris,grahampaige,2
grahampaige,dracaris,3
Shes_the_Cheese,dracaris,1
Shes_the_Cheese,ninjabk,2
geoffersmash,lolsail,1
lolsail,geoffersmash,1
Goatse_Wan_Kenobi,Thisisnotliz,2
Goatse_Wan_Kenobi,Funkyalien,5
Goatse_Wan_Kenobi,grahampaige,4
Funkyalien,Goatse_Wan_Kenobi,6
nachomuncher,Deceptichum,1
jswkim,rowanm,1
acpartridge,rowanm,1
Bjwebb1991,emja,1
grahampaige,emja,3
kittykittyblahblah,emja,1
blahblahbush,emja,1
speedyleedy,emja,2
emja,grahampaige,2
schadenfreudeforeats,kittykittyblahblah,1
emja,speedyleedy,1
OZspankybear,speedyleedy,1
speedyleedy,OZspankybear,1
grahampaige,Bjwebb1991,1
barneyaffleck,emja,1
emja,barneyaffleck,1
bluedraoi,grahampaige,1
grahampaige,bluedraoi,1
AlaeSwords,Iforgotmypassword222,1
lololiver,Iforgotmypassword222,1
The9thInvisibleNinja,Iforgotmypassword222,1
Thewayisnarrow,Iforgotmypassword222,1
lolsail,The9thInvisibleNinja,1
kavgaci,Iforgotmypassword222,1
Piovrella,Iforgotmypassword222,1
The9thInvisibleNinja,lolsail,1
LessDoug,Iforgotmypassword222,1
Apollo86,Iforgotmypassword222,1
toula_from_fat_pizza,Iforgotmypassword222,1
col381,emja,1
Bremic,miffy303,1
TimN90,thomjrob,1
wildgazelle,StickEmInAStew,1
thomjrob,TimN90,1
Kid_Kaka,thomjrob,1
thomjrob,Kid_Kaka,1
NicoXY,Themirkat,1
Vertikar,Themirkat,1
pongomostest,Themirkat,1
quantummonkey25,Themirkat,2
Themirkat,quantummonkey25,2
Cozzie_nsfw,quantummonkey25,1
frigginbrownie,Themirkat,1
Themirkat,frigginbrownie,1
ninjabk,rykwon,1
superjaywars,Cozzie_nsfw,1
1stTimePosterr,rykwon,1
Hinxsey,Themirkat,1
Shes_the_Cheese,Themirkat,2
Shes_the_Cheese,Vertikar,1
dumblederp,rykwon,1
Themirkat,Shes_the_Cheese,2
Vertikar,Shes_the_Cheese,1
bsf91,trainology,1
Bjwebb1991,matthras,1
Goatse_Wan_Kenobi,trainology,2
Thisisnotliz,Goatse_Wan_Kenobi,2
ninjabk,NoodleBox,5
ninjabk,edeity,1
Thisisnotliz,ninjabk,2
grahampaige,kittykittyblahblah,2
Goatse_Wan_Kenobi,NoodleBox,3
Steve00,Thisisnotliz,3
Steve00,NoodleBox,1
Steve00,chanwa,2
Steve00,WarTapir,2
healspam,Steve00,1
Steve00,Goatse_Wan_Kenobi,4
NoodleBox,Steve00,2
NoodleBox,Goatse_Wan_Kenobi,4
Funkyalien,Steve00,5
Funkyalien,NoodleBox,4
edeity,Steve00,1
NoodleBox,Funkyalien,4
Steve00,Funkyalien,1
Funkyalien,eavingsrescue,2
alannah_rose,Funkyalien,1
Thisisnotliz,Funkyalien,4
Funkyalien,alannah_rose,1
eavingsrescue,Funkyalien,1
eavingsrescue,WarTapir,1
grahampaige,chanwa,1
grahampaige,WarTapir,1
chanwa,grahampaige,1
continental-drift,grahampaige,7
continental-drift,ninjabk,1
ninjabk,continental-drift,1
greensuite,NoodleBox,1
NoodleBox,greensuite,1
trainology,bsf91,1
trainology,Goatse_Wan_Kenobi,1
CentreForAnts,ninjabk,1
WarTapir,Steve00,1
WarTapir,eavingsrescue,1
lotus-codex,thomjrob,1
Shes_the_Cheese,zozozozozoz,36
alphabeat,Thisisnotliz,4
zozozozozoz,Shes_the_Cheese,40
alphabeat,mindsnare,2
mindsnare,alphabeat,1
alphabeat,Funkyalien,3
Steve00,alphabeat,3
Steve00,vaderlvr,4
ninjabk,zozozozozoz,3
Steve00,zozozozozoz,27
Thisisnotliz,alphabeat,4
Funkyalien,alphabeat,3
healspam,ninjabk,3
healspam,Shes_the_Cheese,1
healspam,continental-drift,1
zozozozozoz,ninjabk,1
rdmarshman,NoodleBox,2
NoodleBox,ninjabk,5
OboesBleat,Funkyalien,4
vaderlvr,Steve00,2
vaderlvr,healspam,1
rdmarshman,alphabeat,1
Shes_the_Cheese,Steve00,16
NoodleBox,rdmarshman,1
ninjabk,healspam,4
Goatse_Wan_Kenobi,continental-drift,2
continental-drift,Goatse_Wan_Kenobi,1
Goatse_Wan_Kenobi,ninjabk,2
Funkyalien,OboesBleat,5
LeonMcS,Piovrella,1
raybal5,LeonMcS,1
Have_a_smile_bot,OboesBleat,1
OboesBleat,Have_a_smile_bot,1
ninjabk,OboesBleat,1
raybal5,quantummonkey25,1
quantummonkey25,raybal5,1
Piovrella,LeonMcS,1
alphabeat,healspam,1
alphabeat,zozozozozoz,8
alphabeat,OboesBleat,5
zozozozozoz,alphabeat,7
ValleySherpa,chanwa,2
OboesBleat,alphabeat,3
lonely-little-eskimo,Roflcopter81,1
chanwa,ValleySherpa,2
ninjabk,rdmarshman,1
dirty_weka,ninjabk,1
famousninja,Roflcopter81,1
grahampaige,Roflcopter81,1
AngeloPappass,Roflcopter81,1
kittykittyblahblah,grahampaige,2
kittykittyblahblah,Funkyalien,1
kittykittyblahblah,NoodleBox,3
kittykittyblahblah,vaderlvr,2
kittykittyblahblah,ninjabk,3
vaderlvr,kittykittyblahblah,1
kittykittyblahblah,alphabeat,2
Shes_the_Cheese,vaderlvr,3
Shes_the_Cheese,grahampaige,4
alphabeat,kittykittyblahblah,1
Janny90,Roflcopter81,1
dracaris,NoodleBox,2
NoodleBox,dracaris,2
NoodleBox,kittykittyblahblah,3
ninjabk,kittykittyblahblah,4
GTR34mh,continental-drift,1
kittykittyblahblah,IowaContact,2
daybeforetheday,matthras,1
daybeforetheday,Thisisnotliz,1
Livia6151,Roflcopter81,1
virusporn,kittykittyblahblah,6
kittykittyblahblah,virusporn,6
grahampaige,Shes_the_Cheese,6
DM_90,Piovrella,1
Goatse_Wan_Kenobi,alphabeat,1
IowaContact,kittykittyblahblah,2
edeity,IowaContact,1
shniken,chanwa,1
Goatse_Wan_Kenobi,vaderlvr,2
Thisisnotliz,col381,1
Thisisnotliz,TheMoistMuffin,1
NoodleBox,TheMoistMuffin,1
Thisisnotliz,NoodleBox,5
NoodleBox,Thisisnotliz,4
eavingsrescue,Goatse_Wan_Kenobi,1
Supersnazz,Roflcopter81,1
autowikibot,Supersnazz,1
ninjabk,Goatse_Wan_Kenobi,2
jbdc99,Thisisnotliz,1
ninjabk,Thisisnotliz,2
Funkyalien,kittykittyblahblah,1
idownvoteforlols,Roflcopter81,1
Em1skies,NoodleBox,6
Goatse_Wan_Kenobi,OboesBleat,1
OboesBleat,Goatse_Wan_Kenobi,1
greensuite,OboesBleat,1
OboesBleat,greensuite,1
TheMoistMuffin,Thisisnotliz,1
LeonMcS,Roflcopter81,1
kittykittyblahblah,eavingsrescue,1
kittykittyblahblah,gumtree23,1
kittykittyblahblah,OboesBleat,1
OboesBleat,kittykittyblahblah,1
harchickgirl1,OboesBleat,1
dishwasherlove,eavingsrescue,1
kittykittyblahblah,pskipw,1
gumtree23,kittykittyblahblah,1
NoodleBox,Em1skies,6
bigroly,Roflcopter81,1
Reqel,chanwa,1
chanwa,Reqel,1
1luv8008135,Roflcopter81,1
typewritertrew,LeonMcS,1
haruka-saruwatari,Roflcopter81,1
LeonMcS,typewritertrew,1
Thisisnotliz,bsf91,2
grahampaige,bsf91,3
chanwa,sikballz,1
bsf91,NoodleBox,1
NoodleBox,bsf91,1
zozozozozoz,sikballz,1
Aptrgangr,ninjabk,1
Steve00,bsf91,1
ninjabk,Aptrgangr,1
Thisisnotliz,Steve00,2
zozozozozoz,Steve00,23
grahampaige,ValleySherpa,1
Funkyalien,sikballz,1
Funkyalien,Aptrgangr,1
bsf91,Thisisnotliz,1
grahampaige,Aptrgangr,1
healspam,sikballz,1
alphabeat,edeity,1
bsf91,grahampaige,2
edeity,alphabeat,1
kittykittyblahblah,spuddaman,1
Funkyalien,edeity,1
edeity,Funkyalien,1
ValleySherpa,kittykittyblahblah,1
kittykittyblahblah,ValleySherpa,1
Goatse_Wan_Kenobi,alannah_rose,1
Funkyalien,WarTapir,2
andrewinmelbourne,spuddaman,1
atregent,Goatse_Wan_Kenobi,8
atregent,zozozozozoz,41
Goatse_Wan_Kenobi,atregent,6
CentreForAnts,Aptrgangr,1
Shes_the_Cheese,Goatse_Wan_Kenobi,3
Shes_the_Cheese,plebsupreme,1
edeity,1058am,1
Funkyalien,plebsupreme,1
grahampaige,atregent,9
grahampaige,Thisisnotliz,1
OboesBleat,zozozozozoz,7
sikballz,healspam,1
daybeforetheday,Aptrgangr,1
WarTapir,Funkyalien,1
post_rock0,dfbowen,1
dilbot2,dfbowen,1
mindsnare,dilbot2,1
nthfitz,dfbowen,1
blahblahbush,dfbowen,1
ryashpool,post_rock0,1
ryashpool,mindsnare,1
MakesThingsBeautiful,nthfitz,1
Jonne,MakesThingsBeautiful,1
post_rock0,Jonne,1
theduncan,Freddie_AppsHero,1
Freddie_AppsHero,theduncan,1
dracaris,dfbowen,1
THE_BEST_ANSWER,Freddie_AppsHero,1
Ttoctam,krackpot,1
Corrupt_Individual,krackpot,1
doctor_seuss,krackpot,1
